File,794695,945721,8465072,12618492,20214831,20999981,22177502,22994551,23553730,24472132,25693282,25821356,25897435,25940641,25963856,26834776,28176987,28906465,30597694,30822218,30972374,32331128,32623333,33055549,33135194,34094724,34768779,36227219,37749959,38096911,39897844,40067619,40352693,40604299,40925887,41536249,42510888,42569198,43019337,47992126,49100561,51877583,52736381,52975520,53334382,55482997,57552116,57798273,58374966,59524706,60252529,61270735,61634536,62552349,62648441,64367166,64489209,65107757,66154344,68979118,69151701,69569991,70724896,75281385,76197212,76225956,79753992,80862068,81647059,81860959,82341423,84167314,86168724,88870358,90233061,91925221,93350436,94761111,95656300,95671622,96066368,96423170,96956807,100119657,101593344,114044206,123042176,123986340,125217315,128091149,129371328,134120927,134954386,135069683,135782947,139272125,144415967,146868029,150383104,155010707,156393615,160059197,160659354,161521811,162988060,163614757,164799361,169001284,176663017,183115415,189895266,195369385,196757095,197700578,198189594,203656084,206912999,208279736,218099040,218526813,219049295,222824120,227108149,229865466,230097513,230580525,231083817,231497380,231970972,233808043,234586270,234669118,234866000,235832375,237413240,238452879,238867925,240492997,241229843,241666095,243319382,243429263,246415736,247085273,249449454,251395294,251717831,251799369,252413333,253297807,253766808,254108070,254748618,255293339,255799705,256773287,257106582,257513036,259533576,261914244,262346368,262454953,262912800,263691205,264514479,264628404,267932188,268366947,268557840,270479707,270906614,271157909,271739194,275725843,278855391,279177113,279781693,280777389,281289188,284628430,285607620,286876100,287350897,288715240,290268568,290301230,292683893,293213181,294037425,294823376,294864398,295340462,296433109,300928318,301117918,302258234,302662448,303420630,304705046,304796892,307701289,308817567,309106296,309303548,309800804,309984509,310445971,310492568,317569543,319450103,320431059,320884945,321447612,321647306,322956056,322987477,323127182,326509990,327078534,327994124,332456403,333194654,333794696,335518656,336950490,338167123,340007841,340737708,343104919,344215167,346073826,347096222,347524374,347613520,349944244,350854412,351067358,351327876,351687363,352884478,353824529,355248546,356418350,357813572,357971946,362257288,363847840,363979395,368368493,373115502,376466499,377660514,380053409,380479475,381572221,382156129,382947784,386731248,391823594,392169870,393642659,394418954,404439154
F1,1538,1274,1576,1786,1103,1265,1388,1674,955,1067,722,845,1066,1543,932,899,759,1238,1815,1505,652,2172,1319,2467,1318,803,1491,980,949,1043,996,902,898,1263,1255,2101,688,1183,974,552,1359,973,961,1421,1201,1085,1006,1033,824,960,1450,1555,1247,1752,1264,2201,834,1195,1996,945,1147,1148,908,975,1161,2323,1514,1362,1378,1183,1075,1879,758,1047,773,1194,1110,942,1466,1896,755,828,1386,1224,1497,2139,1061,422,687,909,844,1541,851,2264,998,747,1302,1418,1786,1054,1095,1214,1443,3254,750,752,998,1189,807,1607,897,790,1992,1651,844,870,1455,840,824,971,997,1115,528,806,937,963,763,738,639,1560,1543,893,1333,1560,747,859,1532,1076,1130,1114,925,1205,1507,1224,938,799,1116,1138,1227,1164,1095,955,797,606,1025,830,1529,1187,960,1716,992,1526,975,1032,1535,1262,1009,1004,832,1122,1383,888,1375,1006,1058,1269,1355,786,1424,1595,2106,1154,1347,957,523,799,993,646,1475,1576,647,946,852,999,921,1068,802,959,1135,1466,1359,950,1342,1221,1032,769,970,1424,881,770,928,802,1188,1135,1025,1141,833,1051,904,1142,651,1386,811,1069,1093,1102,732,1119,1085,1241,1538,1383,1294,866,1012,1793,977,1288,1011,1330,1208,808,1094,1269,1046,698,2180,1424,1557,1297,880,1053,1140,909,1118,941,1050,1491,850,1038,1078,1482,1127
F2,1039,1305,1013,1270,1008,962,787,908,910,848,870,678,1093,1265,620,1100,780,1279,434,760,987,1123,904,507,1131,734,1825,1135,955,1022,742,1170,873,910,682,902,534,542,947,693,1152,964,883,1485,906,895,1262,787,872,724,925,745,740,190,841,228,1013,1160,739,740,973,1004,527,1236,868,770,897,845,916,804,748,523,534,846,684,790,726,1169,889,213,825,681,965,984,1008,863,819,562,561,617,766,107,623,222,659,718,447,768,378,1178,631,682,1107,202,527,482,640,823,867,975,874,554,298,265,912,801,761,1147,622,987,848,783,453,782,980,912,629,899,943,1211,206,650,702,193,852,730,1016,1090,495,972,781,922,1112,1269,702,747,633,765,1076,864,834,844,821,770,570,625,305,869,914,758,743,946,888,848,990,632,815,1186,1134,865,1204,756,1027,930,837,953,906,699,898,849,333,808,1216,755,414,793,1162,616,398,496,593,779,808,800,938,861,871,961,846,888,790,479,1049,865,731,585,755,511,1122,821,897,802,947,801,729,558,847,630,665,651,477,668,667,883,987,1086,763,597,830,969,835,758,567,505,997,941,1012,838,966,137,887,577,823,744,1035,879,1492,956,777,754,516,1125,760,807,1043,785,1363,817,1004,874,815,537,731
F3,370,536,422,458,405,461,325,403,347,377,298,327,578,593,289,475,344,493,200,369,395,510,335,196,641,302,934,603,464,461,337,574,383,360,365,326,317,313,534,313,527,464,402,670,272,456,572,488,353,317,544,345,308,55,456,135,421,518,369,396,491,522,260,585,448,251,397,364,505,397,393,283,216,461,397,381,389,458,381,95,447,308,397,386,420,457,414,237,248,310,312,20,285,73,296,305,272,359,227,557,256,393,591,48,304,246,318,457,448,351,408,223,94,149,360,455,341,564,389,480,481,546,245,311,478,524,376,408,386,653,97,311,365,102,344,333,315,457,224,458,343,393,365,604,301,385,379,299,479,464,478,420,414,320,334,344,163,370,391,379,447,506,473,439,448,349,324,526,565,365,494,352,470,524,396,521,511,303,567,404,139,386,604,319,178,369,554,250,220,230,342,409,330,402,499,401,456,483,307,468,412,310,528,409,297,303,351,289,620,368,471,426,463,374,330,257,508,320,318,313,280,305,316,438,568,614,356,337,367,474,375,374,277,305,554,343,425,412,419,59,582,277,378,321,495,347,405,403,368,454,241,568,384,386,407,310,640,452,453,483,411,206,463
F4,174,271,171,211,184,232,136,156,157,170,170,173,288,252,148,205,149,253,85,179,197,217,192,100,290,157,425,276,228,217,168,280,192,165,158,123,171,175,253,135,215,218,186,252,113,209,264,230,176,163,278,166,136,23,229,79,232,259,164,195,225,282,119,298,240,79,170,165,236,171,191,153,103,237,204,179,201,286,142,58,226,153,185,216,166,213,231,113,122,165,178,6,129,50,141,145,120,179,124,249,120,196,257,32,140,116,167,217,207,145,199,131,71,100,177,231,149,289,188,255,246,276,127,152,278,235,175,208,207,310,37,149,181,63,161,175,149,229,122,219,188,198,165,272,128,180,189,163,228,224,223,208,204,166,162,172,87,186,215,186,184,249,234,220,181,165,167,293,246,187,231,187,236,259,197,264,236,157,264,172,84,192,317,167,79,203,283,121,120,122,153,204,139,192,272,179,233,245,155,218,179,140,235,217,134,157,172,135,329,194,240,192,196,207,167,107,245,172,144,145,143,144,156,213,288,315,183,169,188,201,158,183,133,127,269,128,204,176,208,39,252,150,200,162,235,167,163,208,162,224,122,275,192,189,193,123,282,208,241,248,218,92,221
F5,95,171,69,127,100,144,55,57,101,109,113,104,149,112,117,96,76,174,45,90,142,101,142,42,138,108,190,140,128,134,100,184,114,88,51,51,124,121,159,78,84,123,102,124,75,113,166,120,111,93,142,86,73,18,147,14,173,142,73,121,144,166,73,194,150,20,90,79,105,95,93,98,62,143,126,106,107,223,52,44,154,97,93,175,64,78,160,59,75,105,130,6,69,39,68,79,71,94,69,111,71,98,135,15,89,63,106,118,101,65,128,96,48,72,131,129,75,176,102,178,146,148,76,98,201,94,80,142,148,157,27,81,100,34,106,129,60,138,73,112,131,121,89,137,71,92,99,114,136,120,147,124,129,122,110,94,53,117,155,98,80,132,135,129,99,79,117,195,128,118,123,120,160,142,122,176,130,107,132,95,53,108,215,113,46,118,181,81,80,63,87,119,63,95,183,108,133,147,90,114,84,68,98,138,79,111,107,75,203,144,134,101,99,141,103,52,137,111,84,76,79,90,96,136,147,156,111,88,114,110,69,99,73,68,148,52,145,58,148,19,109,97,136,87,114,112,5,144,79,131,88,177,113,144,123,62,200,122,165,150,136,58,118
F6,21,15,38,19,15,13,21,31,14,24,4,16,37,79,12,25,27,32,16,20,23,43,16,5,52,17,29,30,27,30,25,33,19,24,30,27,24,4,27,21,19,24,32,27,10,21,32,23,22,17,30,20,16,1,22,2,19,31,18,12,21,24,15,29,17,31,24,26,17,29,19,29,13,22,27,28,21,24,34,3,16,11,31,13,40,35,17,15,9,18,6,0,20,1,22,34,15,6,6,23,26,29,28,0,13,32,20,23,30,26,20,13,1,6,11,29,47,35,26,37,25,27,21,20,26,29,16,29,14,29,5,19,23,2,28,14,5,32,27,25,21,21,25,46,14,24,13,17,25,32,29,32,21,6,26,16,5,28,19,20,33,24,22,22,37,14,17,22,38,16,36,14,18,20,20,28,25,15,39,44,2,12,38,10,8,15,29,11,34,16,23,22,23,26,15,21,16,15,24,29,22,31,35,23,25,25,19,11,21,13,28,32,28,22,13,19,22,19,26,17,14,13,20,23,21,29,14,29,13,21,41,8,13,36,17,39,25,52,36,3,46,14,17,10,33,11,3,18,23,24,8,20,23,17,38,22,32,34,24,20,27,19,34
F7,154,201,179,172,161,140,176,160,191,133,131,146,267,192,151,184,148,134,68,160,139,169,122,111,248,131,274,243,166,188,131,183,160,137,150,125,107,122,174,133,201,162,160,208,116,192,176,210,151,128,213,152,153,16,188,117,151,229,143,176,197,192,104,225,195,136,177,151,246,147,158,111,107,173,148,171,188,261,177,36,181,138,156,127,160,195,183,114,121,138,109,4,150,55,171,142,82,173,94,213,118,223,226,44,147,113,139,167,202,149,117,117,44,59,110,175,174,211,172,157,327,163,83,131,178,216,132,158,131,300,34,143,144,47,136,177,168,169,104,187,149,178,192,179,119,199,194,112,187,153,178,125,151,132,166,132,91,142,161,186,173,169,225,182,139,124,138,226,228,167,201,131,171,221,174,192,187,102,220,163,58,188,231,119,55,174,220,113,74,118,129,159,112,199,189,117,175,210,113,186,176,161,150,186,106,158,141,115,239,143,181,145,169,173,159,95,132,152,103,109,104,124,117,152,232,236,135,157,139,181,167,184,126,89,233,144,169,141,152,49,245,111,172,161,220,172,256,152,160,164,88,211,150,138,112,137,249,177,176,225,209,94,178
F8,108,106,94,141,106,69,98,125,121,62,89,81,189,127,110,144,83,67,52,84,79,113,71,81,140,71,192,123,95,120,73,112,65,94,62,87,70,57,118,93,84,90,101,144,72,73,111,100,95,78,116,93,76,12,118,67,112,124,78,104,123,111,47,148,109,72,109,105,121,91,98,67,56,78,95,99,120,151,120,15,157,67,92,67,163,127,127,64,81,80,63,4,80,32,102,84,45,88,44,124,74,140,107,18,70,58,78,90,102,107,84,53,21,36,68,109,136,119,89,86,194,86,48,90,108,116,71,84,94,169,22,65,114,21,79,100,53,108,82,101,110,127,122,141,73,116,132,68,105,75,105,89,88,80,121,93,53,82,92,138,79,107,118,121,81,97,81,134,111,103,144,77,111,125,107,101,139,66,117,98,31,87,136,68,40,98,128,68,41,69,91,75,72,133,86,85,99,96,54,109,88,118,95,95,87,105,88,67,138,86,107,97,83,85,107,57,106,83,67,70,59,83,70,87,109,115,78,97,94,92,107,98,74,58,75,100,113,84,94,34,165,74,105,85,120,115,90,89,108,88,56,138,89,94,57,94,150,110,101,128,136,60,94
F9,32,55,43,41,62,44,62,30,53,35,38,36,42,34,34,53,36,51,13,51,52,20,37,14,96,45,73,66,57,43,43,42,64,42,24,42,21,30,46,46,57,51,24,71,60,80,47,69,49,42,33,46,54,5,32,0,43,55,39,36,73,32,35,63,42,62,34,40,77,31,60,8,36,39,52,42,56,123,32,11,42,54,41,47,42,30,50,41,34,39,39,0,55,11,36,50,20,23,12,39,27,59,77,19,49,33,43,46,40,15,41,61,17,16,32,72,32,70,38,66,114,50,18,40,55,81,40,47,37,43,6,53,36,5,32,69,30,52,13,81,35,29,63,41,24,43,39,29,46,50,69,38,33,40,38,25,19,47,52,10,50,47,79,44,60,48,52,71,74,52,53,29,42,43,56,51,48,40,66,58,8,79,61,37,18,48,50,30,13,21,35,36,34,37,75,22,30,87,34,52,52,22,37,65,21,39,30,44,60,41,69,51,53,61,21,42,67,50,44,27,58,19,36,42,84,67,24,35,43,51,34,37,30,19,87,32,49,19,39,6,58,34,44,34,52,63,22,44,32,39,24,70,39,40,48,18,96,59,56,53,36,21,52
F10,71,123,103,102,92,97,66,80,92,79,57,58,103,120,52,116,72,107,42,65,96,90,53,28,92,62,203,132,89,92,59,120,66,75,53,64,36,56,87,78,127,90,88,174,80,91,136,79,71,43,66,61,72,8,65,1,79,82,64,78,122,66,46,103,64,51,72,56,95,82,68,30,46,77,54,72,63,94,84,3,100,57,72,84,84,67,66,42,60,56,64,0,51,1,51,65,43,58,25,118,47,47,134,0,62,42,58,89,79,86,82,38,4,11,82,67,64,99,60,85,62,75,39,69,81,105,63,77,65,115,13,64,58,5,65,60,54,103,30,98,50,75,99,119,78,51,58,48,87,88,83,69,93,75,45,57,22,69,70,55,100,92,79,78,107,54,63,98,118,65,112,59,102,81,75,96,88,59,98,79,8,60,92,60,46,50,107,59,18,26,67,66,73,61,87,80,67,103,60,64,88,47,92,71,78,43,60,55,106,60,69,99,109,57,51,58,93,52,56,68,36,72,63,79,94,75,63,44,64,107,65,63,37,39,85,68,109,72,74,2,86,45,75,46,96,78,60,80,80,69,56,112,70,108,88,78,152,89,87,79,50,43,81
F11,142,192,148,204,149,125,116,159,114,129,81,87,96,174,69,103,114,179,85,112,108,148,96,112,165,92,176,111,145,114,125,111,152,137,86,164,49,51,108,84,154,147,109,221,156,144,134,76,106,94,108,115,90,73,83,46,138,165,105,79,114,105,96,138,96,160,138,123,100,123,123,77,96,89,67,119,98,168,134,74,78,107,145,110,155,110,89,90,63,69,103,45,102,71,84,110,60,134,66,153,98,115,107,106,59,70,71,102,99,148,117,105,97,46,140,130,113,111,81,133,131,77,25,118,85,103,68,115,125,118,66,81,86,52,123,99,87,146,63,156,88,141,135,164,81,74,83,85,136,95,101,112,71,98,85,67,68,117,115,101,93,91,108,127,162,96,112,125,137,131,147,85,129,91,119,110,108,91,117,129,68,108,150,112,55,80,128,68,21,83,73,75,126,87,106,100,72,130,133,120,114,73,135,135,101,61,88,88,109,78,128,98,128,131,82,95,96,109,132,100,85,88,79,118,139,129,69,81,111,111,118,77,78,67,135,138,115,119,120,45,95,71,91,91,128,124,129,122,93,83,55,120,91,71,168,125,190,111,106,79,77,105,87
F12,242,388,307,351,332,284,270,263,337,274,294,242,363,363,208,349,253,423,114,225,339,314,300,143,390,260,667,417,319,322,231,424,245,287,217,222,160,157,286,252,414,299,310,453,254,337,382,274,295,273,322,232,226,57,275,8,313,358,213,217,304,327,184,423,271,198,295,243,294,259,253,162,182,304,263,286,257,438,211,25,266,228,283,300,279,197,253,190,210,197,262,29,224,34,207,233,139,184,110,410,201,238,339,25,253,148,185,270,290,259,281,183,58,55,260,209,223,440,241,336,277,243,169,265,361,305,210,335,300,403,55,217,276,24,274,244,264,296,112,300,259,264,326,381,203,259,234,239,341,311,266,257,278,266,216,199,54,265,306,193,258,318,322,277,303,192,263,421,369,278,394,251,356,337,292,300,282,222,274,274,72,324,371,258,151,280,397,216,128,145,196,271,260,302,302,259,323,325,245,268,230,198,358,312,215,255,250,159,399,288,286,276,307,307,272,177,291,229,205,218,141,180,214,271,329,359,260,176,242,291,246,253,172,146,341,245,338,238,341,12,309,203,266,221,356,315,334,330,251,285,178,407,245,304,329,256,404,279,355,282,308,182,255
F13,402,548,469,541,466,418,359,379,425,430,435,324,522,550,258,506,405,595,169,346,492,407,417,240,534,365,848,556,386,456,298,568,364,418,318,339,220,212,393,322,556,459,407,695,371,420,595,353,422,321,460,340,352,81,395,46,407,508,324,307,459,436,247,628,400,336,391,359,436,386,380,174,233,404,320,354,307,578,383,67,362,306,427,456,426,292,365,273,273,284,349,38,297,70,299,350,195,243,158,564,278,275,466,98,275,248,249,380,416,381,405,230,106,101,375,298,290,583,279,454,386,305,218,386,493,396,275,507,390,545,65,296,329,52,387,301,422,477,187,422,377,375,514,581,295,308,289,338,515,451,392,367,424,367,228,293,111,369,395,275,343,419,416,369,424,260,355,542,534,386,559,373,488,435,390,422,402,285,367,372,130,389,488,376,213,383,530,316,141,214,254,370,386,365,404,391,407,450,336,419,318,204,473,423,305,282,334,214,533,394,372,367,445,388,303,228,398,292,260,281,222,276,295,373,453,508,342,234,361,494,346,330,220,205,467,399,461,344,443,32,387,274,378,330,453,398,659,449,369,359,235,511,354,428,463,354,634,380,471,423,388,244,335
F14,68,104,86,93,102,77,41,72,105,87,58,51,63,80,58,72,48,138,32,61,72,76,86,19,84,71,264,88,92,58,59,107,58,79,57,80,50,40,68,72,91,65,77,136,79,60,129,60,73,72,78,45,79,9,82,2,79,72,50,56,78,87,49,107,81,54,69,70,66,69,62,36,39,57,51,55,77,98,57,6,82,46,77,66,86,56,65,36,54,54,70,8,46,6,48,47,29,58,43,89,28,63,68,9,34,26,47,74,65,65,84,31,13,10,62,57,81,73,53,106,59,65,52,57,67,65,46,86,57,88,13,46,88,2,83,59,66,68,29,88,72,58,80,93,59,47,46,57,93,79,73,45,79,83,68,43,14,72,64,46,66,79,70,67,82,42,45,98,88,67,102,48,64,84,63,60,81,65,81,75,25,56,103,63,43,61,136,45,46,26,54,57,66,49,61,67,66,66,48,66,63,26,104,73,49,50,50,38,118,61,102,76,95,60,80,52,103,66,59,63,41,34,74,84,77,85,48,28,51,91,46,43,46,23,74,76,93,59,92,7,56,48,76,61,85,63,76,68,44,64,34,99,65,69,89,62,137,58,86,63,52,70,87
F15,184,302,240,252,226,223,217,203,245,217,213,187,298,297,134,267,206,294,105,193,252,238,229,160,318,196,393,320,221,275,167,325,186,223,158,158,112,121,220,183,327,239,234,338,191,281,269,206,206,200,259,193,176,55,234,40,224,295,165,179,234,230,131,331,205,165,241,168,217,206,176,133,128,253,207,218,178,320,168,51,186,177,211,236,207,151,185,163,163,143,188,30,180,67,158,162,115,144,95,323,156,190,267,74,200,118,137,205,230,217,215,143,82,70,214,145,153,331,190,244,209,171,116,208,284,235,185,270,227,326,51,180,196,51,207,170,193,227,93,220,189,208,227,268,146,208,191,187,271,241,190,209,193,192,150,166,69,225,229,163,223,246,244,234,249,154,223,318,280,226,286,210,263,278,210,265,207,152,203,196,81,221,285,193,110,213,244,158,78,134,149,209,205,245,222,207,239,247,189,224,169,168,265,256,156,188,199,127,327,231,173,207,234,246,185,112,186,169,133,164,101,160,141,203,233,270,202,152,191,251,190,193,130,116,268,177,237,178,235,21,250,154,219,162,285,235,233,265,202,237,147,323,189,246,248,190,298,236,274,232,251,115,171
F16,39,61,61,63,79,55,50,42,37,30,88,46,62,54,15,54,46,63,7,46,85,43,47,21,75,47,158,62,44,64,32,69,31,48,38,23,27,28,48,33,66,73,68,86,36,61,68,38,46,30,53,33,48,7,34,0,42,52,38,22,64,54,30,72,58,35,44,42,57,34,60,13,45,53,49,54,41,64,44,3,43,37,39,66,33,22,41,44,36,27,47,0,40,0,29,47,17,24,23,75,37,26,57,5,46,22,28,44,56,30,35,46,4,9,37,31,36,99,40,36,59,35,35,46,70,54,31,58,48,78,1,25,42,0,33,36,79,46,16,47,56,39,54,88,41,42,37,38,58,72,45,55,54,48,35,33,13,37,58,31,34,43,45,28,44,23,38,68,70,40,73,54,79,66,60,43,35,32,45,66,9,59,44,61,32,51,76,49,12,29,18,49,45,45,65,41,51,78,35,44,34,28,52,66,35,39,51,29,50,43,44,31,38,48,33,34,52,52,26,39,41,31,47,56,58,62,48,25,45,33,36,55,17,23,48,53,49,54,65,3,59,31,32,43,62,57,115,70,58,41,33,47,48,63,41,42,70,55,56,36,35,30,53
F17,132,176,104,168,128,139,105,78,123,116,116,92,149,163,75,176,100,160,45,95,117,128,119,39,147,116,264,187,94,144,75,164,101,109,79,94,68,52,132,101,148,147,110,223,104,127,187,105,132,91,123,95,115,9,123,1,107,133,111,83,148,120,58,149,116,47,102,109,160,93,76,62,79,104,93,98,105,142,90,7,116,107,106,129,126,94,112,67,85,63,111,2,90,1,79,84,46,92,37,159,73,93,172,4,81,69,87,96,125,112,111,73,10,16,109,91,84,186,66,130,130,90,67,118,130,113,72,126,111,142,10,98,83,6,91,108,143,138,38,129,96,109,161,155,98,115,92,90,157,134,115,103,113,110,90,68,18,115,122,65,79,138,139,93,104,72,99,166,165,118,191,114,125,117,119,110,119,100,125,123,19,111,159,87,44,90,133,62,35,56,64,92,108,111,136,107,127,104,102,130,89,54,116,114,80,74,77,53,162,121,99,79,119,119,80,57,111,69,80,98,56,92,85,130,115,167,82,91,92,146,96,92,73,64,132,115,123,87,95,6,124,84,120,106,111,100,242,139,118,102,66,194,102,128,98,103,209,102,137,113,107,59,109
F18,351,309,293,353,237,233,224,259,250,214,252,148,297,318,179,258,190,325,103,150,278,363,221,80,274,180,362,246,236,259,211,241,210,232,157,314,132,133,229,186,275,214,237,375,271,213,293,181,205,192,171,186,194,28,190,10,266,307,177,205,233,247,122,314,241,312,237,243,232,191,161,137,118,183,156,190,175,356,296,18,232,161,283,285,268,212,189,191,116,144,193,16,149,11,176,215,86,220,57,270,164,160,252,9,113,118,182,191,206,290,198,148,18,40,235,220,237,266,132,229,231,140,98,200,233,241,126,188,263,292,28,157,157,13,222,195,349,283,190,250,240,246,310,326,197,197,124,233,240,164,205,221,193,203,137,124,36,224,201,252,179,255,220,169,268,136,216,281,295,228,331,195,250,227,195,223,205,164,171,189,44,195,292,198,111,200,317,168,55,92,172,186,206,170,219,228,206,219,235,213,205,102,261,188,218,135,230,116,227,195,237,217,241,174,199,161,183,155,175,150,100,160,167,209,206,245,206,146,221,237,219,189,152,131,217,304,252,248,266,11,178,128,195,199,280,258,523,228,174,150,137,239,155,179,293,225,325,193,260,245,200,150,148
F19,87,129,103,110,92,99,61,78,93,79,90,74,142,101,59,130,66,149,28,75,99,94,109,44,125,74,221,102,75,112,59,131,81,98,70,70,50,60,67,69,107,90,89,143,87,71,146,81,98,59,83,80,73,8,97,4,96,121,84,65,115,94,46,151,58,77,89,79,88,83,56,26,48,92,69,54,60,107,84,9,59,79,72,108,111,85,94,52,65,62,67,6,65,6,65,56,47,53,25,112,60,64,128,17,51,52,67,75,68,91,76,58,10,19,90,56,70,148,46,120,96,83,64,77,82,81,62,102,101,126,19,68,60,10,102,74,74,116,29,94,84,81,127,109,54,85,59,86,155,90,79,90,80,71,35,86,12,92,103,53,74,102,86,96,89,58,80,112,115,60,105,78,100,87,96,90,87,76,66,97,30,79,130,67,36,83,110,82,53,48,41,90,67,94,79,86,74,107,77,86,71,27,97,93,54,50,68,49,142,89,101,76,91,75,62,44,102,52,49,55,68,75,67,84,109,133,63,45,78,114,75,80,61,49,110,92,102,86,83,9,76,55,106,67,98,79,126,121,82,63,43,113,75,88,98,59,157,82,100,81,96,42,61
F20,116,131,116,112,106,93,73,113,100,89,99,69,146,127,89,129,112,140,43,89,123,131,123,63,139,81,160,123,92,124,78,142,102,108,76,70,65,66,86,75,117,98,97,117,91,82,139,103,114,51,117,95,64,21,110,23,121,136,83,107,116,96,62,167,99,99,85,93,98,100,94,19,47,96,84,91,85,193,96,38,114,79,98,106,125,105,103,82,53,94,80,10,70,52,87,111,47,46,34,113,61,71,114,33,56,79,82,100,84,100,100,58,46,42,84,93,74,150,78,116,133,87,60,79,116,125,64,119,109,118,25,86,74,32,111,103,63,158,81,120,111,91,133,156,66,69,68,91,120,116,114,110,113,62,58,103,54,90,90,88,87,104,98,95,105,79,90,149,130,79,121,101,120,100,106,109,118,74,108,93,61,103,114,88,56,116,141,103,90,76,91,106,92,76,106,87,100,106,89,98,90,40,112,82,84,79,101,49,123,97,121,113,100,88,66,52,109,80,58,64,75,70,76,77,117,138,84,46,81,102,90,99,60,67,126,102,113,82,110,30,103,62,99,68,106,105,89,93,73,79,49,98,99,91,128,91,187,80,112,140,111,57,78
F21,92,110,96,144,95,75,78,68,100,95,119,61,128,125,48,126,72,100,29,70,79,95,100,44,115,87,136,126,77,99,64,109,81,72,57,64,53,35,96,80,89,96,74,151,87,79,126,83,101,75,87,71,69,7,79,58,83,85,86,54,75,62,40,114,65,51,74,81,92,79,71,25,44,72,61,55,62,90,76,6,49,57,75,96,90,62,71,39,61,44,63,1,63,7,65,72,45,62,33,117,55,49,107,6,55,58,76,75,86,77,76,49,8,16,82,44,52,107,39,99,83,57,45,90,90,84,49,96,71,96,9,63,64,12,92,54,169,86,31,86,75,73,128,130,67,88,57,61,112,92,97,67,87,77,58,53,16,70,97,59,51,87,82,65,92,61,79,106,108,89,95,81,81,83,66,89,78,55,71,84,17,79,115,78,43,80,86,50,14,45,31,71,81,89,94,69,65,90,62,87,61,38,73,80,65,44,55,45,101,66,74,60,92,74,54,36,86,59,52,52,49,60,59,74,96,103,62,62,68,112,67,68,45,37,84,82,94,53,90,6,70,60,74,87,84,67,293,85,95,64,44,98,58,89,90,57,147,80,91,75,71,55,57
F22,67,66,57,80,78,50,42,48,43,31,48,34,72,46,50,64,40,55,24,62,54,56,62,62,41,44,97,41,53,59,28,61,32,54,45,59,21,36,41,38,44,53,61,78,53,44,52,48,33,53,40,51,43,8,39,30,44,46,34,55,75,52,24,73,45,39,46,47,39,37,31,37,27,50,52,43,40,71,45,24,82,47,79,34,76,95,45,33,20,37,26,2,33,26,57,63,28,20,30,55,37,26,91,25,16,34,41,28,38,49,69,32,30,32,54,56,53,55,28,53,48,42,26,46,35,37,38,41,45,48,14,47,50,14,46,41,33,41,59,66,58,46,79,72,41,26,37,38,53,45,49,43,46,47,59,54,33,50,36,57,34,53,51,63,74,44,48,75,59,45,53,28,44,57,56,34,42,41,49,55,31,45,62,42,16,40,88,40,73,30,53,22,28,28,45,47,37,48,44,57,60,32,70,43,37,37,39,26,63,42,46,55,49,37,49,25,41,43,39,35,27,35,37,34,31,38,33,23,55,40,52,40,30,16,55,57,52,44,73,11,45,32,58,43,61,47,37,36,21,28,31,57,52,36,56,38,80,43,44,68,31,35,34
F23,20,39,17,28,25,28,24,30,20,25,23,24,26,18,15,31,23,35,10,35,21,26,15,14,53,16,57,22,35,29,21,18,29,32,24,17,7,18,19,11,19,34,24,30,28,55,16,41,23,35,15,27,33,6,15,3,37,22,27,25,38,30,25,26,27,16,17,20,33,19,47,16,22,26,19,33,33,82,14,6,29,27,26,16,33,34,32,27,8,36,29,0,27,3,27,25,10,7,8,19,21,25,34,1,22,30,52,21,28,20,32,43,4,11,22,34,33,27,30,30,52,25,8,31,27,45,20,18,18,22,5,42,33,2,18,58,5,43,27,79,30,25,29,32,14,11,30,14,17,28,41,25,29,36,47,23,4,18,23,26,30,44,45,36,47,26,32,20,23,37,26,24,28,19,40,37,32,31,41,25,3,26,36,22,12,25,42,12,7,4,43,8,9,14,34,11,15,44,19,25,53,23,38,29,30,23,19,30,35,21,48,30,24,33,16,28,39,50,40,18,44,13,23,15,51,34,16,22,31,20,18,6,23,20,42,16,12,24,38,1,45,18,28,20,24,35,5,22,8,15,20,42,20,16,24,17,58,28,22,30,22,20,26
F24,20,14,13,20,15,9,4,12,8,8,17,4,16,10,16,13,16,8,2,7,12,10,6,8,13,10,17,10,15,16,6,22,10,2,2,10,11,14,11,12,13,12,19,17,17,7,13,12,3,7,8,20,9,2,6,1,2,5,10,22,24,3,13,20,18,13,9,9,11,8,6,15,12,12,17,1,11,34,8,3,48,18,28,1,20,14,14,17,2,18,8,2,7,2,19,32,7,9,5,8,6,10,23,2,3,17,6,7,4,5,13,6,1,5,9,18,7,11,9,18,18,10,6,10,3,10,10,7,9,10,9,9,8,2,10,11,9,12,38,22,29,7,29,28,20,12,11,6,9,9,12,13,9,9,17,12,2,2,7,17,9,11,11,15,16,13,12,19,15,14,5,1,5,14,16,3,7,7,15,10,2,10,12,10,2,15,21,9,6,5,22,6,6,3,11,10,6,6,6,11,6,8,8,5,5,5,10,8,11,13,10,18,15,15,15,7,11,17,10,10,10,5,7,14,15,7,7,3,13,10,16,10,6,2,14,12,10,5,11,1,11,8,3,11,7,14,3,5,1,8,5,10,13,4,15,8,33,9,7,32,6,5,10
F25,11,12,12,10,15,12,7,1,9,5,18,7,13,2,8,5,6,8,2,2,9,8,16,6,7,12,16,10,9,9,6,9,4,14,5,12,3,5,8,6,0,9,3,13,3,12,10,7,7,6,12,9,7,0,7,1,10,8,8,11,15,5,2,12,9,4,7,7,7,9,6,2,1,11,8,5,4,14,6,5,14,12,11,7,10,10,3,4,8,2,6,0,3,0,6,5,2,2,5,10,7,1,21,2,4,2,8,5,3,19,8,15,0,2,10,14,6,8,6,8,11,16,2,11,10,6,5,10,8,9,0,11,10,1,11,4,15,4,3,14,7,10,14,10,5,3,6,10,27,17,12,2,9,14,8,15,6,11,4,8,7,13,6,9,11,13,7,12,12,4,10,7,6,15,11,6,7,5,8,8,6,13,10,3,8,4,19,7,4,3,6,5,3,3,11,8,11,8,9,15,15,3,15,10,6,8,9,5,21,10,9,13,6,5,6,2,9,8,8,8,8,8,10,8,1,8,4,5,9,7,2,7,4,3,10,11,14,6,12,0,11,6,16,11,9,9,21,7,5,7,3,15,8,9,11,8,17,8,9,9,2,4,6
F26,0,0,0,0,0,0,0,0,0,0,0,0,0,0,0,0,0,0,0,0,0,0,0,0,0,0,0,0,0,0,0,0,0,0,0,0,0,0,0,0,0,0,0,0,0,0,0,0,0,0,0,0,0,0,0,0,0,0,0,0,0,0,0,0,0,0,0,0,0,0,0,0,0,0,0,0,0,0,0,0,0,0,0,0,0,0,0,0,0,0,0,0,0,0,0,0,0,0,0,0,0,0,0,0,0,0,0,0,0,0,0,0,0,0,0,0,0,0,0,0,0,0,0,0,0,0,0,0,0,0,0,0,0,0,0,0,0,0,0,0,0,0,0,0,0,0,0,0,0,0,0,0,0,0,0,0,0,0,0,0,0,0,0,0,0,0,0,0,0,0,0,0,0,0,0,0,0,0,0,0,0,0,0,0,0,0,0,0,0,0,0,0,0,0,0,0,0,0,0,0,0,0,0,0,0,0,0,0,0,0,0,0,0,0,0,0,0,0,0,0,0,0,0,0,0,0,0,0,0,0,0,0,0,0,0,0,0,0,0,0,0,0,0,0,0,0,0,0,0,0,0,0,0,0,0,0,0,0,0,0,0,0,0
F27,0,0,0,0,0,0,0,0,0,0,0,0,0,0,0,0,0,0,0,0,0,0,0,0,0,0,0,0,0,0,0,0,0,0,0,0,0,0,0,0,0,0,0,0,0,0,0,0,0,0,0,0,0,0,0,0,0,0,0,0,0,0,0,0,0,0,0,0,0,0,0,0,0,0,0,0,0,0,0,0,0,0,0,0,0,0,0,0,0,0,0,0,0,0,0,0,0,0,0,0,0,0,0,0,0,0,0,0,0,0,0,0,0,0,0,0,0,0,0,0,0,0,0,0,0,0,0,0,0,0,0,0,0,0,0,0,0,0,0,0,0,0,0,0,0,0,0,0,0,0,0,0,0,0,0,0,0,0,0,0,0,0,0,0,0,0,0,0,0,0,0,0,0,0,0,0,0,0,0,0,0,0,0,0,0,0,0,0,0,0,0,0,0,0,0,0,0,0,0,0,0,0,0,0,0,0,0,0,0,0,0,0,0,0,0,0,0,0,0,0,0,0,0,0,0,0,0,0,0,0,0,0,0,0,0,0,0,0,0,0,0,0,0,0,0,0,0,0,0,0,0,0,0,0,0,0,0,0,0,0,0,0,0
F28,21,37,42,30,45,58,33,29,27,41,56,26,97,51,33,34,38,83,26,49,59,35,67,15,77,23,37,64,59,54,39,36,39,39,46,29,26,17,47,25,46,57,21,41,38,61,40,54,39,29,40,39,33,8,57,9,71,52,43,54,56,43,42,54,54,30,55,33,50,28,53,17,35,52,54,32,40,82,34,9,47,51,47,55,52,56,50,51,28,55,53,0,33,16,43,25,20,21,20,53,39,56,44,4,37,40,73,46,47,28,46,81,6,16,45,50,32,65,47,51,64,57,21,25,55,55,49,38,54,49,15,54,33,9,34,71,22,62,30,82,54,49,36,56,16,35,37,57,67,55,64,48,28,49,60,43,16,39,55,30,54,59,69,34,59,34,53,60,56,46,26,32,39,61,86,59,45,46,43,44,10,41,102,23,26,41,53,35,9,18,50,37,32,43,68,31,46,55,35,45,45,35,46,47,28,38,31,42,65,42,53,61,38,61,27,46,53,61,56,30,63,37,23,58,59,54,39,42,42,38,29,32,28,26,53,22,28,31,52,4,80,27,46,40,50,36,16,60,44,50,21,69,29,36,30,17,74,50,57,45,40,35,33
F29,4,9,7,8,17,26,5,9,7,11,32,9,27,15,11,8,13,18,6,15,10,8,15,1,26,11,15,18,19,8,12,11,11,19,20,6,3,5,21,6,9,22,6,8,13,17,8,22,13,6,11,20,15,1,16,0,20,12,20,21,33,11,9,17,21,8,10,6,23,9,27,3,13,22,21,6,13,21,6,0,32,11,17,25,25,29,21,21,7,36,25,0,13,0,16,12,1,6,7,8,12,18,15,0,6,17,50,11,15,11,23,23,3,4,19,24,10,16,27,8,32,32,7,14,20,23,17,8,16,19,6,9,14,2,12,28,8,30,13,55,24,17,15,29,12,8,15,15,20,24,23,18,14,23,29,22,2,12,15,5,22,31,22,13,18,22,15,17,16,19,8,7,18,17,28,17,13,22,12,16,3,13,28,7,10,10,19,10,3,7,23,12,14,7,19,11,15,29,13,13,29,12,16,10,20,7,10,17,21,15,27,15,7,16,7,22,26,14,30,7,45,12,17,16,26,17,9,13,22,9,6,8,6,12,10,2,5,7,11,0,30,10,17,19,15,13,3,16,10,11,8,19,9,8,14,7,26,23,24,14,10,10,7
F30,5,9,16,4,11,10,3,6,9,12,8,6,19,9,7,10,8,24,5,9,19,5,27,2,13,4,8,18,15,14,7,10,13,6,8,11,8,5,12,8,15,8,6,11,14,11,12,9,5,11,13,6,6,2,19,1,15,8,5,11,11,11,9,8,10,11,5,6,10,7,4,0,4,10,6,5,6,11,14,2,4,11,16,11,4,5,10,9,6,4,18,0,8,4,7,6,9,9,3,16,7,5,13,4,3,8,13,13,9,4,10,9,3,6,13,6,8,17,5,16,13,7,2,1,16,17,13,17,13,6,4,5,6,0,15,13,6,13,6,8,8,17,6,6,4,4,6,10,21,11,10,9,3,14,10,9,5,12,11,1,21,12,10,3,15,3,8,16,9,9,6,4,8,10,23,13,6,10,7,7,3,4,26,2,6,11,15,6,0,2,8,6,7,4,19,9,12,10,7,12,5,3,12,14,4,7,4,8,13,10,13,15,14,11,8,9,9,10,7,12,0,7,1,13,13,15,7,5,4,11,11,4,11,3,12,11,6,6,19,1,8,11,6,5,10,10,8,20,10,14,6,13,8,6,8,0,14,12,16,9,7,13,7
F31,4,10,8,4,14,20,20,10,6,13,14,11,42,16,15,18,18,15,11,13,13,18,12,12,42,7,10,25,24,22,21,10,15,15,17,2,13,6,13,6,10,22,4,13,6,30,9,27,16,9,21,21,9,1,15,8,31,18,21,23,25,20,21,19,30,6,32,16,18,9,26,7,17,21,23,16,22,52,5,5,20,12,10,10,8,29,21,26,9,28,17,0,12,8,12,8,8,8,10,22,15,35,13,0,33,12,40,23,21,8,5,40,1,10,10,21,14,29,27,26,41,21,9,10,24,22,17,9,16,20,5,33,15,7,3,31,8,24,20,46,23,12,12,21,3,21,15,15,17,24,29,13,12,25,29,14,6,11,18,20,18,25,38,13,21,13,30,15,22,23,7,17,9,24,31,26,26,20,24,21,4,16,33,10,7,14,13,10,6,9,22,16,5,21,27,9,17,35,7,21,25,19,14,22,12,21,15,18,28,14,21,21,10,31,13,22,24,36,29,11,31,10,9,16,37,26,11,30,12,16,12,17,15,9,24,5,13,8,16,1,52,7,23,13,9,10,4,21,12,18,5,41,6,14,5,6,40,18,25,25,23,7,19
F32,8,10,11,15,10,11,6,4,5,11,8,1,11,12,3,0,4,34,5,12,17,5,14,0,7,4,7,6,9,13,3,5,4,8,13,10,2,2,4,5,15,16,6,11,6,10,12,1,7,3,2,7,11,4,7,0,13,15,6,5,3,1,6,10,8,5,10,5,7,4,9,8,7,6,4,9,4,4,9,2,3,17,8,10,16,1,9,2,8,6,6,0,5,4,10,4,2,4,0,9,9,4,8,0,1,7,5,3,4,5,12,13,1,0,4,11,4,6,1,4,1,5,3,5,9,2,5,8,9,7,2,8,3,0,5,11,1,9,3,5,7,7,7,10,0,2,5,20,13,6,13,15,4,3,6,3,3,5,16,4,4,6,5,5,8,4,5,13,12,5,5,6,11,11,15,10,1,4,6,6,2,10,28,5,5,8,8,9,0,0,7,6,12,11,8,5,2,3,10,3,8,3,9,7,4,4,4,6,9,6,3,13,9,7,3,6,10,9,3,3,8,13,2,15,5,3,12,3,10,4,1,3,0,6,10,6,4,10,8,2,5,2,0,6,19,5,1,10,12,7,4,5,6,10,4,4,3,6,3,5,1,11,6
F33,0,0,0,0,0,0,0,0,0,0,0,0,0,0,0,0,0,0,0,0,0,0,0,0,0,0,0,0,0,0,0,0,0,0,0,0,0,0,0,0,0,0,0,0,0,0,0,0,0,0,0,0,0,0,0,0,0,0,0,0,0,0,0,0,0,0,0,0,0,0,0,0,0,0,0,0,0,0,0,0,0,0,0,0,0,0,0,0,0,0,0,0,0,0,0,0,0,0,0,0,0,0,0,0,0,0,0,0,0,0,0,0,0,0,0,0,0,0,0,0,0,0,0,0,0,0,0,0,0,0,0,0,0,0,0,0,0,0,0,0,0,0,0,0,0,0,0,0,0,0,0,0,0,0,0,0,0,0,0,0,0,0,0,0,0,0,0,0,0,0,0,0,0,0,0,0,0,0,0,0,0,0,0,0,0,0,0,0,0,0,0,0,0,0,0,0,0,0,0,0,0,0,0,0,0,0,0,0,0,0,0,0,0,0,0,0,0,0,0,0,0,0,0,0,0,0,0,0,0,0,0,0,0,0,0,0,0,0,0,0,0,0,0,0,0,0,0,0,0,0,0,0,0,0,0,0,0,0,0,0,0,0,0
F34,0,0,0,0,0,0,0,0,0,0,0,0,0,0,0,0,0,0,0,0,0,0,0,0,0,0,0,0,0,0,0,0,0,0,0,0,0,0,0,0,0,0,0,0,0,0,0,0,0,0,0,0,0,0,0,0,0,0,0,0,0,0,0,0,0,0,0,0,0,0,0,0,0,0,0,0,0,0,0,0,0,0,0,0,0,0,0,0,0,0,0,0,0,0,0,0,0,0,0,0,0,0,0,0,0,0,0,0,0,0,0,0,0,0,0,0,0,0,0,0,0,0,0,0,0,0,0,0,0,0,0,0,0,0,0,0,0,0,0,0,0,0,0,0,0,0,0,0,0,0,0,0,0,0,0,0,0,0,0,0,0,0,0,0,0,0,0,0,0,0,0,0,0,0,0,0,0,0,0,0,0,0,0,0,0,0,0,0,0,0,0,0,0,0,0,0,0,0,0,0,0,0,0,0,0,0,0,0,0,0,0,0,0,0,0,0,0,0,0,0,0,0,0,0,0,0,0,0,0,0,0,0,0,0,0,0,0,0,0,0,0,0,0,0,0,0,0,0,0,0,0,0,0,0,0,0,0,0,0,0,0,0,0
F35,0,0,0,0,0,0,0,0,0,0,0,0,0,0,0,0,0,0,0,0,0,0,0,0,0,0,0,0,0,0,0,0,0,0,0,0,0,0,0,0,0,0,0,0,0,0,0,0,0,0,0,0,0,0,0,0,0,0,0,0,0,0,0,0,0,0,0,0,0,0,0,0,0,0,0,0,0,0,0,0,0,0,0,0,0,0,0,0,0,0,0,0,0,0,0,0,0,0,0,0,0,0,0,0,0,0,0,0,0,0,0,0,0,0,0,0,0,0,0,0,0,0,0,0,0,0,0,0,0,0,0,0,0,0,0,0,0,0,0,0,0,0,0,0,0,0,0,0,0,0,0,0,0,0,0,0,0,0,0,0,0,0,0,0,0,0,0,0,0,0,0,0,0,0,0,0,0,0,0,0,0,0,0,0,0,0,0,0,0,0,0,0,0,0,0,0,0,0,0,0,0,0,0,0,0,0,0,0,0,0,0,0,0,0,0,0,0,0,0,0,0,0,0,0,0,0,0,0,0,0,0,0,0,0,0,0,0,0,0,0,0,0,0,0,0,0,0,0,0,0,0,0,0,0,0,0,0,0,0,0,0,0,0
F36,0,0,0,0,0,0,0,0,0,0,0,0,0,0,0,0,0,0,0,0,0,0,0,0,0,0,0,0,0,0,0,0,0,0,0,0,0,0,0,0,0,0,0,0,0,0,0,0,0,0,0,0,0,0,0,0,0,0,0,0,0,0,0,0,0,0,0,0,0,0,0,0,0,0,0,0,0,0,0,0,0,0,0,0,0,0,0,0,0,0,0,0,0,0,0,0,0,0,0,0,0,0,0,0,0,0,0,0,0,0,0,0,0,0,0,0,0,0,0,0,0,0,0,0,0,0,0,0,0,0,0,0,0,0,0,0,0,0,0,0,0,0,0,0,0,0,0,0,0,0,0,0,0,0,0,0,0,0,0,0,0,0,0,0,0,0,0,0,0,0,0,0,0,0,0,0,0,0,0,0,0,0,0,0,0,0,0,0,0,0,0,0,0,0,0,0,0,0,0,0,0,0,0,0,0,0,0,0,0,0,0,0,0,0,0,0,0,0,0,0,0,0,0,0,0,0,0,0,0,0,0,0,0,0,0,0,0,0,0,0,0,0,0,0,0,0,0,0,0,0,0,0,0,0,0,0,0,0,0,0,0,0,0
F37,0,0,0,0,0,0,0,0,0,0,0,0,0,0,0,0,0,0,0,0,0,0,0,0,0,0,0,0,0,0,0,0,0,0,0,0,0,0,0,0,0,0,0,0,0,0,0,0,0,0,0,0,0,0,0,0,0,0,0,0,0,0,0,0,0,0,0,0,0,0,0,0,0,0,0,0,0,0,0,0,0,0,0,0,0,0,0,0,0,0,0,0,0,0,0,0,0,0,0,0,0,0,0,0,0,0,0,0,0,0,0,0,0,0,0,0,0,0,0,0,0,0,0,0,0,0,0,0,0,0,0,0,0,0,0,0,0,0,0,0,0,0,0,0,0,0,0,0,0,0,0,0,0,0,0,0,0,0,0,0,0,0,0,0,0,0,0,0,0,0,0,0,0,0,0,0,0,0,0,0,0,0,0,0,0,0,0,0,0,0,0,0,0,0,0,0,0,0,0,0,0,0,0,0,0,0,0,0,0,0,0,0,0,0,0,0,0,0,0,0,0,0,0,0,0,0,0,0,0,0,0,0,0,0,0,0,0,0,0,0,0,0,0,0,0,0,0,0,0,0,0,0,0,0,0,0,0,0,0,0,0,0,0
F38,0,0,0,0,0,0,0,0,0,0,0,0,0,0,0,0,0,0,0,0,0,0,0,0,0,0,0,0,0,0,0,0,0,0,0,0,0,0,0,0,0,0,0,0,0,0,0,0,0,0,0,0,0,0,0,0,0,0,0,0,0,0,0,0,0,0,0,0,0,0,0,0,0,0,0,0,0,0,0,0,0,0,0,0,0,0,0,0,0,0,0,0,0,0,0,0,0,0,0,0,0,0,0,0,0,0,0,0,0,0,0,0,0,0,0,0,0,0,0,0,0,0,0,0,0,0,0,0,0,0,0,0,0,0,0,0,0,0,0,0,0,0,0,0,0,0,0,0,0,0,0,0,0,0,0,0,0,0,0,0,0,0,0,0,0,0,0,0,0,0,0,0,0,0,0,0,0,0,0,0,0,0,0,0,0,0,0,0,0,0,0,0,0,0,0,0,0,0,0,0,0,0,0,0,0,0,0,0,0,0,0,0,0,0,0,0,0,0,0,0,0,0,0,0,0,0,0,0,0,0,0,0,0,0,0,0,0,0,0,0,0,0,0,0,0,0,0,0,0,0,0,0,0,0,0,0,0,0,0,0,0,0,0
F39,0,0,0,0,0,0,0,0,0,0,0,0,0,0,0,0,0,0,0,0,0,0,0,0,0,0,0,0,0,0,0,0,0,0,0,0,0,0,0,0,0,0,0,0,0,0,0,0,0,0,0,0,0,0,0,0,0,0,0,0,0,0,0,0,0,0,0,0,0,0,0,0,0,0,0,0,0,0,0,0,0,0,0,0,0,0,0,0,0,0,0,0,0,0,0,0,0,0,0,0,0,0,0,0,0,0,0,0,0,0,0,0,0,0,0,0,0,0,0,0,0,0,0,0,0,0,0,0,0,0,0,0,0,0,0,0,0,0,0,0,0,0,0,0,0,0,0,0,0,0,0,0,0,0,0,0,0,0,0,0,0,0,0,0,0,0,0,0,0,0,0,0,0,0,0,0,0,0,0,0,0,0,0,0,0,0,0,0,0,0,0,0,0,0,0,0,0,0,0,0,0,0,0,0,0,0,0,0,0,0,0,0,0,0,0,0,0,0,0,0,0,0,0,0,0,0,0,0,0,0,0,0,0,0,0,0,0,0,0,0,0,0,0,0,0,0,0,0,0,0,0,0,0,0,0,0,0,0,0,0,0,0,0
F40,0,0,0,0,0,0,0,0,0,0,0,0,0,0,0,0,0,0,0,0,0,0,0,0,0,0,0,0,0,0,0,0,0,0,0,0,0,0,0,0,0,0,0,0,0,0,0,0,0,0,0,0,0,0,0,0,0,0,0,0,0,0,0,0,0,0,0,0,0,0,0,0,0,0,0,0,0,0,0,0,0,0,0,0,0,0,0,0,0,0,0,0,0,0,0,0,0,0,0,0,0,0,0,0,0,0,0,0,0,0,0,0,0,0,0,0,0,0,0,0,0,0,0,0,0,0,0,0,0,0,0,0,0,0,0,0,0,0,0,0,0,0,0,0,0,0,0,0,0,0,0,0,0,0,0,0,0,0,0,0,0,0,0,0,0,0,0,0,0,0,0,0,0,0,0,0,0,0,0,0,0,0,0,0,0,0,0,0,0,0,0,0,0,0,0,0,0,0,0,0,0,0,0,0,0,0,0,0,0,0,0,0,0,0,0,0,0,0,0,0,0,0,0,0,0,0,0,0,0,0,0,0,0,0,0,0,0,0,0,0,0,0,0,0,0,0,0,0,0,0,0,0,0,0,0,0,0,0,0,0,0,0,0
F41,0,0,0,0,0,0,0,0,0,0,0,0,0,0,0,0,0,0,0,0,0,0,0,0,0,0,0,0,0,0,0,0,0,0,0,0,0,0,0,0,0,0,0,0,0,0,0,0,0,0,0,0,0,0,0,0,0,0,0,0,0,0,0,0,0,0,0,0,0,0,0,0,0,0,0,0,0,0,0,0,0,0,0,0,0,0,0,0,0,0,0,0,0,0,0,0,0,0,0,0,0,0,0,0,0,0,0,0,0,0,0,0,0,0,0,0,0,0,0,0,0,0,0,0,0,0,0,0,0,0,0,0,0,0,0,0,0,0,0,0,0,0,0,0,0,0,0,0,0,0,0,0,0,0,0,0,0,0,0,0,0,0,0,0,0,0,0,0,0,0,0,0,0,0,0,0,0,0,0,0,0,0,0,0,0,0,0,0,0,0,0,0,0,0,0,0,0,0,0,0,0,0,0,0,0,0,0,0,0,0,0,0,0,0,0,0,0,0,0,0,0,0,0,0,0,0,0,0,0,0,0,0,0,0,0,0,0,0,0,0,0,0,0,0,0,0,0,0,0,0,0,0,0,0,0,0,0,0,0,0,0,0,0
F42,0,0,0,0,0,0,0,0,0,0,0,0,0,0,0,0,0,0,0,0,0,0,0,0,0,0,0,0,0,0,0,0,0,0,0,0,0,0,0,0,0,0,0,0,0,0,0,0,0,0,0,0,0,0,0,0,0,0,0,0,0,0,0,0,0,0,0,0,0,0,0,0,0,0,0,0,0,0,0,0,0,0,0,0,0,0,0,0,0,0,0,0,0,0,0,0,0,0,0,0,0,0,0,0,0,0,0,0,0,0,0,0,0,0,0,0,0,0,0,0,0,0,0,0,0,0,0,0,0,0,0,0,0,0,0,0,0,0,0,0,0,0,0,0,0,0,0,0,0,0,0,0,0,0,0,0,0,0,0,0,0,0,0,0,0,0,0,0,0,0,0,0,0,0,0,0,0,0,0,0,0,0,0,0,0,0,0,0,0,0,0,0,0,0,0,0,0,0,0,0,0,0,0,0,0,0,0,0,0,0,0,0,0,0,0,0,0,0,0,0,0,0,0,0,0,0,0,0,0,0,0,0,0,0,0,0,0,0,0,0,0,0,0,0,0,0,0,0,0,0,0,0,0,0,0,0,0,0,0,0,0,0,0
F43,0,0,0,0,0,0,0,0,0,0,0,0,0,0,0,0,0,0,0,0,0,0,0,0,0,0,0,0,0,0,0,0,0,0,0,0,0,0,0,0,0,0,0,0,0,0,0,0,0,0,0,0,0,0,0,0,0,0,0,0,0,0,0,0,0,0,0,0,0,0,0,0,0,0,0,0,0,0,0,0,0,0,0,0,0,0,0,0,0,0,0,0,0,0,0,0,0,0,0,0,0,0,0,0,0,0,0,0,0,0,0,0,0,0,0,0,0,0,0,0,0,0,0,0,0,0,0,0,0,0,0,0,0,0,0,0,0,0,0,0,0,0,0,0,0,0,0,0,0,0,0,0,0,0,0,0,0,0,0,0,0,0,0,0,0,0,0,0,0,0,0,0,0,0,0,0,0,0,0,0,0,0,0,0,0,0,0,0,0,0,0,0,0,0,0,0,0,0,0,0,0,0,0,0,0,0,0,0,0,0,0,0,0,0,0,0,0,0,0,0,0,0,0,0,0,0,0,0,0,0,0,0,0,0,0,0,0,0,0,0,0,0,0,0,0,0,0,0,0,0,0,0,0,0,0,0,0,0,0,0,0,0,0
F44,0,0,0,0,0,0,0,0,0,0,0,0,0,0,0,0,0,0,0,0,0,0,0,0,0,0,0,0,0,0,0,0,0,0,0,0,0,0,0,0,0,0,0,0,0,0,0,0,0,0,0,0,0,0,0,0,0,0,0,0,0,0,0,0,0,0,0,0,0,0,0,0,0,0,0,0,0,0,0,0,0,0,0,0,0,0,0,0,0,0,0,0,0,0,0,0,0,0,0,0,0,0,0,0,0,0,0,0,0,0,0,0,0,0,0,0,0,0,0,0,0,0,0,0,0,0,0,0,0,0,0,0,0,0,0,0,0,0,0,0,0,0,0,0,0,0,0,0,0,0,0,0,0,0,0,0,0,0,0,0,0,0,0,0,0,0,0,0,0,0,0,0,0,0,0,0,0,0,0,0,0,0,0,0,0,0,0,0,0,0,0,0,0,0,0,0,0,0,0,0,0,0,0,0,0,0,0,0,0,0,0,0,0,0,0,0,0,0,0,0,0,0,0,0,0,0,0,0,0,0,0,0,0,0,0,0,0,0,0,0,0,0,0,0,0,0,0,0,0,0,0,0,0,0,0,0,0,0,0,0,0,0,0
F45,0,0,0,0,0,0,0,0,0,0,0,0,0,0,0,0,0,0,0,0,0,0,0,0,0,0,0,0,0,0,0,0,0,0,0,0,0,0,0,0,0,0,0,0,0,0,0,0,0,0,0,0,0,0,0,0,0,0,0,0,0,0,0,0,0,0,0,0,0,0,0,0,0,0,0,0,0,0,0,0,0,0,0,0,0,0,0,0,0,0,0,0,0,0,0,0,0,0,0,0,0,0,0,0,0,0,0,0,0,0,0,0,0,0,0,0,0,0,0,0,0,0,0,0,0,0,0,0,0,0,0,0,0,0,0,0,0,0,0,0,0,0,0,0,0,0,0,0,0,0,0,0,0,0,0,0,0,0,0,0,0,0,0,0,0,0,0,0,0,0,0,0,0,0,0,0,0,0,0,0,0,0,0,0,0,0,0,0,0,0,0,0,0,0,0,0,0,0,0,0,0,0,0,0,0,0,0,0,0,0,0,0,0,0,0,0,0,0,0,0,0,0,0,0,0,0,0,0,0,0,0,0,0,0,0,0,0,0,0,0,0,0,0,0,0,0,0,0,0,0,0,0,0,0,0,0,0,0,0,0,0,0,0
F46,0,0,0,0,0,0,0,0,0,0,0,0,0,0,0,0,0,0,0,0,0,0,0,0,0,0,0,0,0,0,0,0,0,0,0,0,0,0,0,0,0,0,0,0,0,0,0,0,0,0,0,0,0,0,0,0,0,0,0,0,0,0,0,0,0,0,0,0,0,0,0,0,0,0,0,0,0,0,0,0,0,0,0,0,0,0,0,0,0,0,0,0,0,0,0,0,0,0,0,0,0,0,0,0,0,0,0,0,0,0,0,0,0,0,0,0,0,0,0,0,0,0,0,0,0,0,0,0,0,0,0,0,0,0,0,0,0,0,0,0,0,0,0,0,0,0,0,0,0,0,0,0,0,0,0,0,0,0,0,0,0,0,0,0,0,0,0,0,0,0,0,0,0,0,0,0,0,0,0,0,0,0,0,0,0,0,0,0,0,0,0,0,0,0,0,0,0,0,0,0,0,0,0,0,0,0,0,0,0,0,0,0,0,0,0,0,0,0,0,0,0,0,0,0,0,0,0,0,0,0,0,0,0,0,0,0,0,0,0,0,0,0,0,0,0,0,0,0,0,0,0,0,0,0,0,0,0,0,0,0,0,0,0
F47,0,0,0,0,0,0,0,0,0,0,0,0,0,0,0,0,0,0,0,0,0,0,0,0,0,0,0,0,0,0,0,0,0,0,0,0,0,0,0,0,0,0,0,0,0,0,0,0,0,0,0,0,0,0,0,0,0,0,0,0,0,0,0,0,0,0,0,0,0,0,0,0,0,0,0,0,0,0,0,0,0,0,0,0,0,0,0,0,0,0,0,0,0,0,0,0,0,0,0,0,0,0,0,0,0,0,0,0,0,0,0,0,0,0,0,0,0,0,0,0,0,0,0,0,0,0,0,0,0,0,0,0,0,0,0,0,0,0,0,0,0,0,0,0,0,0,0,0,0,0,0,0,0,0,0,0,0,0,0,0,0,0,0,0,0,0,0,0,0,0,0,0,0,0,0,0,0,0,0,0,0,0,0,0,0,0,0,0,0,0,0,0,0,0,0,0,0,0,0,0,0,0,0,0,0,0,0,0,0,0,0,0,0,0,0,0,0,0,0,0,0,0,0,0,0,0,0,0,0,0,0,0,0,0,0,0,0,0,0,0,0,0,0,0,0,0,0,0,0,0,0,0,0,0,0,0,0,0,0,0,0,0,0
F48,0,0,0,0,0,0,0,0,0,0,0,0,0,0,0,0,0,0,0,0,0,0,0,0,0,0,0,0,0,0,0,0,0,0,0,0,0,0,0,0,0,0,0,0,0,0,0,0,0,0,0,0,0,0,0,0,0,0,0,0,0,0,0,0,0,0,0,0,0,0,0,0,0,0,0,0,0,0,0,0,0,0,0,0,0,0,0,0,0,0,0,0,0,0,0,0,0,0,0,0,0,0,0,0,0,0,0,0,0,0,0,0,0,0,0,0,0,0,0,0,0,0,0,0,0,0,0,0,0,0,0,0,0,0,0,0,0,0,0,0,0,0,0,0,0,0,0,0,0,0,0,0,0,0,0,0,0,0,0,0,0,0,0,0,0,0,0,0,0,0,0,0,0,0,0,0,0,0,0,0,0,0,0,0,0,0,0,0,0,0,0,0,0,0,0,0,0,0,0,0,0,0,0,0,0,0,0,0,0,0,0,0,0,0,0,0,0,0,0,0,0,0,0,0,0,0,0,0,0,0,0,0,0,0,0,0,0,0,0,0,0,0,0,0,0,0,0,0,0,0,0,0,0,0,0,0,0,0,0,0,0,0,0
F49,0,0,0,0,0,0,0,0,0,0,0,0,0,0,0,0,0,0,0,0,0,0,0,0,0,0,0,0,0,0,0,0,0,0,0,0,0,0,0,0,0,0,0,0,0,0,0,0,0,0,0,0,0,0,0,0,0,0,0,0,0,0,0,0,0,0,0,0,0,0,0,0,0,0,0,0,0,0,0,0,0,0,0,0,0,0,0,0,0,0,0,0,0,0,0,0,0,0,0,0,0,0,0,0,0,0,0,0,0,0,0,0,0,0,0,0,0,0,0,0,0,0,0,0,0,0,0,0,0,0,0,0,0,0,0,0,0,0,0,0,0,0,0,0,0,0,0,0,0,0,0,0,0,0,0,0,0,0,0,0,0,0,0,0,0,0,0,0,0,0,0,0,0,0,0,0,0,0,0,0,0,0,0,0,0,0,0,0,0,0,0,0,0,0,0,0,0,0,0,0,0,0,0,0,0,0,0,0,0,0,0,0,0,0,0,0,0,0,0,0,0,0,0,0,0,0,0,0,0,0,0,0,0,0,0,0,0,0,0,0,0,0,0,0,0,0,0,0,0,0,0,0,0,0,0,0,0,0,0,0,0,0,0
F50,0,0,0,0,0,0,0,0,0,0,0,0,0,0,0,0,0,0,0,0,0,0,0,0,0,0,0,0,0,0,0,0,0,0,0,0,0,0,0,0,0,0,0,0,0,0,0,0,0,0,0,0,0,0,0,0,0,0,0,0,0,0,0,0,0,0,0,0,0,0,0,0,0,0,0,0,0,0,0,0,0,0,0,0,0,0,0,0,0,0,0,0,0,0,0,0,0,0,0,0,0,0,0,0,0,0,0,0,0,0,0,0,0,0,0,0,0,0,0,0,0,0,0,0,0,0,0,0,0,0,0,0,0,0,0,0,0,0,0,0,0,0,0,0,0,0,0,0,0,0,0,0,0,0,0,0,0,0,0,0,0,0,0,0,0,0,0,0,0,0,0,0,0,0,0,0,0,0,0,0,0,0,0,0,0,0,0,0,0,0,0,0,0,0,0,0,0,0,0,0,0,0,0,0,0,0,0,0,0,0,0,0,0,0,0,0,0,0,0,0,0,0,0,0,0,0,0,0,0,0,0,0,0,0,0,0,0,0,0,0,0,0,0,0,0,0,0,0,0,0,0,0,0,0,0,0,0,0,0,0,0,0,0
F51,0,0,0,0,0,0,0,0,0,0,0,0,0,0,0,0,0,0,0,0,0,0,0,0,0,0,0,0,0,0,0,0,0,0,0,0,0,0,0,0,0,0,0,0,0,0,0,0,0,0,0,0,0,0,0,0,0,0,0,0,0,0,0,0,0,0,0,0,0,0,0,0,0,0,0,0,0,0,0,0,0,0,0,0,0,0,0,0,0,0,0,0,0,0,0,0,0,0,0,0,0,0,0,0,0,0,0,0,0,0,0,0,0,0,0,0,0,0,0,0,0,0,0,0,0,0,0,0,0,0,0,0,0,0,0,0,0,0,0,0,0,0,0,0,0,0,0,0,0,0,0,0,0,0,0,0,0,0,0,0,0,0,0,0,0,0,0,0,0,0,0,0,0,0,0,0,0,0,0,0,0,0,0,0,0,0,0,0,0,0,0,0,0,0,0,0,0,0,0,0,0,0,0,0,0,0,0,0,0,0,0,0,0,0,0,0,0,0,0,0,0,0,0,0,0,0,0,0,0,0,0,0,0,0,0,0,0,0,0,0,0,0,0,0,0,0,0,0,0,0,0,0,0,0,0,0,0,0,0,0,0,0,0
F52,315,336,225,312,267,249,253,232,233,182,212,141,279,262,191,240,200,332,233,164,252,442,237,123,241,160,323,215,287,254,214,260,201,233,165,287,124,141,224,196,240,215,231,277,254,237,290,184,179,184,166,189,163,31,214,47,258,323,198,204,249,231,124,279,203,265,228,226,203,197,167,169,144,207,184,214,190,355,213,32,267,215,253,262,242,211,215,175,121,169,197,13,131,35,185,204,84,190,72,228,164,152,221,33,128,132,168,180,192,258,205,155,52,63,222,229,213,269,215,221,238,126,101,191,219,251,127,149,287,285,41,174,156,28,224,232,214,281,219,267,213,223,284,291,181,165,127,224,240,200,201,246,200,184,176,155,52,237,211,253,211,261,214,174,236,166,182,285,252,194,331,231,264,227,222,186,197,170,190,202,58,175,304,207,100,182,326,154,109,104,240,192,187,165,183,219,185,211,215,217,211,113,251,199,206,151,234,130,234,213,286,227,235,197,209,161,193,145,176,192,134,182,170,226,263,256,170,136,211,196,219,167,173,179,205,282,220,233,212,29,185,113,215,163,271,277,245,229,162,140,156,239,174,231,300,225,354,182,240,238,227,145,167
F53,41,52,41,39,36,23,35,30,39,34,52,23,30,25,23,23,29,51,13,25,42,76,43,17,44,26,55,38,42,29,30,40,26,36,27,45,23,26,40,36,37,31,33,26,32,34,41,24,25,32,33,29,25,12,21,0,40,35,25,7,31,37,17,58,25,48,32,32,31,30,24,22,18,32,30,33,29,77,29,3,38,35,30,40,29,35,25,30,20,26,19,1,16,2,19,30,12,16,7,29,29,20,29,2,19,20,17,28,25,31,33,19,4,4,25,25,43,49,39,59,43,18,28,25,29,42,16,22,41,35,9,23,25,2,40,35,41,29,20,36,33,29,25,40,25,19,15,34,31,38,31,50,28,19,38,24,5,34,34,38,32,30,29,24,29,23,35,46,42,26,49,33,49,34,36,29,29,23,32,37,4,23,36,23,20,23,47,20,44,16,79,32,25,23,28,40,40,36,37,28,33,10,35,22,33,22,40,14,34,25,57,36,26,25,38,19,33,32,26,31,16,19,17,26,31,36,27,14,36,26,25,30,24,21,31,37,31,41,52,0,18,25,27,17,42,53,35,34,28,18,23,33,21,32,68,35,40,30,46,28,36,23,20
F54,158,154,103,151,117,128,134,113,103,80,101,65,108,124,97,111,98,146,41,73,106,246,86,74,100,72,147,90,103,116,111,106,88,107,72,138,48,63,101,75,112,90,112,148,107,117,134,81,82,77,85,96,75,10,107,40,117,143,80,107,115,83,60,107,115,150,109,96,76,85,78,71,63,99,81,102,83,176,101,13,142,102,126,103,111,96,94,78,26,74,98,4,49,24,103,111,32,114,26,112,76,73,80,24,48,54,101,80,97,115,87,77,29,39,100,130,91,100,74,89,127,63,31,86,77,112,46,63,117,123,14,76,62,17,104,109,80,139,99,137,106,117,151,157,98,69,55,104,116,84,78,110,94,80,77,62,29,87,84,137,95,120,88,77,113,83,86,144,126,100,149,107,118,88,97,86,97,90,76,91,31,103,135,106,32,88,151,79,20,50,98,82,88,68,70,106,76,95,98,98,97,55,119,88,95,54,87,62,102,94,125,102,97,80,88,93,61,62,75,81,78,68,78,95,110,115,70,69,92,93,106,68,86,65,79,135,102,111,79,12,88,47,76,82,110,106,125,104,51,60,57,95,77,86,149,100,159,79,89,130,91,62,83
F55,107,132,82,125,125,102,88,89,93,70,68,59,147,112,73,104,81,137,178,67,108,116,112,27,114,69,130,96,147,114,74,111,93,98,66,99,48,50,90,94,82,101,96,109,120,86,122,84,80,89,56,75,65,9,91,6,98,161,106,90,113,112,46,116,71,58,93,103,108,90,74,79,62,80,80,83,82,116,78,17,88,81,94,127,100,87,111,68,87,77,81,8,69,10,64,66,41,61,41,96,60,66,124,7,67,62,56,82,72,111,92,71,19,22,102,77,84,131,105,82,77,55,40,84,120,107,82,79,140,119,21,69,78,9,79,95,91,121,96,106,77,84,101,95,69,76,59,89,93,87,101,94,82,88,61,72,14,115,101,75,81,134,107,78,102,73,71,105,92,77,136,93,104,114,98,81,77,61,93,87,22,58,136,81,49,87,141,65,47,39,67,83,82,77,94,78,70,97,85,94,91,56,106,92,77,81,109,62,109,94,110,91,121,101,79,52,112,63,82,89,56,95,71,110,136,109,74,58,87,84,86,72,65,93,98,111,98,76,83,17,86,49,116,66,114,115,89,96,85,70,78,129,79,118,86,92,161,81,117,90,105,62,68
F56,26,29,49,27,18,14,23,20,21,15,19,14,23,20,15,19,12,29,7,7,8,12,13,6,19,19,6,7,11,20,44,27,12,11,14,53,8,11,8,32,26,30,11,37,25,10,19,11,9,15,9,22,12,18,14,4,23,15,21,2,49,5,10,14,7,50,20,17,22,26,18,7,7,7,8,17,15,32,28,5,16,11,50,36,9,6,27,18,12,9,27,17,19,6,16,10,5,19,3,10,13,10,29,12,13,6,14,11,7,10,13,11,6,3,16,6,20,13,7,19,16,25,6,12,21,37,12,18,20,19,16,4,17,5,17,10,20,36,21,40,13,27,15,18,5,15,6,29,32,9,18,6,27,13,5,2,10,20,34,12,13,27,9,25,21,7,38,16,14,25,22,16,27,17,12,10,8,7,28,24,3,26,13,28,13,34,15,20,4,3,16,14,12,19,4,26,22,13,16,17,39,7,20,7,9,5,24,8,5,13,8,3,11,11,43,13,11,10,4,16,6,13,11,14,19,15,14,17,25,20,25,15,15,7,17,29,11,26,10,4,4,10,21,15,33,21,24,20,11,18,9,9,18,23,59,26,11,21,27,23,10,13,8
F57,41,28,60,45,30,10,37,34,20,17,19,25,58,24,26,30,23,36,4,21,23,17,27,18,21,20,26,29,24,26,25,23,22,31,16,34,14,12,14,29,18,22,27,44,23,17,22,21,30,12,18,29,17,1,19,50,25,37,20,12,24,12,9,37,9,37,31,27,27,28,21,4,17,15,11,29,30,18,34,7,15,14,31,23,33,8,29,9,18,12,19,2,17,8,25,33,13,37,13,21,13,21,39,10,23,9,13,11,14,33,20,11,7,4,20,10,37,24,14,9,18,14,20,17,30,28,10,24,27,60,3,11,18,16,31,15,34,23,9,21,48,26,49,36,12,19,16,23,38,10,19,16,20,22,11,6,6,13,14,20,30,14,14,24,32,35,22,27,31,24,37,13,44,28,20,22,17,7,17,26,5,23,20,27,14,14,19,19,5,10,13,17,24,32,14,12,20,24,16,21,20,18,14,20,22,19,21,20,18,17,11,10,16,17,25,17,13,10,11,18,7,34,23,30,29,23,16,15,18,23,37,44,21,10,18,29,26,22,24,5,21,12,29,24,30,31,52,32,21,13,12,22,14,16,38,28,33,19,32,11,14,15,15
F58,37,25,28,47,32,15,30,39,29,18,9,15,33,20,12,20,25,43,10,17,24,59,14,6,15,11,34,9,32,23,11,32,15,29,20,24,12,5,20,13,16,16,13,62,24,32,31,17,15,23,15,25,18,12,12,10,27,27,9,25,9,31,23,37,19,19,21,20,10,22,10,42,16,19,16,36,14,16,30,10,24,23,28,21,45,21,12,17,5,7,15,4,9,6,30,25,10,18,3,33,27,14,31,4,10,9,12,11,21,37,18,14,5,11,21,21,24,21,8,27,41,6,10,28,10,10,14,14,25,25,16,11,9,4,16,22,10,22,25,16,24,11,24,24,13,6,16,16,38,18,17,21,11,11,10,7,7,15,20,45,14,16,14,37,36,15,22,20,9,13,30,17,33,8,24,22,11,7,35,24,3,14,27,15,7,25,33,19,5,8,43,11,17,16,15,23,14,11,18,23,26,8,22,14,32,7,15,25,16,16,16,15,27,15,20,20,11,11,11,19,10,21,10,20,15,15,15,19,22,15,18,14,24,12,18,40,20,17,29,3,13,16,22,18,28,30,16,23,17,14,12,26,13,7,14,20,13,19,16,8,16,14,12
F59,9,9,6,9,5,3,2,7,7,4,7,5,24,9,4,2,2,31,13,6,11,6,10,3,6,3,12,3,8,11,5,10,1,5,1,11,4,2,9,3,6,9,6,7,3,8,9,5,3,9,3,3,2,8,6,3,16,11,0,3,5,11,3,7,6,5,7,7,0,2,2,0,3,1,2,7,4,3,9,2,6,7,8,4,6,6,7,4,4,5,7,4,4,1,0,5,2,0,1,8,4,4,5,4,1,0,5,1,8,10,8,3,4,3,7,3,3,9,5,5,1,8,1,2,8,4,4,3,14,9,2,6,7,2,9,10,4,7,4,3,1,6,7,5,4,4,8,11,8,2,6,5,2,3,6,1,4,16,7,12,2,4,9,17,6,3,2,10,5,4,7,8,5,4,7,7,1,7,8,6,4,4,8,10,5,1,7,3,3,2,1,9,4,7,5,9,9,0,11,6,5,5,7,3,1,6,0,3,10,8,4,11,1,2,5,4,3,4,2,2,1,5,5,10,3,9,6,0,9,3,4,4,9,3,6,13,14,11,3,3,2,1,4,8,4,8,4,3,3,0,5,5,2,5,5,2,8,4,16,2,6,2,3
F60,10,27,10,23,6,8,15,13,21,10,5,9,10,16,2,2,0,20,6,5,6,17,5,3,1,7,7,5,17,3,6,13,12,14,4,14,1,12,6,5,21,9,7,9,15,4,18,4,5,7,2,5,10,1,6,4,9,7,9,2,10,7,6,6,4,15,8,6,4,10,7,7,0,5,2,17,17,4,10,5,7,2,10,13,13,5,5,2,2,0,3,3,11,4,6,6,7,27,1,6,7,2,4,3,3,7,7,8,5,9,15,3,3,2,3,17,12,5,6,12,5,4,1,6,6,27,8,4,7,12,1,5,2,0,7,7,3,5,1,2,4,2,3,7,1,7,4,9,2,1,8,8,1,10,9,4,1,6,11,3,6,6,2,7,15,6,8,9,8,3,7,4,6,2,8,9,4,7,4,7,0,8,10,5,5,2,7,5,4,2,3,3,4,3,4,4,2,2,5,2,7,2,9,4,6,1,4,25,3,3,6,4,6,6,15,0,9,0,4,3,3,4,2,3,12,6,8,8,11,8,9,5,3,4,6,19,6,15,5,0,5,4,3,2,9,18,3,6,5,4,3,4,3,8,14,4,3,3,6,0,9,1,5
F61,6,4,18,6,5,6,3,1,5,2,5,3,15,37,5,24,3,9,3,5,13,8,4,24,5,8,6,18,11,13,8,12,10,2,5,10,3,3,7,7,7,6,4,8,7,15,3,16,13,20,5,10,5,0,4,4,6,3,6,4,6,10,3,10,13,19,8,18,5,5,10,8,5,6,1,3,3,3,5,5,6,5,6,4,13,3,5,6,6,4,3,2,4,19,3,3,5,6,2,8,2,7,9,4,8,7,3,10,6,6,6,3,5,5,14,7,9,4,6,12,5,2,0,13,2,11,4,4,9,8,5,5,3,6,4,3,1,9,19,12,9,19,6,5,8,7,4,1,2,6,13,2,2,5,5,3,7,3,6,19,10,8,4,9,7,6,4,5,18,11,6,1,5,10,9,5,14,0,12,5,5,7,7,7,3,2,5,5,1,2,4,0,5,9,13,8,5,2,5,5,12,1,6,7,5,7,7,4,12,3,12,5,6,10,7,5,1,6,7,5,2,2,5,10,9,2,12,4,8,9,18,4,3,20,2,5,5,32,5,4,11,8,4,5,2,15,3,4,8,7,3,13,28,6,5,8,16,4,0,9,10,3,2
F62,0,1,4,3,5,2,1,3,3,4,0,5,1,3,2,7,1,9,0,16,3,2,2,2,1,4,1,3,4,3,2,0,4,1,0,12,2,1,0,2,4,4,1,4,3,8,4,1,3,7,0,2,4,0,3,0,1,7,4,1,1,1,4,2,6,5,2,0,3,0,3,0,1,3,0,2,6,6,5,0,4,1,3,2,5,3,0,2,3,2,2,0,6,0,2,3,3,9,2,4,0,4,4,1,0,1,1,3,4,2,6,1,0,0,3,2,2,1,0,3,49,2,0,3,2,1,1,3,2,2,0,1,1,1,5,1,0,4,0,8,0,2,3,2,2,0,1,2,2,1,4,1,1,5,3,1,0,2,0,1,1,3,1,0,4,4,2,4,2,4,1,0,1,2,0,6,1,2,2,6,0,7,4,1,3,2,3,4,0,7,0,4,2,0,5,2,4,2,2,3,2,3,2,4,4,5,0,2,2,0,2,8,6,2,1,4,4,3,4,5,3,2,0,7,6,0,1,4,0,2,7,0,2,2,2,4,3,2,0,1,1,2,3,4,7,2,0,4,4,1,1,4,2,3,6,2,7,3,2,1,1,3,1
F63,17,11,3,11,5,9,8,10,10,17,4,11,4,16,13,15,9,15,4,6,12,14,5,19,3,5,55,18,10,5,7,29,8,13,15,6,12,41,14,6,25,12,15,11,0,16,16,6,7,12,19,12,12,3,9,4,6,7,3,15,13,13,9,17,12,1,7,15,6,16,3,6,9,8,7,19,6,18,4,4,17,4,18,13,10,20,13,5,20,7,3,0,11,11,24,10,6,6,4,9,4,9,14,3,8,4,14,16,9,7,4,7,3,6,5,15,10,2,20,9,39,15,3,8,6,18,14,12,5,18,0,11,4,4,11,6,3,10,9,11,6,15,9,8,10,8,15,10,8,4,8,11,9,9,3,9,19,2,7,17,4,13,11,7,6,11,11,30,8,7,19,17,11,10,8,13,32,5,12,14,10,9,20,8,1,16,27,8,14,18,14,11,6,17,4,7,11,13,13,10,10,4,4,5,28,11,13,8,23,14,13,5,6,11,5,4,8,4,10,6,9,11,16,8,6,10,19,10,17,14,4,8,11,9,10,5,10,10,3,1,18,12,17,38,26,4,1,10,10,11,23,31,27,10,8,4,8,4,8,17,34,7,11
F64,6,6,3,3,2,2,1,1,3,5,0,4,1,4,7,2,1,3,2,1,7,1,0,0,1,0,6,3,1,1,0,1,4,4,0,2,5,6,0,1,4,1,3,3,0,2,0,2,1,2,7,3,8,20,4,0,1,4,1,2,4,1,0,2,4,2,1,2,1,3,0,0,0,3,3,4,3,1,1,0,3,2,4,2,3,2,1,2,0,2,0,9,0,0,3,1,0,6,0,4,2,0,4,0,0,1,0,2,2,1,2,0,0,0,2,1,13,1,0,2,13,0,0,6,1,2,1,3,1,0,22,0,4,0,0,3,0,3,1,0,0,3,5,4,3,1,2,1,3,3,4,1,1,2,3,0,0,1,1,2,4,2,1,5,0,1,1,1,2,1,2,0,5,2,4,0,0,2,2,2,0,4,4,2,0,1,8,1,2,1,1,2,1,0,1,3,4,0,1,1,1,0,0,1,1,0,0,3,2,2,0,0,1,2,4,0,0,2,3,0,0,3,2,0,8,1,2,2,3,2,0,5,0,3,2,3,0,1,1,0,7,4,2,1,3,2,0,6,3,2,0,2,4,0,1,3,6,1,0,2,3,2,1
F65,0,0,0,0,0,0,0,0,0,0,0,0,0,0,0,0,0,0,0,0,0,0,0,0,0,1,1,0,0,0,0,0,1,0,0,0,0,0,0,0,0,0,0,0,0,0,0,1,0,0,0,0,0,0,0,0,1,0,0,0,0,0,0,0,0,1,0,0,0,0,0,0,0,0,0,0,0,0,1,0,2,0,0,0,0,0,0,0,0,0,0,0,0,1,0,0,0,0,0,0,0,1,0,0,0,0,0,0,1,0,0,0,0,0,0,0,0,0,0,0,0,0,0,0,0,0,0,0,0,0,0,0,0,0,0,0,0,0,2,0,0,0,0,0,0,0,1,0,0,0,0,0,0,0,0,0,0,0,0,0,1,0,0,1,0,1,0,3,1,0,0,0,0,0,0,0,0,0,0,0,0,1,0,0,0,0,0,0,0,0,0,0,0,0,0,0,0,0,0,0,0,0,0,1,0,0,0,0,0,0,0,0,1,1,0,0,0,0,4,1,0,0,0,1,0,0,0,0,0,0,0,0,0,0,0,0,0,0,0,0,0,0,1,0,0,0,0,0,0,0,1,0,0,0,1,0,0,1,1,0,0,0,0
TweetFreq,651,573,328,151,2,24,202,135,466,293,34,227,56,79,98,16,365,24,64,65,73,35,23,57,13,47,342,55,652,57,48,7,214,13,193,18,74,524,16,278,51,67,46,27,61,20,17,8,116,8,169,1,2,53,33,136,233,18,17,20,13,283,57,67,6,51,44,103,2,19,102,510,223,42,44,45,207,63,325,76,140,9,52,34,68,45,15,21,63,23,50,26,177,329,483,24,83,767,103,385,32,28,30,68,5,6,17,6,251,100,73,20,709,99,180,647,106,29,26,86,418,4,349,13,23,301,38,15,115,15,27,2,4,361,242,413,98,62,312,9,5,70,17,56,28,30,21,49,51,5,16,16,28,4,91,14,226,20,38,60,332,28,23,71,31,2,40,174,5,12,28,33,3,23,17,65,9,34,6,128,155,7,96,15,75,16,173,46,93,54,290,6,23,179,15,188,49,160,31,7,9,52,282,14,26,140,291,34,7,18,37,412,133,53,95,99,14,13,25,16,315,15,207,48,1,14,30,96,13,11,53,25,108,492,36,108,27,383,79,103,89,573,47,24,142,99,199,19,23,31,22,14,9,47,51,205,89,25,20,14,35,13,227
Label,male,male,male,male,male,female,male,male,female,male,female,male,female,female,female,female,male,female,female,female,female,male,female,male,female,male,female,female,male,female,male,female,male,male,male,male,male,male,female,male,male,female,male,male,male,male,male,female,male,male,male,female,female,male,female,male,female,female,male,female,male,female,male,female,male,male,female,male,female,male,male,male,male,female,female,male,male,male,male,male,female,female,male,female,female,male,female,male,female,female,female,female,female,female,male,male,female,male,female,male,male,male,female,female,female,male,male,female,female,female,female,female,female,male,female,male,male,female,male,male,male,female,male,male,female,male,female,male,female,female,female,male,female,female,male,female,female,male,male,male,female,female,male,male,male,female,female,female,female,female,female,female,female,male,male,male,female,female,female,male,male,female,female,male,male,male,male,female,female,female,male,female,male,female,female,female,female,female,male,male,female,female,female,female,male,female,male,female,male,female,male,female,male,female,female,female,male,male,female,male,male,male,male,female,male,female,male,male,female,male,male,male,male,male,female,male,male,male,male,male,male,female,male,female,male,female,female,female,female,female,male,female,male,male,female,male,female,male,female,female,female,male,female,female,female,male,male,female,female,female,male,female,male,female,male,male,female,female,female,female,female,male,male
