File,F1,F2,F3,F4,F5,F6,F7,F8,F9,F10,F11,F12,F13,F14,F15,F16,F17,F18,F19,F20,F21,F22,F23,F24,F25,F26,F27,F28,F29,F30,F31,F32,F33,F34,F35,F36,F37,F38,F39,F40,F41,F42,F43,F44,F45,F46,F47,F48,F49,F50,F51,F52,F53,F54,F55,F56,F57,F58,F59,F60,F61,F62,F63,F64,F65,Label
100119657,1224,984,386,216,175,13,127,67,47,84,110,300,456,66,236,66,129,285,108,106,96,34,16,1,7,0,0,55,25,11,10,10,0,0,0,0,0,0,0,0,0,0,0,0,0,0,0,0,0,0,0,262,40,103,127,36,23,21,4,13,4,2,13,2,0,female
101593344,1497,1008,420,166,64,40,160,163,42,84,155,279,426,86,207,33,126,268,111,125,90,76,33,20,10,0,0,52,25,4,8,16,0,0,0,0,0,0,0,0,0,0,0,0,0,0,0,0,0,0,0,242,29,111,100,9,33,45,6,13,13,5,10,3,0,female
114044206,2139,863,457,213,78,35,195,127,30,67,110,197,292,56,151,22,94,212,85,105,62,95,34,14,10,0,0,56,29,5,29,1,0,0,0,0,0,0,0,0,0,0,0,0,0,0,0,0,0,0,0,211,35,96,87,6,8,21,6,5,3,3,20,2,0,male
123042176,1061,819,414,231,160,17,183,127,50,66,89,253,365,65,185,41,112,189,94,103,71,45,32,14,3,0,0,50,21,10,21,9,0,0,0,0,0,0,0,0,0,0,0,0,0,0,0,0,0,0,0,215,25,94,111,27,29,12,7,5,5,0,13,1,0,female
123986340,422,562,237,113,59,15,114,64,41,42,90,190,273,36,163,44,67,191,52,82,39,33,27,17,4,0,0,51,21,9,26,2,0,0,0,0,0,0,0,0,0,0,0,0,0,0,0,0,0,0,0,175,30,78,68,18,9,17,4,2,6,2,5,2,0,male
125217315,687,561,248,122,75,9,121,81,34,60,63,210,273,54,163,36,85,116,65,53,61,20,8,2,8,0,0,28,7,6,9,8,0,0,0,0,0,0,0,0,0,0,0,0,0,0,0,0,0,0,0,121,20,26,87,12,18,5,4,2,6,3,20,0,0,female
12618492,1786,1270,458,211,127,19,172,141,41,102,204,351,541,93,252,63,168,353,110,112,144,80,28,20,10,0,0,30,8,4,4,15,0,0,0,0,0,0,0,0,0,0,0,0,0,0,0,0,0,0,0,312,39,151,125,27,45,47,9,23,6,3,11,3,0,male
128091149,909,617,310,165,105,18,138,80,39,56,69,197,284,54,143,27,63,144,62,94,44,37,36,18,2,0,0,55,36,4,28,6,0,0,0,0,0,0,0,0,0,0,0,0,0,0,0,0,0,0,0,169,26,74,77,9,12,7,5,0,4,2,7,2,0,female
129371328,844,766,312,178,130,6,109,63,39,64,103,262,349,70,188,47,111,193,67,80,63,26,29,8,6,0,0,53,25,18,17,6,0,0,0,0,0,0,0,0,0,0,0,0,0,0,0,0,0,0,0,197,19,98,81,27,19,15,7,3,3,2,3,0,0,female
134120927,1541,107,20,6,6,0,4,4,0,0,45,29,38,8,30,0,2,16,6,10,1,2,0,2,0,0,0,0,0,0,0,0,0,0,0,0,0,0,0,0,0,0,0,0,0,0,0,0,0,0,0,13,1,4,8,17,2,4,4,3,2,0,0,9,0,female
134954386,851,623,285,129,69,20,150,80,55,51,102,224,297,46,180,40,90,149,65,70,63,33,27,7,3,0,0,33,13,8,12,5,0,0,0,0,0,0,0,0,0,0,0,0,0,0,0,0,0,0,0,131,16,49,69,19,17,9,4,11,4,6,11,0,0,female
135069683,2264,222,73,50,39,1,55,32,11,1,71,34,70,6,67,0,1,11,6,52,7,26,3,2,0,0,0,16,0,4,8,4,0,0,0,0,0,0,0,0,0,0,0,0,0,0,0,0,0,0,0,35,2,24,10,6,8,6,1,4,19,0,11,0,1,female
135782947,998,659,296,141,68,22,171,102,36,51,84,207,299,48,158,29,79,176,65,87,65,57,27,19,6,0,0,43,16,7,12,10,0,0,0,0,0,0,0,0,0,0,0,0,0,0,0,0,0,0,0,185,19,103,64,16,25,30,0,6,3,2,24,3,0,male
139272125,747,718,305,145,79,34,142,84,50,65,110,233,350,47,162,47,84,215,56,111,72,63,25,32,5,0,0,25,12,6,8,4,0,0,0,0,0,0,0,0,0,0,0,0,0,0,0,0,0,0,0,204,30,111,66,10,33,25,5,6,3,3,10,1,0,male
144415967,1302,447,272,120,71,15,82,45,20,43,60,139,195,29,115,17,46,86,47,47,45,28,10,7,2,0,0,20,1,9,8,2,0,0,0,0,0,0,0,0,0,0,0,0,0,0,0,0,0,0,0,84,12,32,41,5,13,10,2,7,5,3,6,0,0,female
146868029,1418,768,359,179,94,6,173,88,23,58,134,184,243,58,144,24,92,220,53,46,62,20,7,9,2,0,0,21,6,9,8,4,0,0,0,0,0,0,0,0,0,0,0,0,0,0,0,0,0,0,0,190,16,114,61,19,37,18,0,27,6,9,6,6,0,male
150383104,1786,378,227,124,69,6,94,44,12,25,66,110,158,43,95,23,37,57,25,34,33,30,8,5,5,0,0,20,7,3,10,0,0,0,0,0,0,0,0,0,0,0,0,0,0,0,0,0,0,0,0,72,7,26,41,3,13,3,1,1,2,2,4,0,0,female
155010707,1054,1178,557,249,111,23,213,124,39,118,153,410,564,89,323,75,159,270,112,113,117,55,19,8,10,0,0,53,8,16,22,9,0,0,0,0,0,0,0,0,0,0,0,0,0,0,0,0,0,0,0,228,29,112,96,10,21,33,8,6,8,4,9,4,0,male
156393615,1095,631,256,120,71,26,118,74,27,47,98,201,278,28,156,37,73,164,60,61,55,37,21,6,7,0,0,39,12,7,15,9,0,0,0,0,0,0,0,0,0,0,0,0,0,0,0,0,0,0,0,164,29,76,60,13,13,27,4,7,2,0,4,2,0,male
160059197,1214,682,393,196,98,29,223,140,59,47,115,238,275,63,190,26,93,160,64,71,49,26,25,10,1,0,0,56,18,5,35,4,0,0,0,0,0,0,0,0,0,0,0,0,0,0,0,0,0,0,0,152,20,73,66,10,21,14,4,2,7,4,9,0,1,male
160659354,1443,1107,591,257,135,28,226,107,77,134,107,339,466,68,267,57,172,252,128,114,107,91,34,23,21,0,0,44,15,13,13,8,0,0,0,0,0,0,0,0,0,0,0,0,0,0,0,0,0,0,0,221,29,80,124,29,39,31,5,4,9,4,14,4,0,female
161521811,3254,202,48,32,15,0,44,18,19,0,106,25,98,9,74,5,4,9,17,33,6,25,1,2,2,0,0,4,0,4,0,0,0,0,0,0,0,0,0,0,0,0,0,0,0,0,0,0,0,0,0,33,2,24,7,12,10,4,4,3,4,1,3,0,0,female
162988060,750,527,304,140,89,13,147,70,49,62,59,253,275,34,200,46,81,113,51,56,55,16,22,3,4,0,0,37,6,3,33,1,0,0,0,0,0,0,0,0,0,0,0,0,0,0,0,0,0,0,0,128,19,48,67,13,23,10,1,3,8,0,8,0,0,female
163614757,752,482,246,116,63,32,113,58,33,42,70,148,248,26,118,22,69,118,52,79,58,34,30,17,2,0,0,40,17,8,12,7,0,0,0,0,0,0,0,0,0,0,0,0,0,0,0,0,0,0,0,132,20,54,62,6,9,9,0,7,7,1,4,1,0,male
164799361,998,640,318,167,106,20,139,78,43,58,71,185,249,47,137,28,87,182,67,82,76,41,52,6,8,0,0,73,50,13,40,5,0,0,0,0,0,0,0,0,0,0,0,0,0,0,0,0,0,0,0,168,17,101,56,14,13,12,5,7,3,1,14,0,0,male
169001284,1189,823,457,217,118,23,167,90,46,89,102,270,380,74,205,44,96,191,75,100,75,28,21,7,5,0,0,46,11,13,23,3,0,0,0,0,0,0,0,0,0,0,0,0,0,0,0,0,0,0,0,180,28,80,82,11,11,11,1,8,10,3,16,2,0,female
176663017,807,867,448,207,101,30,202,102,40,79,99,290,416,65,230,56,125,206,68,84,86,38,28,4,3,0,0,47,15,9,21,4,0,0,0,0,0,0,0,0,0,0,0,0,0,0,0,0,0,0,0,192,25,97,72,7,14,21,8,5,6,4,9,2,1,female
183115415,1607,975,351,145,65,26,149,107,15,86,148,259,381,65,217,30,112,290,91,100,77,49,20,5,19,0,0,28,11,4,8,5,0,0,0,0,0,0,0,0,0,0,0,0,0,0,0,0,0,0,0,258,31,115,111,10,33,37,10,9,6,2,7,1,0,female
189895266,897,874,408,199,128,20,117,84,41,82,117,281,405,84,215,35,111,198,76,100,76,69,32,13,8,0,0,46,23,10,5,12,0,0,0,0,0,0,0,0,0,0,0,0,0,0,0,0,0,0,0,205,33,87,92,13,20,18,8,15,6,6,4,2,0,female
195369385,790,554,223,131,96,13,117,53,61,38,105,183,230,31,143,46,73,148,58,58,49,32,43,6,15,0,0,81,23,9,40,13,0,0,0,0,0,0,0,0,0,0,0,0,0,0,0,0,0,0,0,155,19,77,71,11,11,14,3,3,3,1,7,0,0,female
196757095,1992,298,94,71,48,1,44,21,17,4,97,58,106,13,82,4,10,18,10,46,8,30,4,1,0,0,0,6,3,3,1,1,0,0,0,0,0,0,0,0,0,0,0,0,0,0,0,0,0,0,0,52,4,29,19,6,7,5,4,3,5,0,3,0,0,female
197700578,1651,265,149,100,72,6,59,36,16,11,46,55,101,10,70,9,16,40,19,42,16,32,11,5,2,0,0,16,4,6,10,0,0,0,0,0,0,0,0,0,0,0,0,0,0,0,0,0,0,0,0,63,4,39,22,3,4,11,3,2,5,0,6,0,0,male
198189594,844,912,360,177,131,11,110,68,32,82,140,260,375,62,214,37,109,235,90,84,82,54,22,9,10,0,0,45,19,13,10,4,0,0,0,0,0,0,0,0,0,0,0,0,0,0,0,0,0,0,0,222,25,100,102,16,20,21,7,3,14,3,5,2,0,female
20214831,1103,1008,405,184,100,15,161,106,62,92,149,332,466,102,226,79,128,237,92,106,95,78,25,15,15,0,0,45,17,11,14,10,0,0,0,0,0,0,0,0,0,0,0,0,0,0,0,0,0,0,0,267,36,117,125,18,30,32,5,6,5,5,5,2,0,male
203656084,870,801,455,231,129,29,175,109,72,67,130,209,298,57,145,31,91,220,56,93,44,56,34,18,14,0,0,50,24,6,21,11,0,0,0,0,0,0,0,0,0,0,0,0,0,0,0,0,0,0,0,229,25,130,77,6,10,21,3,17,7,2,15,1,0,male
206912999,1455,761,341,149,75,47,174,136,32,64,113,223,290,81,153,36,84,237,70,74,52,53,33,7,6,0,0,32,10,8,14,4,0,0,0,0,0,0,0,0,0,0,0,0,0,0,0,0,0,0,0,213,43,91,84,20,37,24,3,12,9,2,10,13,0,male
208279736,840,1147,564,289,176,35,211,119,70,99,111,440,583,73,331,99,186,266,148,150,107,55,27,11,8,0,0,65,16,17,29,6,0,0,0,0,0,0,0,0,0,0,0,0,0,0,0,0,0,0,0,269,49,100,131,13,24,21,9,5,4,1,2,1,0,female
20999981,1265,962,461,232,144,13,140,69,44,97,125,284,418,77,223,55,139,233,99,93,75,50,28,9,12,0,0,58,26,10,20,11,0,0,0,0,0,0,0,0,0,0,0,0,0,0,0,0,0,0,0,249,23,128,102,14,10,15,3,8,6,2,9,2,0,female
218099040,824,622,389,188,102,26,172,89,38,60,81,241,279,53,190,40,66,132,46,78,39,28,30,9,6,0,0,47,27,5,27,1,0,0,0,0,0,0,0,0,0,0,0,0,0,0,0,0,0,0,0,215,39,74,105,7,14,8,5,6,6,0,20,0,0,male
218526813,971,987,480,255,178,37,157,86,66,85,133,336,454,106,244,36,130,229,120,116,99,53,30,18,8,0,0,51,8,16,26,4,0,0,0,0,0,0,0,0,0,0,0,0,0,0,0,0,0,0,0,221,59,89,82,19,9,27,5,12,12,3,9,2,0,male
219049295,997,848,481,246,146,25,327,194,114,62,131,277,386,59,209,59,130,231,96,133,83,48,52,18,11,0,0,64,32,13,41,1,0,0,0,0,0,0,0,0,0,0,0,0,0,0,0,0,0,0,0,238,43,127,77,16,18,41,1,5,5,49,39,13,0,male
22177502,1388,787,325,136,55,21,176,98,62,66,116,270,359,41,217,50,105,224,61,73,78,42,24,4,7,0,0,33,5,3,20,6,0,0,0,0,0,0,0,0,0,0,0,0,0,0,0,0,0,0,0,253,35,134,88,23,37,30,2,15,3,1,8,1,0,male
222824120,1115,783,546,276,148,27,163,86,50,75,77,243,305,65,171,35,90,140,83,87,57,42,25,10,16,0,0,57,32,7,21,5,0,0,0,0,0,0,0,0,0,0,0,0,0,0,0,0,0,0,0,126,18,63,55,25,14,6,8,4,2,2,15,0,0,female
227108149,528,453,245,127,76,21,83,48,18,39,25,169,218,52,116,35,67,98,64,60,45,26,8,6,2,0,0,21,7,2,9,3,0,0,0,0,0,0,0,0,0,0,0,0,0,0,0,0,0,0,0,101,28,31,40,6,20,10,1,1,0,0,3,0,0,male
229865466,806,782,311,152,98,20,131,90,40,69,118,265,386,57,208,46,118,200,77,79,90,46,31,10,11,0,0,25,14,1,10,5,0,0,0,0,0,0,0,0,0,0,0,0,0,0,0,0,0,0,0,191,25,86,84,12,17,28,2,6,13,3,8,6,0,male
22994551,1674,908,403,156,57,31,160,125,30,80,159,263,379,72,203,42,78,259,78,113,68,48,30,12,1,0,0,29,9,6,10,4,0,0,0,0,0,0,0,0,0,0,0,0,0,0,0,0,0,0,0,232,30,113,89,20,34,39,7,13,1,3,10,1,0,male
230097513,937,980,478,278,201,26,178,108,55,81,85,361,493,67,284,70,130,233,82,116,90,35,27,3,10,0,0,55,20,16,24,9,0,0,0,0,0,0,0,0,0,0,0,0,0,0,0,0,0,0,0,219,29,77,120,21,30,10,8,6,2,2,6,1,0,female
230580525,963,912,524,235,94,29,216,116,81,105,103,305,396,65,235,54,113,241,81,125,84,37,45,10,6,0,0,55,23,17,22,2,0,0,0,0,0,0,0,0,0,0,0,0,0,0,0,0,0,0,0,251,42,112,107,37,28,10,4,27,11,1,18,2,0,male
231083817,763,629,376,175,80,16,132,71,40,63,68,210,275,46,185,31,72,126,62,64,49,38,20,10,5,0,0,49,17,13,17,5,0,0,0,0,0,0,0,0,0,0,0,0,0,0,0,0,0,0,0,127,16,46,82,12,10,14,4,8,4,1,14,1,0,female
231497380,738,899,408,208,142,29,158,84,47,77,115,335,507,86,270,58,126,188,102,119,96,41,18,7,10,0,0,38,8,17,9,8,0,0,0,0,0,0,0,0,0,0,0,0,0,0,0,0,0,0,0,149,22,63,79,18,24,14,3,4,4,3,12,3,0,male
231970972,639,943,386,207,148,14,131,94,37,65,125,300,390,57,227,48,111,263,101,109,71,45,18,9,8,0,0,54,16,13,16,9,0,0,0,0,0,0,0,0,0,0,0,0,0,0,0,0,0,0,0,287,41,117,140,20,27,25,14,7,9,2,5,1,0,female
233808043,1560,1211,653,310,157,29,300,169,43,115,118,403,545,88,326,78,142,292,126,118,96,48,22,10,9,0,0,49,19,6,20,7,0,0,0,0,0,0,0,0,0,0,0,0,0,0,0,0,0,0,0,285,35,123,119,19,60,25,9,12,8,2,18,0,0,female
234586270,1543,206,97,37,27,5,34,22,6,13,66,55,65,13,51,1,10,28,19,25,9,14,5,9,0,0,0,15,6,4,5,2,0,0,0,0,0,0,0,0,0,0,0,0,0,0,0,0,0,0,0,41,9,14,21,16,3,16,2,1,5,0,0,22,0,female
234669118,893,650,311,149,81,19,143,65,53,64,81,217,296,46,180,25,98,157,68,86,63,47,42,9,11,0,0,54,9,5,33,8,0,0,0,0,0,0,0,0,0,0,0,0,0,0,0,0,0,0,0,174,23,76,69,4,11,11,6,5,5,1,11,0,0,male
234866000,1333,702,365,181,100,23,144,114,36,58,86,276,329,88,196,42,83,157,60,74,64,50,33,8,10,0,0,33,14,6,15,3,0,0,0,0,0,0,0,0,0,0,0,0,0,0,0,0,0,0,0,156,25,62,78,17,18,9,7,2,3,1,4,4,0,female
23553730,955,910,347,157,101,14,191,121,53,92,114,337,425,105,245,37,123,250,93,100,100,43,20,8,9,0,0,27,7,9,6,5,0,0,0,0,0,0,0,0,0,0,0,0,0,0,0,0,0,0,0,233,39,103,93,21,20,29,7,21,5,3,10,3,0,female
235832375,1560,193,102,63,34,2,47,21,5,5,52,24,52,2,51,0,6,13,10,32,12,14,2,2,1,0,0,9,2,0,7,0,0,0,0,0,0,0,0,0,0,0,0,0,0,0,0,0,0,0,0,28,2,17,9,5,16,4,2,0,6,1,4,0,0,female
237413240,747,852,344,161,106,28,136,79,32,65,123,274,387,83,207,33,91,222,102,111,92,46,18,10,11,0,0,34,12,15,3,5,0,0,0,0,0,0,0,0,0,0,0,0,0,0,0,0,0,0,0,224,40,104,79,17,31,16,9,7,4,5,11,0,0,male
238452879,859,730,333,175,129,14,177,100,69,60,99,244,301,59,170,36,108,195,74,103,54,41,58,11,4,0,0,71,28,13,31,11,0,0,0,0,0,0,0,0,0,0,0,0,0,0,0,0,0,0,0,232,35,109,95,10,15,22,10,7,3,1,6,3,0,female
238867925,1532,1016,315,149,60,5,168,53,30,54,87,264,422,66,193,79,143,349,74,63,169,33,5,9,15,0,0,22,8,6,8,1,0,0,0,0,0,0,0,0,0,0,0,0,0,0,0,0,0,0,0,214,41,80,91,20,34,10,4,3,1,0,3,0,0,female
240492997,1076,1090,457,229,138,32,169,108,52,103,146,296,477,68,227,46,138,283,116,158,86,41,43,12,4,0,0,62,30,13,24,9,0,0,0,0,0,0,0,0,0,0,0,0,0,0,0,0,0,0,0,281,29,139,121,36,23,22,7,5,9,4,10,3,0,male
241229843,1130,495,224,122,73,27,104,82,13,30,63,112,187,29,93,16,38,190,29,81,31,59,27,38,3,0,0,30,13,6,20,3,0,0,0,0,0,0,0,0,0,0,0,0,0,0,0,0,0,0,0,219,20,99,96,21,9,25,4,1,19,0,9,1,2,male
241666095,1114,972,458,219,112,25,187,101,81,98,156,300,422,88,220,47,129,250,94,120,86,66,79,22,14,0,0,82,55,8,46,5,0,0,0,0,0,0,0,0,0,0,0,0,0,0,0,0,0,0,0,267,36,137,106,40,21,16,3,2,12,8,11,0,0,male
243319382,925,781,343,188,131,21,149,110,35,50,88,259,377,72,189,56,96,240,84,111,75,58,30,29,7,0,0,54,24,8,23,7,0,0,0,0,0,0,0,0,0,0,0,0,0,0,0,0,0,0,0,213,33,106,77,13,48,24,1,4,9,0,6,0,0,female
243429263,1205,922,393,198,121,21,178,127,29,75,141,264,375,58,208,39,109,246,81,91,73,46,25,7,10,0,0,49,17,17,12,7,0,0,0,0,0,0,0,0,0,0,0,0,0,0,0,0,0,0,0,223,29,117,84,27,26,11,6,2,19,2,15,3,0,female
24472132,1067,848,377,170,109,24,133,62,35,79,129,274,430,87,217,30,116,214,79,89,95,31,25,8,5,0,0,41,11,12,13,11,0,0,0,0,0,0,0,0,0,0,0,0,0,0,0,0,0,0,0,182,34,80,70,15,17,18,4,10,2,4,17,5,0,male
246415736,1507,1112,365,165,89,25,192,122,63,99,135,326,514,80,227,54,161,310,127,133,128,79,29,29,14,0,0,36,15,6,12,7,0,0,0,0,0,0,0,0,0,0,0,0,0,0,0,0,0,0,0,284,25,151,101,15,49,24,7,3,6,3,9,5,0,male
247085273,1224,1269,604,272,137,46,179,141,41,119,164,381,581,93,268,88,155,326,109,156,130,72,32,28,10,0,0,56,29,6,21,10,0,0,0,0,0,0,0,0,0,0,0,0,0,0,0,0,0,0,0,291,40,157,95,18,36,24,5,7,5,2,8,4,0,male
249449454,938,702,301,128,71,14,119,73,24,78,81,203,295,59,146,41,98,197,54,66,67,41,14,20,5,0,0,16,12,4,3,0,0,0,0,0,0,0,0,0,0,0,0,0,0,0,0,0,0,0,0,181,25,98,69,5,12,13,4,1,8,2,10,3,0,male
251395294,799,747,385,180,92,24,199,116,43,51,74,259,308,47,208,42,115,197,85,69,88,26,11,12,3,0,0,35,8,4,21,2,0,0,0,0,0,0,0,0,0,0,0,0,0,0,0,0,0,0,0,165,19,69,76,15,19,6,4,7,7,0,8,1,0,female
251717831,1116,633,379,189,99,13,194,132,39,58,83,234,289,46,191,37,92,124,59,68,57,37,30,11,6,0,0,37,15,6,15,5,0,0,0,0,0,0,0,0,0,0,0,0,0,0,0,0,0,0,0,127,15,55,59,6,16,16,8,4,4,1,15,2,1,female
251799369,1138,765,299,163,114,17,112,68,29,48,85,239,338,57,187,38,90,233,86,91,61,38,14,6,10,0,0,57,15,10,15,20,0,0,0,0,0,0,0,0,0,0,0,0,0,0,0,0,0,0,0,224,34,104,89,29,23,16,11,9,1,2,10,1,0,female
252413333,1227,1076,479,228,136,25,187,105,46,87,136,341,515,93,271,58,157,240,155,120,112,53,17,9,27,0,0,67,20,21,17,13,0,0,0,0,0,0,0,0,0,0,0,0,0,0,0,0,0,0,0,240,31,116,93,32,38,38,8,2,2,2,8,3,0,female
253297807,1164,864,464,224,120,32,153,75,50,88,95,311,451,79,241,72,134,164,90,116,92,45,28,9,17,0,0,55,24,11,24,6,0,0,0,0,0,0,0,0,0,0,0,0,0,0,0,0,0,0,0,200,38,84,87,9,10,18,2,1,6,1,4,3,0,female
253766808,1095,834,478,223,147,29,178,105,69,83,101,266,392,73,190,45,115,205,79,114,97,49,41,12,12,0,0,64,23,10,29,13,0,0,0,0,0,0,0,0,0,0,0,0,0,0,0,0,0,0,0,201,31,78,101,18,19,17,6,8,13,4,8,4,0,female
254108070,955,844,420,208,124,32,125,89,38,69,112,257,367,45,209,55,103,221,90,110,67,43,25,13,2,0,0,48,18,9,13,15,0,0,0,0,0,0,0,0,0,0,0,0,0,0,0,0,0,0,0,246,50,110,94,6,16,21,5,8,2,1,11,1,0,female
254748618,797,821,414,204,129,21,151,88,33,93,71,278,424,79,193,54,113,193,80,113,87,46,29,9,9,0,0,28,14,3,12,4,0,0,0,0,0,0,0,0,0,0,0,0,0,0,0,0,0,0,0,200,28,94,82,27,20,11,2,1,2,1,9,1,0,female
255293339,606,770,320,166,122,6,132,80,40,75,98,266,367,83,192,48,110,203,71,62,77,47,36,9,14,0,0,49,23,14,25,3,0,0,0,0,0,0,0,0,0,0,0,0,0,0,0,0,0,0,0,184,19,80,88,13,22,11,3,10,5,5,9,2,0,male
255799705,1025,570,334,162,110,26,166,121,38,45,85,216,228,68,150,35,90,137,35,58,58,59,47,17,8,0,0,60,29,10,29,6,0,0,0,0,0,0,0,0,0,0,0,0,0,0,0,0,0,0,0,176,38,77,61,5,11,10,6,9,5,3,3,3,0,male
256773287,830,625,344,172,94,16,132,93,25,57,67,199,293,43,166,33,68,124,86,103,53,54,23,12,15,0,0,43,22,9,14,3,0,0,0,0,0,0,0,0,0,0,0,0,0,0,0,0,0,0,0,155,24,62,72,2,6,7,1,4,3,1,9,0,0,male
25693282,722,870,298,170,113,4,131,89,38,57,81,294,435,58,213,88,116,252,90,99,119,48,23,17,18,0,0,56,32,8,14,8,0,0,0,0,0,0,0,0,0,0,0,0,0,0,0,0,0,0,0,212,52,101,68,19,19,9,7,5,5,0,4,0,0,female
257106582,1529,305,163,87,53,5,91,53,19,22,68,54,111,14,69,13,18,36,12,54,16,33,4,2,6,0,0,16,2,5,6,3,0,0,0,0,0,0,0,0,0,0,0,0,0,0,0,0,0,0,0,52,5,29,14,10,6,7,4,1,7,0,19,0,0,female
257513036,1187,869,370,186,117,28,142,82,47,69,117,265,369,72,225,37,115,224,92,90,70,50,18,2,11,0,0,39,12,12,11,5,0,0,0,0,0,0,0,0,0,0,0,0,0,0,0,0,0,0,0,237,34,87,115,20,13,15,16,6,3,2,2,1,0,female
25821356,845,678,327,173,104,16,146,81,36,58,87,242,324,51,187,46,92,148,74,69,61,34,24,4,7,0,0,26,9,6,11,1,0,0,0,0,0,0,0,0,0,0,0,0,0,0,0,0,0,0,0,141,23,65,59,14,25,15,5,9,3,5,11,4,0,male
25897435,1066,1093,578,288,149,37,267,189,42,103,96,363,522,63,298,62,149,297,142,146,128,72,26,16,13,0,0,97,27,19,42,11,0,0,0,0,0,0,0,0,0,0,0,0,0,0,0,0,0,0,0,279,30,108,147,23,58,33,24,10,15,1,4,1,0,female
25940641,1543,1265,593,252,112,79,192,127,34,120,174,363,550,80,297,54,163,318,101,127,125,46,18,10,2,0,0,51,15,9,16,12,0,0,0,0,0,0,0,0,0,0,0,0,0,0,0,0,0,0,0,262,25,124,112,20,24,20,9,16,37,3,16,4,0,female
259533576,960,914,391,215,155,19,161,92,52,70,115,306,395,64,229,58,122,201,103,90,97,36,23,7,4,0,0,55,15,11,18,16,0,0,0,0,0,0,0,0,0,0,0,0,0,0,0,0,0,0,0,211,34,84,101,34,14,20,7,11,6,0,7,1,0,female
25963856,932,620,289,148,117,12,151,110,34,52,69,208,258,58,134,15,75,179,59,89,48,50,15,16,8,0,0,33,11,7,15,3,0,0,0,0,0,0,0,0,0,0,0,0,0,0,0,0,0,0,0,191,23,97,73,15,26,12,4,2,5,2,13,7,0,female
261914244,1716,758,379,186,98,20,186,138,10,55,101,193,275,46,163,31,65,252,53,88,59,57,26,17,8,0,0,30,5,1,20,4,0,0,0,0,0,0,0,0,0,0,0,0,0,0,0,0,0,0,0,253,38,137,75,12,20,45,12,3,19,1,17,2,0,male
262346368,992,743,447,184,80,33,173,79,50,100,93,258,343,66,223,34,79,179,74,87,51,34,30,9,7,0,0,54,22,21,18,4,0,0,0,0,0,0,0,0,0,0,0,0,0,0,0,0,0,0,0,211,32,95,81,13,30,14,2,6,10,1,4,4,1,male
262454953,1526,946,506,249,132,24,169,107,47,92,91,318,419,79,246,43,138,255,102,104,87,53,44,11,13,0,0,59,31,12,25,6,0,0,0,0,0,0,0,0,0,0,0,0,0,0,0,0,0,0,0,261,30,120,134,27,14,16,4,6,8,3,13,2,0,female
262912800,975,888,473,234,135,22,225,118,79,79,108,322,416,70,244,45,139,220,86,98,82,51,45,11,6,0,0,69,22,10,38,5,0,0,0,0,0,0,0,0,0,0,0,0,0,0,0,0,0,0,0,214,29,88,107,9,14,14,9,2,4,1,11,1,0,female
263691205,1032,848,439,220,129,22,182,121,44,78,127,277,369,67,234,28,93,169,96,95,65,63,36,15,9,0,0,34,13,3,13,5,0,0,0,0,0,0,0,0,0,0,0,0,0,0,0,0,0,0,0,174,24,77,78,25,24,37,17,7,9,0,7,5,1,male
264514479,1535,990,448,181,99,37,139,81,60,107,162,303,424,82,249,44,104,268,89,105,92,74,47,16,11,0,0,59,18,15,21,8,0,0,0,0,0,0,0,0,0,0,0,0,0,0,0,0,0,0,0,236,29,113,102,21,32,36,6,15,7,4,6,0,0,male
264628404,1262,632,349,165,79,14,124,97,48,54,96,192,260,42,154,23,72,136,58,79,61,44,26,13,13,0,0,34,22,3,13,4,0,0,0,0,0,0,0,0,0,0,0,0,0,0,0,0,0,0,0,166,23,83,73,7,35,15,3,6,6,4,11,1,1,male
267932188,1009,815,324,167,117,17,138,81,52,63,112,263,355,45,223,38,99,216,80,90,79,48,32,12,7,0,0,53,15,8,30,5,0,0,0,0,0,0,0,0,0,0,0,0,0,0,0,0,0,0,0,182,35,86,71,38,22,22,2,8,4,2,11,1,0,male
26834776,899,1100,475,205,96,25,184,144,53,116,103,349,506,72,267,54,176,258,130,129,126,64,31,13,5,0,0,34,8,10,18,0,0,0,0,0,0,0,0,0,0,0,0,0,0,0,0,0,0,0,0,240,23,111,104,19,30,20,2,2,24,7,15,2,0,female
268366947,1004,1186,526,293,195,22,226,134,71,98,125,421,542,98,318,68,166,281,112,149,106,75,20,19,12,0,0,60,17,16,15,13,0,0,0,0,0,0,0,0,0,0,0,0,0,0,0,0,0,0,0,285,46,144,105,16,27,20,10,9,5,4,30,1,3,female
268557840,832,1134,565,246,128,38,228,111,74,118,137,369,534,88,280,70,165,295,115,130,108,59,23,15,12,0,0,56,16,9,22,12,0,0,0,0,0,0,0,0,0,0,0,0,0,0,0,0,0,0,0,252,42,126,92,14,31,9,5,8,18,2,8,2,1,female
270479707,1122,865,365,187,118,16,167,103,52,65,131,278,386,67,226,40,118,228,60,79,89,45,37,14,4,0,0,46,19,9,23,5,0,0,0,0,0,0,0,0,0,0,0,0,0,0,0,0,0,0,0,194,26,100,77,25,24,13,4,3,11,4,7,1,0,female
270906614,1383,1204,494,231,123,36,201,144,53,112,147,394,559,102,286,73,191,331,105,121,95,53,26,5,10,0,0,26,8,6,7,5,0,0,0,0,0,0,0,0,0,0,0,0,0,0,0,0,0,0,0,331,49,149,136,22,37,30,7,7,6,1,19,2,0,male
271157909,888,756,352,187,120,14,131,77,29,59,85,251,373,48,210,54,114,195,78,101,81,28,24,1,7,0,0,32,7,4,17,6,0,0,0,0,0,0,0,0,0,0,0,0,0,0,0,0,0,0,0,231,33,107,93,16,13,17,8,4,1,0,17,0,0,female
271739194,1375,1027,470,236,160,18,171,111,42,102,129,356,488,64,263,79,125,250,100,120,81,44,28,5,6,0,0,39,18,8,9,11,0,0,0,0,0,0,0,0,0,0,0,0,0,0,0,0,0,0,0,264,49,118,104,27,44,33,5,6,5,1,11,5,0,male
275725843,1006,930,524,259,142,20,221,125,43,81,91,337,435,84,278,66,117,227,87,100,83,57,19,14,15,0,0,61,17,10,24,11,0,0,0,0,0,0,0,0,0,0,0,0,0,0,0,0,0,0,0,227,34,88,114,17,28,8,4,2,10,2,10,2,0,female
278855391,1058,837,396,197,122,20,174,107,56,75,119,292,390,63,210,60,119,195,96,106,66,56,40,16,11,0,0,86,28,23,31,15,0,0,0,0,0,0,0,0,0,0,0,0,0,0,0,0,0,0,0,222,36,97,98,12,20,24,7,8,9,0,8,4,0,female
279177113,1269,953,521,264,176,28,192,101,51,96,110,300,422,60,265,43,110,223,90,109,89,34,37,3,6,0,0,59,17,13,26,10,0,0,0,0,0,0,0,0,0,0,0,0,0,0,0,0,0,0,0,186,29,86,81,10,22,22,7,9,5,6,13,0,0,female
279781693,1355,906,511,236,130,25,187,139,48,88,108,282,402,81,207,35,119,205,87,118,78,42,32,7,7,0,0,45,13,6,26,1,0,0,0,0,0,0,0,0,0,0,0,0,0,0,0,0,0,0,0,197,29,97,77,8,17,11,1,4,14,1,32,0,0,female
280777389,786,699,303,157,107,15,102,66,40,59,91,222,285,65,152,32,100,164,76,74,55,41,31,7,5,0,0,46,22,10,20,4,0,0,0,0,0,0,0,0,0,0,0,0,0,0,0,0,0,0,0,170,23,90,61,7,7,7,7,7,0,2,5,2,0,female
281289188,1424,898,567,264,132,39,220,117,66,98,117,274,367,81,203,45,125,171,66,108,71,49,41,15,8,0,0,43,12,7,24,6,0,0,0,0,0,0,0,0,0,0,0,0,0,0,0,0,0,0,0,190,32,76,93,28,17,35,8,4,12,2,12,2,0,male
28176987,759,780,344,149,76,27,148,83,36,72,114,253,405,48,206,46,100,190,66,112,72,40,23,16,6,0,0,38,13,8,18,4,0,0,0,0,0,0,0,0,0,0,0,0,0,0,0,0,0,0,0,200,29,98,81,12,23,25,2,0,3,1,9,1,0,male
284628430,1595,849,404,172,95,44,163,98,58,79,129,274,372,75,196,66,123,189,97,93,84,55,25,10,8,0,0,44,16,7,21,6,0,0,0,0,0,0,0,0,0,0,0,0,0,0,0,0,0,0,0,202,37,91,87,24,26,24,6,7,5,6,14,2,0,male
285607620,2106,333,139,84,53,2,58,31,8,8,68,72,130,25,81,9,19,44,30,61,17,31,3,2,6,0,0,10,3,3,4,2,0,0,0,0,0,0,0,0,0,0,0,0,0,0,0,0,0,0,0,58,4,31,22,3,5,3,4,0,5,0,10,0,0,female
286876100,1154,808,386,192,108,12,188,87,79,60,108,324,389,56,221,59,111,195,79,103,79,45,26,10,13,0,0,41,13,4,16,10,0,0,0,0,0,0,0,0,0,0,0,0,0,0,0,0,0,0,0,175,23,103,58,26,23,14,4,8,7,7,9,4,1,female
287350897,1347,1216,604,317,215,38,231,136,61,92,150,371,488,103,285,44,159,292,130,114,115,62,36,12,10,0,0,102,28,26,33,28,0,0,0,0,0,0,0,0,0,0,0,0,0,0,0,0,0,0,0,304,36,135,136,13,20,27,8,10,7,4,20,4,0,female
288715240,957,755,319,167,113,10,119,68,37,60,112,258,376,63,193,61,87,198,67,88,78,42,22,10,3,0,0,23,7,2,10,5,0,0,0,0,0,0,0,0,0,0,0,0,0,0,0,0,0,0,0,207,23,106,81,28,27,15,10,5,7,1,8,2,0,female
28906465,1238,1279,493,253,174,32,134,67,51,107,179,423,595,138,294,63,160,325,149,140,100,55,35,8,8,0,0,83,18,24,15,34,0,0,0,0,0,0,0,0,0,0,0,0,0,0,0,0,0,0,0,332,51,146,137,29,36,43,31,20,9,9,15,3,0,female
290268568,523,414,178,79,46,8,55,40,18,46,55,151,213,43,110,32,44,111,36,56,43,16,12,2,8,0,0,26,10,6,7,5,0,0,0,0,0,0,0,0,0,0,0,0,0,0,0,0,0,0,0,100,20,32,49,13,14,7,5,5,3,3,1,0,0,male
290301230,799,793,369,203,118,15,174,98,48,50,80,280,383,61,213,51,90,200,83,116,80,40,25,15,4,0,0,41,10,11,14,8,0,0,0,0,0,0,0,0,0,0,0,0,0,0,0,0,0,0,0,182,23,88,87,34,14,25,1,2,2,2,16,1,0,female
292683893,993,1162,554,283,181,29,220,128,50,107,128,397,530,136,244,76,133,317,110,141,86,88,42,21,19,0,0,53,19,15,13,8,0,0,0,0,0,0,0,0,0,0,0,0,0,0,0,0,0,0,0,326,47,151,141,15,19,33,7,7,5,3,27,8,0,male
293213181,646,616,250,121,81,11,113,68,30,59,68,216,316,45,158,49,62,168,82,103,50,40,12,9,7,0,0,35,10,6,10,9,0,0,0,0,0,0,0,0,0,0,0,0,0,0,0,0,0,0,0,154,20,79,65,20,19,19,3,5,5,4,8,1,0,female
294037425,1475,398,220,120,80,34,74,41,13,18,21,128,141,46,78,12,35,55,53,90,14,73,7,6,4,0,0,9,3,0,6,0,0,0,0,0,0,0,0,0,0,0,0,0,0,0,0,0,0,0,0,109,44,20,47,4,5,5,3,4,1,0,14,2,0,male
294823376,1576,496,230,122,63,16,118,69,21,26,83,145,214,26,134,29,56,92,48,76,45,30,4,5,3,0,0,18,7,2,9,0,0,0,0,0,0,0,0,0,0,0,0,0,0,0,0,0,0,0,0,104,16,50,39,3,10,8,2,2,2,7,18,1,0,female
294864398,647,593,342,153,87,23,129,91,35,67,73,196,254,54,149,18,64,172,41,91,31,53,43,22,6,0,0,50,23,8,22,7,0,0,0,0,0,0,0,0,0,0,0,0,0,0,0,0,0,0,0,240,79,98,67,16,13,43,1,3,4,0,14,1,0,male
295340462,946,779,409,204,119,22,159,75,36,66,75,271,370,57,209,49,92,186,90,106,71,22,8,6,5,0,0,37,12,6,16,6,0,0,0,0,0,0,0,0,0,0,0,0,0,0,0,0,0,0,0,192,32,82,83,14,17,11,9,3,0,4,11,2,0,female
296433109,852,808,330,139,63,23,112,72,34,73,126,260,386,66,205,45,108,206,67,92,81,28,9,6,3,0,0,32,14,7,5,12,0,0,0,0,0,0,0,0,0,0,0,0,0,0,0,0,0,0,0,187,25,88,82,12,24,17,4,4,5,2,6,1,0,male
300928318,999,800,402,192,95,26,199,133,37,61,87,302,365,49,245,45,111,170,94,76,89,28,14,3,3,0,0,43,7,4,21,11,0,0,0,0,0,0,0,0,0,0,0,0,0,0,0,0,0,0,0,165,23,68,77,19,32,16,7,3,9,0,17,0,0,female
301117918,921,938,499,272,183,15,189,86,75,87,106,302,404,61,222,65,136,219,79,106,94,45,34,11,11,0,0,68,19,19,27,8,0,0,0,0,0,0,0,0,0,0,0,0,0,0,0,0,0,0,0,183,28,70,94,4,14,15,5,4,13,5,4,1,0,female
302258234,1068,861,401,179,108,21,117,85,22,80,100,259,391,67,207,41,107,228,86,87,69,47,11,10,8,0,0,31,11,9,9,5,0,0,0,0,0,0,0,0,0,0,0,0,0,0,0,0,0,0,0,219,40,106,78,26,12,23,9,4,8,2,7,3,0,female
302662448,802,871,456,233,133,16,175,99,30,67,72,323,407,66,239,51,127,206,74,100,65,37,15,6,11,0,0,46,15,12,17,2,0,0,0,0,0,0,0,0,0,0,0,0,0,0,0,0,0,0,0,185,40,76,70,22,20,14,9,2,5,4,11,4,0,male
303420630,959,961,483,245,147,15,210,96,87,103,130,325,450,66,247,78,104,219,107,106,90,48,44,6,8,0,0,55,29,10,35,3,0,0,0,0,0,0,0,0,0,0,0,0,0,0,0,0,0,0,0,211,36,95,97,13,24,11,0,2,2,2,13,0,0,male
304705046,1135,846,307,155,90,24,113,54,34,60,133,245,336,48,189,35,102,235,77,89,62,44,19,6,9,0,0,35,13,7,7,10,0,0,0,0,0,0,0,0,0,0,0,0,0,0,0,0,0,0,0,215,37,98,85,16,16,18,11,5,5,2,13,1,0,female
304796892,1466,888,468,218,114,29,186,109,52,64,120,268,419,66,224,44,130,213,86,98,87,57,25,11,15,0,0,45,13,12,21,3,0,0,0,0,0,0,0,0,0,0,0,0,0,0,0,0,0,0,0,217,28,98,94,17,21,23,6,2,5,3,10,1,0,male
30597694,1815,434,200,85,45,16,68,52,13,42,85,114,169,32,105,7,45,103,28,43,29,24,10,2,2,0,0,26,6,5,11,5,0,0,0,0,0,0,0,0,0,0,0,0,0,0,0,0,0,0,0,233,13,41,178,7,4,10,13,6,3,0,4,2,0,female
307701289,1359,790,412,179,84,22,176,88,52,88,114,230,318,63,169,34,89,205,71,90,61,60,53,6,15,0,0,45,29,5,25,8,0,0,0,0,0,0,0,0,0,0,0,0,0,0,0,0,0,0,0,211,33,97,91,39,20,26,5,7,12,2,10,1,0,male
30822218,1505,760,369,179,90,20,160,84,51,65,112,225,346,61,193,46,95,150,75,89,70,62,35,7,2,0,0,49,15,9,13,12,0,0,0,0,0,0,0,0,0,0,0,0,0,0,0,0,0,0,0,164,25,73,67,7,21,17,6,5,5,16,6,1,0,female
308817567,950,479,310,140,68,31,161,118,22,47,73,198,204,26,168,28,54,102,27,40,38,32,23,8,3,0,0,35,12,3,19,3,0,0,0,0,0,0,0,0,0,0,0,0,0,0,0,0,0,0,0,113,10,55,56,7,18,8,5,2,1,3,4,0,0,male
309106296,1342,1049,528,235,98,35,150,95,37,92,135,358,473,104,265,52,116,261,97,112,73,70,38,8,15,0,0,46,16,12,14,9,0,0,0,0,0,0,0,0,0,0,0,0,0,0,0,0,0,0,0,251,35,119,106,20,14,22,7,9,6,2,4,0,0,male
309303548,1221,865,409,217,138,23,186,95,65,71,135,312,423,73,256,66,114,188,93,82,80,43,29,5,10,0,0,47,10,14,22,7,0,0,0,0,0,0,0,0,0,0,0,0,0,0,0,0,0,0,0,199,22,88,92,7,20,14,3,4,7,4,5,1,1,female
30972374,652,987,395,197,142,23,139,79,52,96,108,339,492,72,252,85,117,278,99,123,79,54,21,12,9,0,0,59,10,19,13,17,0,0,0,0,0,0,0,0,0,0,0,0,0,0,0,0,0,0,0,252,42,106,108,8,23,24,11,6,13,3,12,7,0,female
309800804,1032,731,297,134,79,25,106,87,21,78,101,215,305,49,156,35,80,218,54,84,65,37,30,5,6,0,0,28,20,4,12,4,0,0,0,0,0,0,0,0,0,0,0,0,0,0,0,0,0,0,0,206,33,95,77,9,22,32,1,6,5,4,28,1,0,male
309984509,769,585,303,157,111,25,158,105,39,43,61,255,282,50,188,39,74,135,50,79,44,37,23,5,8,0,0,38,7,7,21,4,0,0,0,0,0,0,0,0,0,0,0,0,0,0,0,0,0,0,0,151,22,54,81,5,19,7,6,1,7,5,11,0,0,female
310445971,970,755,351,172,107,19,141,88,30,60,88,250,334,50,199,51,77,230,68,101,55,39,19,10,9,0,0,31,10,4,15,4,0,0,0,0,0,0,0,0,0,0,0,0,0,0,0,0,0,0,0,234,40,87,109,24,21,15,0,4,7,0,13,0,0,male
310492568,1424,511,289,135,75,11,115,67,44,55,88,159,214,38,127,29,53,116,49,49,45,26,30,8,5,0,0,42,17,8,18,6,0,0,0,0,0,0,0,0,0,0,0,0,0,0,0,0,0,0,0,130,14,62,62,8,20,25,3,25,4,2,8,3,0,male
317569543,881,1122,620,329,203,21,239,138,60,106,109,399,533,118,327,50,162,227,142,123,101,63,35,11,21,0,0,65,21,13,28,9,0,0,0,0,0,0,0,0,0,0,0,0,0,0,0,0,0,0,0,234,34,102,109,5,18,16,10,3,12,2,23,2,0,female
319450103,770,821,368,194,144,13,143,86,41,60,78,288,394,61,231,43,121,195,89,97,66,42,21,13,10,0,0,42,15,10,14,6,0,0,0,0,0,0,0,0,0,0,0,0,0,0,0,0,0,0,0,213,25,94,94,13,17,16,8,3,3,0,14,2,0,male
320431059,928,897,471,240,134,28,181,107,69,69,128,286,372,102,173,44,99,237,101,121,74,46,48,10,9,0,0,53,27,13,21,3,0,0,0,0,0,0,0,0,0,0,0,0,0,0,0,0,0,0,0,286,57,125,110,8,11,16,4,6,12,2,13,0,0,male
320884945,802,802,426,192,101,32,145,97,51,99,98,276,367,76,207,31,79,217,76,113,60,55,30,18,13,0,0,61,15,15,21,13,0,0,0,0,0,0,0,0,0,0,0,0,0,0,0,0,0,0,0,227,36,102,91,3,10,15,11,4,5,8,5,0,0,male
321447612,1188,947,463,196,99,28,169,83,53,109,128,307,445,95,234,38,119,241,91,100,92,49,24,15,6,0,0,38,7,14,10,9,0,0,0,0,0,0,0,0,0,0,0,0,0,0,0,0,0,0,0,235,26,97,121,11,16,27,1,6,6,6,6,1,1,male
321647306,1135,801,374,207,141,22,173,85,61,57,131,307,388,60,246,48,119,174,75,88,74,37,33,15,5,0,0,61,16,11,31,7,0,0,0,0,0,0,0,0,0,0,0,0,0,0,0,0,0,0,0,197,25,80,101,11,17,15,2,6,10,2,11,2,1,male
322956056,1025,729,330,167,103,13,159,107,21,51,82,272,303,80,185,33,80,199,62,66,54,49,16,15,6,0,0,27,7,8,13,3,0,0,0,0,0,0,0,0,0,0,0,0,0,0,0,0,0,0,0,209,38,88,79,43,25,20,5,15,7,1,5,4,0,female
322987477,1141,558,257,107,52,19,95,57,42,58,95,177,228,52,112,34,57,161,44,52,36,25,28,7,2,0,0,46,22,9,22,6,0,0,0,0,0,0,0,0,0,0,0,0,0,0,0,0,0,0,0,161,19,93,52,13,17,20,4,0,5,4,4,0,0,male
323127182,833,847,508,245,137,22,132,106,67,93,96,291,398,103,186,52,111,183,102,109,86,41,39,11,9,0,0,53,26,9,24,10,0,0,0,0,0,0,0,0,0,0,0,0,0,0,0,0,0,0,0,193,33,61,112,11,13,11,3,9,1,4,8,0,0,male
32331128,2172,1123,510,217,101,43,169,113,20,90,148,314,407,76,238,43,128,363,94,131,95,56,26,10,8,0,0,35,8,5,18,5,0,0,0,0,0,0,0,0,0,0,0,0,0,0,0,0,0,0,0,442,76,246,116,12,17,59,6,17,8,2,14,1,0,male
32623333,1319,904,335,192,142,16,122,71,37,53,96,300,417,86,229,47,119,221,109,123,100,62,15,6,16,0,0,67,15,27,12,14,0,0,0,0,0,0,0,0,0,0,0,0,0,0,0,0,0,0,0,237,43,86,112,13,27,14,10,5,4,2,5,0,0,female
326509990,1051,630,320,172,111,19,152,83,50,52,109,229,292,66,169,52,69,155,52,80,59,43,50,17,8,0,0,61,14,10,36,9,0,0,0,0,0,0,0,0,0,0,0,0,0,0,0,0,0,0,0,145,32,62,63,10,10,11,4,0,6,3,4,2,0,male
327078534,904,665,318,144,84,26,103,67,44,56,132,205,260,59,133,26,80,175,49,58,52,39,40,10,8,0,0,56,30,7,29,3,0,0,0,0,0,0,0,0,0,0,0,0,0,0,0,0,0,0,0,176,26,75,82,4,11,11,2,4,7,4,10,3,4,male
327994124,1142,651,313,145,76,17,109,70,27,68,100,218,281,63,164,39,98,150,55,64,52,35,18,10,8,0,0,30,7,12,11,3,0,0,0,0,0,0,0,0,0,0,0,0,0,0,0,0,0,0,0,192,31,81,89,16,18,19,2,3,5,5,6,0,1,male
33055549,2467,507,196,100,42,5,111,81,14,28,112,143,240,19,160,21,39,80,44,63,44,62,14,8,6,0,0,15,1,2,12,0,0,0,0,0,0,0,0,0,0,0,0,0,0,0,0,0,0,0,0,123,17,74,27,6,18,6,3,3,24,2,19,0,0,male
33135194,1318,1131,641,290,138,52,248,140,96,92,165,390,534,84,318,75,147,274,125,139,115,41,53,13,7,0,0,77,26,13,42,7,0,0,0,0,0,0,0,0,0,0,0,0,0,0,0,0,0,0,0,241,44,100,114,19,21,15,6,1,5,1,3,1,0,female
332456403,651,477,280,143,79,14,104,59,58,36,85,141,222,41,101,41,56,100,68,75,49,27,44,10,8,0,0,63,45,0,31,8,0,0,0,0,0,0,0,0,0,0,0,0,0,0,0,0,0,0,0,134,16,78,56,6,7,10,1,3,2,3,9,0,0,male
333194654,1386,668,305,144,90,13,124,83,19,72,88,180,276,34,160,31,92,160,75,70,60,35,13,5,8,0,0,37,12,7,10,13,0,0,0,0,0,0,0,0,0,0,0,0,0,0,0,0,0,0,0,182,19,68,95,13,34,21,5,4,2,2,11,3,0,female
333794696,811,667,316,156,96,20,117,70,36,63,79,214,295,74,141,47,85,167,67,76,59,37,23,7,10,0,0,23,17,1,9,2,0,0,0,0,0,0,0,0,0,0,0,0,0,0,0,0,0,0,0,170,17,78,71,11,23,10,5,2,5,0,16,2,0,male
335518656,1069,883,438,213,136,23,152,87,42,79,118,271,373,84,203,56,130,209,84,77,74,34,15,14,8,0,0,58,16,13,16,15,0,0,0,0,0,0,0,0,0,0,0,0,0,0,0,0,0,0,0,226,26,95,110,14,30,20,10,3,10,7,8,0,1,female
336950490,1093,987,568,288,147,21,232,109,84,94,139,329,453,77,233,58,115,206,109,117,96,31,51,15,1,0,0,59,26,13,37,5,0,0,0,0,0,0,0,0,0,0,0,0,0,0,0,0,0,0,0,263,31,110,136,19,29,15,3,12,9,6,6,8,0,male
338167123,1102,1086,614,315,156,29,236,115,67,75,129,359,508,85,270,62,167,245,133,138,103,38,34,7,8,0,0,54,17,15,26,3,0,0,0,0,0,0,0,0,0,0,0,0,0,0,0,0,0,0,0,256,36,115,109,15,23,15,9,6,2,0,10,1,0,female
340007841,732,763,356,183,111,14,135,78,24,63,69,260,342,48,202,48,82,206,63,84,62,33,16,7,4,0,0,39,9,7,11,12,0,0,0,0,0,0,0,0,0,0,0,0,0,0,0,0,0,0,0,170,27,70,74,14,16,15,6,8,12,1,19,2,0,female
340737708,1119,597,337,169,88,29,157,97,35,44,81,176,234,28,152,25,91,146,45,46,62,23,22,3,5,0,0,42,13,5,30,3,0,0,0,0,0,0,0,0,0,0,0,0,0,0,0,0,0,0,0,136,14,69,58,17,15,19,0,8,4,4,10,2,0,female
34094724,803,734,302,157,108,17,131,71,45,62,92,260,365,71,196,47,116,180,74,81,87,44,16,10,12,0,0,23,11,4,7,4,0,0,0,0,0,0,0,0,0,0,0,0,0,0,0,0,0,0,0,160,26,72,69,19,20,11,3,7,8,4,5,0,1,male
343104919,1085,830,367,188,114,13,139,94,43,64,111,242,361,51,191,45,92,221,78,81,68,55,31,13,9,0,0,42,22,4,12,10,0,0,0,0,0,0,0,0,0,0,0,0,0,0,0,0,0,0,0,211,36,92,87,25,18,22,9,11,8,0,17,3,0,female
344215167,1241,969,474,201,110,21,181,92,51,107,111,291,494,91,251,33,146,237,114,102,112,40,20,10,7,0,0,38,9,11,16,4,0,0,0,0,0,0,0,0,0,0,0,0,0,0,0,0,0,0,0,196,26,93,84,20,23,15,3,8,9,2,14,2,0,female
346073826,1538,835,375,158,69,41,167,107,34,65,118,246,346,46,190,36,96,219,75,90,67,52,18,16,2,0,0,29,6,11,12,1,0,0,0,0,0,0,0,0,0,0,0,0,0,0,0,0,0,0,0,219,25,106,86,25,37,18,4,9,18,7,4,0,0,male
347096222,1383,758,374,183,99,8,184,98,37,63,77,253,330,43,193,55,92,189,80,99,68,40,6,10,7,0,0,32,8,4,17,3,0,0,0,0,0,0,0,0,0,0,0,0,0,0,0,0,0,0,0,167,30,68,72,15,44,14,4,5,4,0,8,5,0,female
347524374,1294,567,277,133,73,13,126,74,30,37,78,172,220,46,130,17,73,152,61,60,45,30,23,6,4,0,0,28,6,11,15,0,0,0,0,0,0,0,0,0,0,0,0,0,0,0,0,0,0,0,0,173,24,86,65,15,21,24,9,3,3,2,11,0,0,male
347613520,866,505,305,127,68,36,89,58,19,39,67,146,205,23,116,23,64,131,49,67,37,16,20,2,3,0,0,26,12,3,9,6,0,0,0,0,0,0,0,0,0,0,0,0,0,0,0,0,0,0,0,179,21,65,93,7,10,12,3,4,20,2,9,3,0,male
34768779,1491,1825,934,425,190,29,274,192,73,203,176,667,848,264,393,158,264,362,221,160,136,97,57,17,16,0,0,37,15,8,10,7,0,0,0,0,0,0,0,0,0,0,0,0,0,0,0,0,0,0,0,323,55,147,130,6,26,34,12,7,6,1,55,6,1,female
349944244,1012,997,554,269,148,17,233,75,87,85,135,341,467,74,268,48,132,217,110,126,84,55,42,14,10,0,0,53,10,12,24,10,0,0,0,0,0,0,0,0,0,0,0,0,0,0,0,0,0,0,0,205,31,79,98,17,18,18,6,6,2,2,10,2,0,female
350854412,1793,941,343,128,52,39,144,100,32,68,138,245,399,76,177,53,115,304,92,102,82,57,16,12,11,0,0,22,2,11,5,6,0,0,0,0,0,0,0,0,0,0,0,0,0,0,0,0,0,0,0,282,37,135,111,29,29,40,13,19,5,4,5,3,0,male
351067358,977,1012,425,204,145,25,169,113,49,109,115,338,461,93,237,49,123,252,102,113,94,52,12,10,14,0,0,28,5,6,13,4,0,0,0,0,0,0,0,0,0,0,0,0,0,0,0,0,0,0,0,220,31,102,98,11,26,20,14,6,5,3,10,0,0,female
351327876,1288,838,412,176,58,52,141,84,19,72,119,238,344,59,178,54,87,248,86,82,53,44,24,5,6,0,0,31,7,6,8,10,0,0,0,0,0,0,0,0,0,0,0,0,0,0,0,0,0,0,0,233,41,111,76,26,22,17,11,15,32,2,10,1,0,male
351687363,1011,966,419,208,148,36,152,94,39,74,120,341,443,92,235,65,95,266,83,110,90,73,38,11,12,0,0,52,11,19,16,8,0,0,0,0,0,0,0,0,0,0,0,0,0,0,0,0,0,0,0,212,52,79,83,10,24,29,3,5,5,0,3,1,0,female
352884478,1330,137,59,39,19,3,49,34,6,2,45,12,32,7,21,3,6,11,9,30,6,11,1,1,0,0,0,4,0,1,1,2,0,0,0,0,0,0,0,0,0,0,0,0,0,0,0,0,0,0,0,29,0,12,17,4,5,3,3,0,4,1,1,0,0,female
353824529,1208,887,582,252,109,46,245,165,58,86,95,309,387,56,250,59,124,178,76,103,70,45,45,11,11,0,0,80,30,8,52,5,0,0,0,0,0,0,0,0,0,0,0,0,0,0,0,0,0,0,0,185,18,88,86,4,21,13,2,5,11,1,18,7,0,female
355248546,808,577,277,150,97,14,111,74,34,45,71,203,274,48,154,31,84,128,55,62,60,32,18,8,6,0,0,27,10,11,7,2,0,0,0,0,0,0,0,0,0,0,0,0,0,0,0,0,0,0,0,113,25,47,49,10,12,16,1,4,8,2,12,4,0,male
356418350,1094,823,378,200,136,17,172,105,44,75,91,266,378,76,219,32,120,195,106,99,74,58,28,3,16,0,0,46,17,6,23,0,0,0,0,0,0,0,0,0,0,0,0,0,0,0,0,0,0,0,0,215,27,76,116,21,29,22,4,3,4,3,17,2,1,female
357813572,1269,744,321,162,87,10,161,85,34,46,91,221,330,61,162,43,106,199,67,68,87,43,20,11,11,0,0,40,19,5,13,6,0,0,0,0,0,0,0,0,0,0,0,0,0,0,0,0,0,0,0,163,17,82,66,15,24,18,8,2,5,4,38,1,0,female
357971946,1046,1035,495,235,114,33,220,120,52,96,128,356,453,85,285,62,111,280,98,106,84,61,24,7,9,0,0,50,15,10,9,19,0,0,0,0,0,0,0,0,0,0,0,0,0,0,0,0,0,0,0,271,42,110,114,33,30,28,4,9,2,7,26,3,0,female
362257288,698,879,347,167,112,11,172,115,63,78,124,315,398,63,235,57,100,258,79,105,67,47,35,14,9,0,0,36,13,10,10,5,0,0,0,0,0,0,0,0,0,0,0,0,0,0,0,0,0,0,0,277,53,106,115,21,31,30,8,18,15,2,4,2,0,male
36227219,980,1135,603,276,140,30,243,123,66,132,111,417,556,88,320,62,187,246,102,123,126,41,22,10,10,0,0,64,18,18,25,6,0,0,0,0,0,0,0,0,0,0,0,0,0,0,0,0,0,0,0,215,38,90,96,7,29,9,3,5,18,3,18,3,0,female
363847840,2180,1492,405,163,5,3,256,90,22,60,129,334,659,76,233,115,242,523,126,89,293,37,5,3,21,0,0,16,3,8,4,1,0,0,0,0,0,0,0,0,0,0,0,0,0,0,0,0,0,0,0,245,35,125,89,24,52,16,4,3,3,0,1,0,0,male
363979395,1424,956,403,208,144,18,152,89,44,80,122,330,449,68,265,70,139,228,121,93,85,36,22,5,7,0,0,60,16,20,21,10,0,0,0,0,0,0,0,0,0,0,0,0,0,0,0,0,0,0,0,229,34,104,96,20,32,23,3,6,4,4,10,6,0,female
368368493,1557,777,368,162,79,23,160,108,32,80,93,251,369,44,202,58,118,174,82,73,95,21,8,1,5,0,0,44,10,10,12,12,0,0,0,0,0,0,0,0,0,0,0,0,0,0,0,0,0,0,0,162,28,51,85,11,21,17,3,5,8,4,10,3,0,female
373115502,1297,754,454,224,131,24,164,88,39,69,83,285,359,64,237,41,102,150,63,79,64,28,15,8,7,0,0,50,11,14,18,7,0,0,0,0,0,0,0,0,0,0,0,0,0,0,0,0,0,0,0,140,18,60,70,18,13,14,0,4,7,1,11,2,0,female
376466499,880,516,241,122,88,8,88,56,24,56,55,178,235,34,147,33,66,137,43,49,44,31,20,5,3,0,0,21,8,6,5,4,0,0,0,0,0,0,0,0,0,0,0,0,0,0,0,0,0,0,0,156,23,57,78,9,12,12,5,3,3,1,23,0,1,male
37749959,949,955,464,228,128,27,166,95,57,89,145,319,386,92,221,44,94,236,75,92,77,53,35,15,9,0,0,59,19,15,24,9,0,0,0,0,0,0,0,0,0,0,0,0,0,0,0,0,0,0,0,287,42,103,147,11,24,32,8,17,11,4,10,1,0,male
377660514,1053,1125,568,275,177,20,211,138,70,112,120,407,511,99,323,47,194,239,113,98,98,57,42,10,15,0,0,69,19,13,41,5,0,0,0,0,0,0,0,0,0,0,0,0,0,0,0,0,0,0,0,239,33,95,129,9,22,26,5,4,13,4,31,2,0,female
380053409,1140,760,384,192,113,23,150,89,39,70,91,245,354,65,189,48,102,155,75,99,58,52,20,13,8,0,0,29,9,8,6,6,0,0,0,0,0,0,0,0,0,0,0,0,0,0,0,0,0,0,0,174,21,77,79,18,14,13,2,3,28,2,27,4,0,male
380479475,909,807,386,189,144,17,138,94,40,108,71,304,428,69,246,63,128,179,88,91,89,36,16,4,9,0,0,36,8,6,14,10,0,0,0,0,0,0,0,0,0,0,0,0,0,0,0,0,0,0,0,231,32,86,118,23,16,7,5,8,6,3,10,0,0,female
38096911,1043,1022,461,217,134,30,188,120,43,92,114,322,456,58,275,64,144,259,112,124,99,59,29,16,9,0,0,54,8,14,22,13,0,0,0,0,0,0,0,0,0,0,0,0,0,0,0,0,0,0,0,254,29,116,114,20,26,23,11,3,13,3,5,1,0,female
381572221,1118,1043,407,193,123,38,112,57,48,88,168,329,463,89,248,41,98,293,98,128,90,56,24,15,11,0,0,30,14,8,5,4,0,0,0,0,0,0,0,0,0,0,0,0,0,0,0,0,0,0,0,300,68,149,86,59,38,14,5,14,5,6,8,1,1,male
382156129,941,785,310,123,62,22,137,94,18,78,125,256,354,62,190,42,103,225,59,91,57,38,17,8,8,0,0,17,7,0,6,4,0,0,0,0,0,0,0,0,0,0,0,0,0,0,0,0,0,0,0,225,35,100,92,26,28,20,2,4,8,2,4,3,0,male
382947784,1050,1363,640,282,200,32,249,150,96,152,190,404,634,137,298,70,209,325,157,187,147,80,58,33,17,0,0,74,26,14,40,3,0,0,0,0,0,0,0,0,0,0,0,0,0,0,0,0,0,0,0,354,40,159,161,11,33,13,8,3,16,7,8,6,0,female
386731248,1491,817,452,208,122,34,177,110,59,89,111,279,380,58,236,55,102,193,82,80,80,43,28,9,8,0,0,50,23,12,18,6,0,0,0,0,0,0,0,0,0,0,0,0,0,0,0,0,0,0,0,182,30,79,81,21,19,19,4,3,4,3,4,1,1,female
391823594,850,1004,453,241,165,24,176,101,56,87,106,355,471,86,274,56,137,260,100,112,91,44,22,7,9,0,0,57,24,16,25,3,0,0,0,0,0,0,0,0,0,0,0,0,0,0,0,0,0,0,0,240,46,89,117,27,32,16,16,6,0,2,8,0,1,female
392169870,1038,874,483,248,150,20,225,128,53,79,79,282,423,63,232,36,113,245,81,140,75,68,30,32,9,0,0,45,14,9,25,5,0,0,0,0,0,0,0,0,0,0,0,0,0,0,0,0,0,0,0,238,28,130,90,23,11,8,2,0,9,1,17,2,0,female
393642659,1078,815,411,218,136,27,209,136,36,50,77,308,388,52,251,35,107,200,96,111,71,31,22,6,2,0,0,40,10,7,23,1,0,0,0,0,0,0,0,0,0,0,0,0,0,0,0,0,0,0,0,227,36,91,105,10,14,16,6,9,10,1,34,3,0,female
394418954,1482,537,206,92,58,19,94,60,21,43,105,182,244,70,115,30,59,150,42,57,55,35,20,5,4,0,0,35,10,13,7,11,0,0,0,0,0,0,0,0,0,0,0,0,0,0,0,0,0,0,0,145,23,62,62,13,15,14,2,1,3,3,7,2,0,male
39897844,996,742,337,168,100,25,131,73,43,59,125,231,298,59,167,32,75,211,59,78,64,28,21,6,6,0,0,39,12,7,21,3,0,0,0,0,0,0,0,0,0,0,0,0,0,0,0,0,0,0,0,214,30,111,74,44,25,11,5,6,8,2,7,0,0,male
40067619,902,1170,574,280,184,33,183,112,42,120,111,424,568,107,325,69,164,241,131,142,109,61,18,22,9,0,0,36,11,10,10,5,0,0,0,0,0,0,0,0,0,0,0,0,0,0,0,0,0,0,0,260,40,106,111,27,23,32,10,13,12,0,29,1,0,female
40352693,898,873,383,192,114,19,160,65,64,66,152,245,364,58,186,31,101,210,81,102,81,32,29,10,4,0,0,39,11,13,15,4,0,0,0,0,0,0,0,0,0,0,0,0,0,0,0,0,0,0,0,201,26,88,93,12,22,15,1,12,10,4,8,4,1,male
404439154,1127,731,463,221,118,34,178,94,52,81,87,255,335,87,171,53,109,148,61,78,57,34,26,10,6,0,0,33,7,7,19,6,0,0,0,0,0,0,0,0,0,0,0,0,0,0,0,0,0,0,0,167,20,83,68,8,15,12,3,5,2,1,11,1,0,male
40604299,1263,910,360,165,88,24,137,94,42,75,137,287,418,79,223,48,109,232,98,108,72,54,32,2,14,0,0,39,19,6,15,8,0,0,0,0,0,0,0,0,0,0,0,0,0,0,0,0,0,0,0,233,36,107,98,11,31,29,5,14,2,1,13,4,0,male
40925887,1255,682,365,158,51,30,150,62,24,53,86,217,318,57,158,38,79,157,70,76,57,45,24,2,5,0,0,46,20,8,17,13,0,0,0,0,0,0,0,0,0,0,0,0,0,0,0,0,0,0,0,165,27,72,66,14,16,20,1,4,5,0,15,0,0,male
41536249,2101,902,326,123,51,27,125,87,42,64,164,222,339,80,158,23,94,314,70,70,64,59,17,10,12,0,0,29,6,11,2,10,0,0,0,0,0,0,0,0,0,0,0,0,0,0,0,0,0,0,0,287,45,138,99,53,34,24,11,14,10,12,6,2,0,male
42510888,688,534,317,171,124,24,107,70,21,36,49,160,220,50,112,27,68,132,50,65,53,21,7,11,3,0,0,26,3,8,13,2,0,0,0,0,0,0,0,0,0,0,0,0,0,0,0,0,0,0,0,124,23,48,48,8,14,12,4,1,3,2,12,5,0,male
42569198,1183,542,313,175,121,4,122,57,30,56,51,157,212,40,121,28,52,133,60,66,35,36,18,14,5,0,0,17,5,5,6,2,0,0,0,0,0,0,0,0,0,0,0,0,0,0,0,0,0,0,0,141,26,63,50,11,12,5,2,12,3,1,41,6,0,male
43019337,974,947,534,253,159,27,174,118,46,87,108,286,393,68,220,48,132,229,67,86,96,41,19,11,8,0,0,47,21,12,13,4,0,0,0,0,0,0,0,0,0,0,0,0,0,0,0,0,0,0,0,224,40,101,90,8,14,20,9,6,7,0,14,0,0,female
47992126,552,693,313,135,78,21,133,93,46,78,84,252,322,72,183,33,101,186,69,75,80,38,11,12,6,0,0,25,6,8,6,5,0,0,0,0,0,0,0,0,0,0,0,0,0,0,0,0,0,0,0,196,36,75,94,32,29,13,3,5,7,2,6,1,0,male
49100561,1359,1152,527,215,84,19,201,84,57,127,154,414,556,91,327,66,148,275,107,117,89,44,19,13,0,0,0,46,9,15,10,15,0,0,0,0,0,0,0,0,0,0,0,0,0,0,0,0,0,0,0,240,37,112,82,26,18,16,6,21,7,4,25,4,0,male
51877583,973,964,464,218,123,24,162,90,51,90,147,299,459,65,239,73,147,214,90,98,96,53,34,12,9,0,0,57,22,8,22,16,0,0,0,0,0,0,0,0,0,0,0,0,0,0,0,0,0,0,0,215,31,90,101,30,22,16,9,9,6,4,12,1,0,female
52736381,961,883,402,186,102,32,160,101,24,88,109,310,407,77,234,68,110,237,89,97,74,61,24,19,3,0,0,21,6,6,4,6,0,0,0,0,0,0,0,0,0,0,0,0,0,0,0,0,0,0,0,231,33,112,96,11,27,13,6,7,4,1,15,3,0,male
52975520,1421,1485,670,252,124,27,208,144,71,174,221,453,695,136,338,86,223,375,143,117,151,78,30,17,13,0,0,41,8,11,13,11,0,0,0,0,0,0,0,0,0,0,0,0,0,0,0,0,0,0,0,277,26,148,109,37,44,62,7,9,8,4,11,3,0,male
53334382,1201,906,272,113,75,10,116,72,60,80,156,254,371,79,191,36,104,271,87,91,87,53,28,17,3,0,0,38,13,14,6,6,0,0,0,0,0,0,0,0,0,0,0,0,0,0,0,0,0,0,0,254,32,107,120,25,23,24,3,15,7,3,0,0,0,male
55482997,1085,895,456,209,113,21,192,73,80,91,144,337,420,60,281,61,127,213,71,82,79,44,55,7,12,0,0,61,17,11,30,10,0,0,0,0,0,0,0,0,0,0,0,0,0,0,0,0,0,0,0,237,34,117,86,10,17,32,8,4,15,8,16,2,0,male
57552116,1006,1262,572,264,166,32,176,111,47,136,134,382,595,129,269,68,187,293,146,139,126,52,16,13,10,0,0,40,8,12,9,12,0,0,0,0,0,0,0,0,0,0,0,0,0,0,0,0,0,0,0,290,41,134,122,19,22,31,9,18,3,4,16,0,0,male
57798273,1033,787,488,230,120,23,210,100,69,79,76,274,353,60,206,38,105,181,81,103,83,48,41,12,7,0,0,54,22,9,27,1,0,0,0,0,0,0,0,0,0,0,0,0,0,0,0,0,0,0,0,184,24,81,84,11,21,17,5,4,16,1,6,2,1,female
58374966,824,872,353,176,111,22,151,95,49,71,106,295,422,73,206,46,132,205,98,114,101,33,23,3,7,0,0,39,13,5,16,7,0,0,0,0,0,0,0,0,0,0,0,0,0,0,0,0,0,0,0,179,25,82,80,9,30,15,3,5,13,3,7,1,0,male
59524706,960,724,317,163,93,17,128,78,42,43,94,273,321,72,200,30,91,192,59,51,75,53,35,7,6,0,0,29,6,11,9,3,0,0,0,0,0,0,0,0,0,0,0,0,0,0,0,0,0,0,0,184,32,77,89,15,12,23,9,7,20,7,12,2,0,male
60252529,1450,925,544,278,142,30,213,116,33,66,108,322,460,78,259,53,123,171,83,117,87,40,15,8,12,0,0,40,11,13,21,2,0,0,0,0,0,0,0,0,0,0,0,0,0,0,0,0,0,0,0,166,33,85,56,9,18,15,3,2,5,0,19,7,0,male
61270735,1555,745,345,166,86,20,152,93,46,61,115,232,340,45,193,33,95,186,80,95,71,51,27,20,9,0,0,39,20,6,21,7,0,0,0,0,0,0,0,0,0,0,0,0,0,0,0,0,0,0,0,189,29,96,75,22,29,25,3,5,10,2,12,3,0,female
61634536,1247,740,308,136,73,16,153,76,54,72,90,226,352,79,176,48,115,194,73,64,69,43,33,9,7,0,0,33,15,6,9,11,0,0,0,0,0,0,0,0,0,0,0,0,0,0,0,0,0,0,0,163,25,75,65,12,17,18,2,10,5,4,12,8,0,female
62552349,1752,190,55,23,18,1,16,12,5,8,73,57,81,9,55,7,9,28,8,21,7,8,6,2,0,0,0,8,1,2,1,4,0,0,0,0,0,0,0,0,0,0,0,0,0,0,0,0,0,0,0,31,12,10,9,18,1,12,8,1,0,0,3,20,0,male
62648441,1264,841,456,229,147,22,188,118,32,65,83,275,395,82,234,34,123,190,97,110,79,39,15,6,7,0,0,57,16,19,15,7,0,0,0,0,0,0,0,0,0,0,0,0,0,0,0,0,0,0,0,214,21,107,91,14,19,12,6,6,4,3,9,4,0,female
64367166,2201,228,135,79,14,2,117,67,0,1,46,8,46,2,40,0,1,10,4,23,58,30,3,1,1,0,0,9,0,1,8,0,0,0,0,0,0,0,0,0,0,0,0,0,0,0,0,0,0,0,0,47,0,40,6,4,50,10,3,4,4,0,4,0,0,male
64489209,834,1013,421,232,173,19,151,112,43,79,138,313,407,79,224,42,107,266,96,121,83,44,37,2,10,0,0,71,20,15,31,13,0,0,0,0,0,0,0,0,0,0,0,0,0,0,0,0,0,0,0,258,40,117,98,23,25,27,16,9,6,1,6,1,1,female
65107757,1195,1160,518,259,142,31,229,124,55,82,165,358,508,72,295,52,133,307,121,136,85,46,22,5,8,0,0,52,12,8,18,15,0,0,0,0,0,0,0,0,0,0,0,0,0,0,0,0,0,0,0,323,35,143,161,15,37,27,11,7,3,7,7,4,0,female
66154344,1996,739,369,164,73,18,143,78,39,64,105,213,324,50,165,38,111,177,84,83,86,34,27,10,8,0,0,43,20,5,21,6,0,0,0,0,0,0,0,0,0,0,0,0,0,0,0,0,0,0,0,198,25,80,106,21,20,9,0,9,6,4,3,1,0,male
68979118,945,740,396,195,121,12,176,104,36,78,79,217,307,56,179,22,83,205,65,107,54,55,25,22,11,0,0,54,21,11,23,5,0,0,0,0,0,0,0,0,0,0,0,0,0,0,0,0,0,0,0,204,7,107,90,2,12,25,3,2,4,1,15,2,0,female
69151701,1147,973,491,225,144,21,197,123,73,122,114,304,459,78,234,64,148,233,115,116,75,75,38,24,15,0,0,56,33,11,25,3,0,0,0,0,0,0,0,0,0,0,0,0,0,0,0,0,0,0,0,249,31,115,113,49,24,9,5,10,6,1,13,4,0,male
69569991,1148,1004,522,282,166,24,192,111,32,66,105,327,436,87,230,54,120,247,94,96,62,52,30,3,5,0,0,43,11,11,20,1,0,0,0,0,0,0,0,0,0,0,0,0,0,0,0,0,0,0,0,231,37,83,112,5,12,31,11,7,10,1,13,1,0,female
70724896,908,527,260,119,73,15,104,47,35,46,96,184,247,49,131,30,58,122,46,62,40,24,25,13,2,0,0,42,9,9,21,6,0,0,0,0,0,0,0,0,0,0,0,0,0,0,0,0,0,0,0,124,17,60,46,10,9,23,3,6,3,4,9,0,0,male
75281385,975,1236,585,298,194,29,225,148,63,103,138,423,628,107,331,72,149,314,151,167,114,73,26,20,12,0,0,54,17,8,19,10,0,0,0,0,0,0,0,0,0,0,0,0,0,0,0,0,0,0,0,279,58,107,116,14,37,37,7,6,10,2,17,2,0,female
76197212,1161,868,448,240,150,17,195,109,42,64,96,271,400,81,205,58,116,241,58,99,65,45,27,18,9,0,0,54,21,10,30,8,0,0,0,0,0,0,0,0,0,0,0,0,0,0,0,0,0,0,0,203,25,115,71,7,9,19,6,4,13,6,12,4,0,male
76225956,2323,770,251,79,20,31,136,72,62,51,160,198,336,54,165,35,47,312,77,99,51,39,16,13,4,0,0,30,8,11,6,5,0,0,0,0,0,0,0,0,0,0,0,0,0,0,0,0,0,0,0,265,48,150,58,50,37,19,5,15,19,5,1,2,1,male
794695,1538,1039,370,174,95,21,154,108,32,71,142,242,402,68,184,39,132,351,87,116,92,67,20,20,11,0,0,21,4,5,4,8,0,0,0,0,0,0,0,0,0,0,0,0,0,0,0,0,0,0,0,315,41,158,107,26,41,37,9,10,6,0,17,6,0,male
79753992,1514,897,397,170,90,24,177,109,34,72,138,295,391,69,241,44,102,237,89,85,74,46,17,9,7,0,0,55,10,5,32,10,0,0,0,0,0,0,0,0,0,0,0,0,0,0,0,0,0,0,0,228,32,109,93,20,31,21,7,8,8,2,7,1,0,female
80862068,1362,845,364,165,79,26,151,105,40,56,123,243,359,70,168,42,109,243,79,93,81,47,20,9,7,0,0,33,6,6,16,5,0,0,0,0,0,0,0,0,0,0,0,0,0,0,0,0,0,0,0,226,32,96,103,17,27,20,7,6,18,0,15,2,0,male
81647059,1378,916,505,236,105,17,246,121,77,95,100,294,436,66,217,57,160,232,88,98,92,39,33,11,7,0,0,50,23,10,18,7,0,0,0,0,0,0,0,0,0,0,0,0,0,0,0,0,0,0,0,203,31,76,108,22,27,10,0,4,5,3,6,1,0,female
81860959,1183,804,397,171,95,29,147,91,31,82,123,259,386,69,206,34,93,191,83,100,79,37,19,8,9,0,0,28,9,7,9,4,0,0,0,0,0,0,0,0,0,0,0,0,0,0,0,0,0,0,0,197,30,85,90,26,28,22,2,10,5,0,16,3,0,male
82341423,1075,748,393,191,93,19,158,98,60,68,123,253,380,62,176,60,76,161,56,94,71,31,47,6,6,0,0,53,27,4,26,9,0,0,0,0,0,0,0,0,0,0,0,0,0,0,0,0,0,0,0,167,24,78,74,18,21,10,2,7,10,3,3,0,0,male
84167314,1879,523,283,153,98,29,111,67,8,30,77,162,174,36,133,13,62,137,26,19,25,37,16,15,2,0,0,17,3,0,7,8,0,0,0,0,0,0,0,0,0,0,0,0,0,0,0,0,0,0,0,169,22,71,79,7,4,42,0,7,8,0,6,0,0,male
8465072,1576,1013,422,171,69,38,179,94,43,103,148,307,469,86,240,61,104,293,103,116,96,57,17,13,12,0,0,42,7,16,8,11,0,0,0,0,0,0,0,0,0,0,0,0,0,0,0,0,0,0,0,225,41,103,82,49,60,28,6,10,18,4,3,3,0,male
86168724,758,534,216,103,62,13,107,56,36,46,96,182,233,39,128,45,79,118,48,47,44,27,22,12,1,0,0,35,13,4,17,7,0,0,0,0,0,0,0,0,0,0,0,0,0,0,0,0,0,0,0,144,18,63,62,7,17,16,3,0,5,1,9,0,0,male
88870358,1047,846,461,237,143,22,173,78,39,77,89,304,404,57,253,53,104,183,92,96,72,50,26,12,11,0,0,52,22,10,21,6,0,0,0,0,0,0,0,0,0,0,0,0,0,0,0,0,0,0,0,207,32,99,80,7,15,19,1,5,6,3,8,3,0,female
90233061,773,684,397,204,126,27,148,95,52,54,67,263,320,51,207,49,93,156,69,84,61,52,19,17,8,0,0,54,21,6,23,4,0,0,0,0,0,0,0,0,0,0,0,0,0,0,0,0,0,0,0,184,30,81,80,8,11,16,2,2,1,0,7,3,0,female
91925221,1194,790,381,179,106,28,171,99,42,72,119,286,354,55,218,54,98,190,54,91,55,43,33,1,5,0,0,32,6,5,16,9,0,0,0,0,0,0,0,0,0,0,0,0,0,0,0,0,0,0,0,214,33,102,83,17,29,36,7,17,3,2,19,4,0,male
93350436,1110,726,389,201,107,21,188,120,56,63,98,257,307,77,178,41,105,175,60,85,62,40,33,11,4,0,0,40,13,6,22,4,0,0,0,0,0,0,0,0,0,0,0,0,0,0,0,0,0,0,0,190,29,83,82,15,30,14,4,17,3,6,6,3,0,male
945721,1274,1305,536,271,171,15,201,106,55,123,192,388,548,104,302,61,176,309,129,131,110,66,39,14,12,0,0,37,9,9,10,10,0,0,0,0,0,0,0,0,0,0,0,0,0,0,0,0,0,0,0,336,52,154,132,29,28,25,9,27,4,1,11,6,0,male
94761111,942,1169,458,286,223,24,261,151,123,94,168,438,578,98,320,64,142,356,107,193,90,71,82,34,14,0,0,82,21,11,52,4,0,0,0,0,0,0,0,0,0,0,0,0,0,0,0,0,0,0,0,355,77,176,116,32,18,16,3,4,3,6,18,1,0,male
95656300,1466,889,381,142,52,34,177,120,32,84,134,211,383,57,168,44,90,296,84,96,76,45,14,8,6,0,0,34,6,14,5,9,0,0,0,0,0,0,0,0,0,0,0,0,0,0,0,0,0,0,0,213,29,101,78,28,34,30,9,10,5,5,4,1,1,male
95671622,1896,213,95,58,44,3,36,15,11,3,74,25,67,6,51,3,7,18,9,38,6,24,6,3,5,0,0,9,0,2,5,2,0,0,0,0,0,0,0,0,0,0,0,0,0,0,0,0,0,0,0,32,3,13,17,5,7,10,2,5,5,0,4,0,0,male
96066368,755,825,447,226,154,16,181,157,42,100,78,266,362,82,186,43,116,232,59,114,49,82,29,48,14,0,0,47,32,4,20,3,0,0,0,0,0,0,0,0,0,0,0,0,0,0,0,0,0,0,0,267,38,142,88,16,15,24,6,7,6,4,17,3,2,female
96423170,828,681,308,153,97,11,138,67,54,57,107,228,306,46,177,37,107,161,79,79,57,47,27,18,12,0,0,51,11,11,12,17,0,0,0,0,0,0,0,0,0,0,0,0,0,0,0,0,0,0,0,215,35,102,81,11,14,23,7,2,5,1,4,2,0,female
96956807,1386,965,397,185,93,31,156,92,41,72,145,283,427,77,211,39,106,283,72,98,75,79,26,28,11,0,0,47,17,16,10,8,0,0,0,0,0,0,0,0,0,0,0,0,0,0,0,0,0,0,0,253,30,126,94,50,31,28,8,10,6,3,18,4,0,male
