File,F1,F2,F3,F4,F5,F6,F7,F8,F9,F10,F11,F12,F13,F14,F15,F16,F17,F18,F19,F20,F21,F22,F23,F24,F25,F26,F27,F28,F29,F30,F31,F32,F33,F34,F35,F36,F37,F38,F39,F40,F41,F42,F43,F44,F45,F46,F47,F48,F49,F50,F51,F52,F53,F54,F55,F56,F57,F58,F59,F60,F61,F62,F63,F64,F65,Frequency,F101,F102,F103,F104,F105,F106,F107,F108,F109,F110,F111,F112,F113,F114,F115,F116,F117,F118,F119,F120,F121,F122,F123,F124,F125,F126,F127,F128,F129,F130,F131,F132,F133,F134,F135,F136,F137,F138,F139,F140,F141,F142,F143,F144,F145,F146,F147,F148,F149,F150,F151,F152,F153,F154,F155,F156,F157,F158,F159,F160,F161,F162,F163,F164,F165,Label
794695,4940,3005,1002,472,317,37,315,244,66,147,420,762,1036,277,530,95,333,1277,186,304,270,353,60,226,30,0,0,123,16,12,18,78,0,0,0,0,0,0,0,0,0,0,0,0,0,0,0,0,0,0,0,1025,173,495,308,250,103,148,130,21,13,3,36,6,0,1.8001665,12,9,2,1,0,0,1,2,0,0,2,2,6,0,5,0,0,3,1,1,0,0,0,0,0,0,0,0,0,0,0,0,0,0,0,0,0,0,0,0,0,0,0,0,0,0,0,0,0,0,0,1,0,1,0,2,2,0,0,0,0,0,0,0,0,male
945721,6569,6216,2480,1226,813,66,805,407,249,599,910,1934,2745,554,1511,351,809,1590,551,589,520,322,161,70,51,0,0,157,52,36,40,36,0,0,0,0,0,0,0,0,0,0,0,0,0,0,0,0,0,0,0,1483,241,689,561,220,132,101,32,122,23,19,38,18,0,1.0827814,3,1,1,0,0,0,1,1,0,1,0,0,0,0,0,0,0,0,0,0,0,0,0,0,0,0,0,0,0,0,0,0,0,0,0,0,0,0,0,0,0,0,0,0,0,0,0,0,0,0,0,0,0,0,0,1,0,0,0,0,0,0,0,0,0,male
8465072,7669,5927,2777,1211,583,191,1040,619,186,608,726,1789,2541,562,1380,316,723,1578,531,591,430,317,90,71,50,0,0,229,43,67,43,86,0,0,0,0,0,0,0,0,0,0,0,0,0,0,0,0,0,0,0,1428,192,643,614,187,222,153,36,77,72,11,91,9,0,0.7967078,18,3,1,0,0,0,0,0,0,1,1,0,1,0,0,0,0,1,0,0,1,3,2,1,0,0,0,1,0,0,0,1,0,0,0,0,0,0,0,0,0,0,0,0,0,0,0,0,0,0,0,1,1,0,0,1,0,4,0,0,1,0,0,0,0,male
12618492,8735,6325,2487,1133,670,128,880,629,223,558,952,1807,2696,543,1330,289,815,1801,525,596,602,438,153,121,56,0,0,161,46,35,39,45,0,0,0,0,0,0,0,0,0,0,0,0,0,0,0,0,0,0,0,1580,174,746,699,148,183,229,53,74,52,11,53,16,1,0.39116964,6,12,5,5,5,0,0,0,0,0,3,5,7,0,5,0,0,0,1,2,1,1,0,1,0,0,0,2,0,2,0,0,0,0,0,0,0,0,0,0,0,0,0,0,0,0,0,0,0,0,0,0,0,0,0,1,0,3,0,0,1,0,0,0,0,male
20214831,6495,4778,1892,811,491,98,733,520,252,451,758,1549,2190,475,1088,317,598,1293,367,487,389,327,102,81,63,0,0,230,81,68,67,43,0,0,0,0,0,0,0,0,0,0,0,0,0,0,0,0,0,0,0,1220,159,609,496,120,143,147,22,28,21,18,61,11,1,0.017350158,2,3,0,0,0,0,0,0,0,0,0,1,3,1,1,0,1,1,0,0,1,0,0,0,0,0,0,0,0,0,0,0,0,0,0,0,0,0,0,0,0,0,0,0,0,0,0,0,0,0,0,0,0,0,0,0,1,0,0,0,0,0,0,0,0,male
20999981,7505,5314,2552,1263,784,93,896,511,302,488,719,1612,2254,439,1242,262,684,1333,584,526,471,303,191,57,60,0,0,315,137,46,107,58,0,0,0,0,0,0,0,0,0,0,0,0,0,0,0,0,0,0,0,1261,147,604,557,94,94,97,30,42,52,25,54,11,0,0.09844135,4,0,0,0,0,0,0,0,0,0,0,0,0,0,0,0,0,0,0,0,0,0,0,0,0,0,0,1,0,1,0,0,0,0,0,0,0,0,0,0,0,0,0,0,0,0,0,0,0,0,0,0,0,0,0,0,0,0,0,0,0,0,0,0,0,female
22177502,7343,4649,1968,863,435,162,886,525,251,373,740,1489,2006,325,1130,253,620,1244,344,493,394,265,144,46,42,0,0,121,28,22,52,24,0,0,0,0,0,0,0,0,0,0,0,0,0,0,0,0,0,0,0,1491,319,651,532,119,178,211,28,63,24,11,91,10,0,0.76853377,6,0,0,0,0,0,0,0,0,0,0,0,0,0,0,0,0,0,0,0,0,1,1,0,0,0,0,0,0,0,0,0,0,0,0,0,0,0,0,0,0,0,0,0,0,0,0,0,0,0,0,0,0,0,0,0,0,0,0,0,0,0,0,0,0,male
22994551,9227,4358,1768,945,639,130,566,394,116,278,754,1331,1704,247,1113,159,301,1482,278,351,261,304,168,28,28,0,0,126,39,28,28,35,0,0,0,0,0,0,0,0,0,0,0,0,0,0,0,0,0,0,0,1524,162,946,400,82,141,180,30,59,10,45,30,8,1,0.6717428,2,1,0,0,0,0,0,0,0,0,0,0,1,0,0,0,0,0,1,1,0,0,0,0,0,0,0,0,0,0,0,0,0,0,0,0,0,0,0,0,0,0,0,0,0,0,0,0,0,0,0,0,0,0,0,0,0,0,0,0,0,0,0,0,0,male
23553730,6999,5234,2086,959,593,91,1046,611,261,456,697,1794,2236,487,1347,203,674,1539,495,525,454,287,117,60,49,0,0,197,39,47,50,62,0,0,0,0,0,0,0,0,0,0,0,0,0,0,0,0,0,0,0,1460,229,647,571,160,156,142,37,130,23,16,85,17,0,0.5697674,7,17,8,4,4,0,2,1,1,3,2,6,9,2,4,0,2,5,0,2,0,0,0,0,0,0,0,0,0,0,0,0,0,0,0,0,0,0,0,0,0,0,0,0,0,0,0,0,0,0,0,2,0,1,1,0,0,0,0,0,0,0,0,1,0,female
24472132,5392,4497,1925,1020,727,71,717,381,190,375,603,1453,2075,457,1088,254,585,1119,365,448,411,203,95,48,27,0,0,189,66,48,49,47,0,0,0,0,0,0,0,0,0,0,0,0,0,0,0,0,0,0,0,1107,183,473,459,114,76,109,39,42,30,12,100,26,0,0.6040438,12,13,7,3,0,0,3,1,0,1,2,3,4,0,3,1,3,3,1,0,1,0,0,0,0,0,0,0,0,0,0,0,0,0,0,0,0,0,0,0,0,0,0,0,0,0,0,0,0,0,0,5,0,2,4,0,0,1,0,0,0,1,0,0,0,male
25693282,3435,4499,1799,1043,654,31,773,531,219,264,409,1609,2219,373,1196,374,644,1367,403,551,491,263,130,113,74,0,0,272,128,64,67,40,0,0,0,0,0,0,0,0,0,0,0,0,0,0,0,0,0,0,0,1236,286,570,405,61,80,57,63,24,24,2,19,1,0,0.1384487,2,3,2,2,2,0,0,0,0,0,0,0,0,0,0,0,0,1,0,0,0,0,0,0,0,0,0,2,0,2,0,0,0,0,0,0,0,0,0,0,0,0,0,0,0,0,0,0,0,0,0,2,1,0,1,1,1,1,0,0,0,0,0,0,0,female
25821356,5549,4275,2160,1052,609,128,1045,572,248,411,493,1530,2016,332,1167,259,573,990,402,467,354,265,140,61,47,0,0,149,43,37,62,20,0,0,0,0,0,0,0,0,0,0,0,0,0,0,0,0,0,0,0,980,150,422,426,94,119,98,21,49,35,22,156,45,0,0.8056013,11,8,3,2,2,0,1,1,0,0,0,3,6,1,2,0,1,1,1,1,0,0,0,0,0,0,0,0,0,0,0,0,0,0,0,0,0,0,0,0,0,0,0,0,0,0,0,0,0,0,0,1,0,0,0,1,0,0,0,0,0,0,0,0,0,male
25897435,5992,6265,3238,1581,816,178,1457,960,232,602,569,2136,3016,440,1723,345,854,1663,778,818,657,312,141,92,48,0,0,435,112,104,205,34,0,0,0,0,0,0,0,0,0,0,0,0,0,0,0,0,0,0,0,1491,215,589,697,62,185,158,95,49,71,2,45,8,0,0.1537822,1,0,0,0,0,0,0,0,0,0,0,0,0,0,0,0,0,0,0,0,0,0,0,0,0,0,0,0,0,0,0,0,0,0,0,0,0,0,0,0,0,0,0,0,0,0,0,0,0,0,0,0,0,0,0,0,0,0,0,0,0,0,0,0,0,female
25940641,7896,5312,2556,1078,453,307,904,656,162,506,735,1472,2326,386,1233,225,612,1413,474,585,476,250,68,51,50,0,0,227,50,51,72,61,0,0,0,0,0,0,0,0,0,0,0,0,0,0,0,0,0,0,0,1202,129,558,504,101,137,106,57,48,195,12,39,15,1,0.39155158,10,5,5,0,0,0,3,3,0,2,2,1,2,0,1,0,0,0,1,1,0,3,1,1,0,0,0,1,0,0,1,0,0,0,0,0,0,0,0,0,0,0,0,0,0,0,0,0,0,0,0,1,0,1,0,1,0,0,0,0,2,0,0,0,0,female
25963856,6080,4031,1966,983,720,88,847,570,197,398,478,1268,1717,364,899,191,488,1056,373,538,338,321,113,85,62,0,0,227,85,39,81,44,0,0,0,0,0,0,0,0,0,0,0,0,0,0,0,0,0,0,0,1110,160,564,405,111,138,85,25,20,19,10,69,23,0,0.15384616,2,3,0,0,0,0,0,0,0,0,2,0,2,0,0,0,0,2,0,1,0,0,0,0,0,0,0,0,0,0,0,0,0,0,0,0,0,0,0,0,0,0,0,0,0,0,0,0,0,0,0,2,0,0,2,0,0,0,0,0,0,0,0,0,0,female
26834776,8039,6121,2637,1188,638,179,1140,878,272,602,672,2114,2694,496,1609,268,870,1606,588,669,567,405,211,72,49,0,0,155,56,20,78,4,0,0,0,0,0,0,0,0,0,0,0,0,0,0,0,0,0,0,0,1658,222,645,777,139,159,142,38,25,86,26,123,15,3,0.10530612,11,1,4,2,2,0,2,2,0,0,0,1,0,0,1,0,0,0,0,0,0,1,0,1,0,0,0,1,0,0,1,0,0,0,0,0,0,0,0,0,0,0,0,0,0,0,0,0,0,0,0,1,0,1,0,0,0,3,1,0,2,0,0,0,0,female
28176987,4127,3910,1886,785,381,140,830,477,256,391,577,1294,1890,302,1016,195,453,995,363,543,353,267,153,99,44,0,0,263,96,61,96,43,0,0,0,0,0,0,0,0,0,0,0,0,0,0,0,0,0,0,0,1004,138,474,417,79,113,95,26,14,30,11,20,3,0,0.3856773,2,4,2,1,1,0,1,0,1,0,2,2,3,1,2,0,0,2,1,1,0,1,1,0,0,0,0,0,0,0,0,0,0,0,0,0,0,0,0,0,0,0,0,0,0,0,0,0,0,0,0,1,0,1,0,0,0,0,0,0,0,0,0,0,0,male
28906465,7773,6428,2637,1314,862,121,872,590,239,536,856,2009,2739,602,1500,293,792,1719,634,577,567,330,176,40,56,0,0,341,69,89,86,115,0,0,0,0,0,0,0,0,0,0,0,0,0,0,0,0,0,0,0,1730,235,756,749,170,223,188,164,52,41,26,63,10,0,0.09256198,8,0,1,0,0,0,0,0,0,0,0,0,0,0,0,0,0,0,0,0,0,0,0,0,0,0,0,0,0,0,0,0,0,0,0,0,0,0,0,0,0,0,0,0,0,0,0,0,0,0,0,0,0,0,0,0,0,1,0,0,0,0,0,0,0,female
30597694,10059,3563,1845,820,419,182,655,564,129,338,523,1007,1422,287,782,110,384,960,301,432,269,173,74,39,27,0,0,279,53,57,121,64,0,0,0,0,0,0,0,0,0,0,0,0,0,0,0,0,0,0,0,1131,142,438,552,72,114,162,45,35,24,8,47,13,2,0.2821577,5,0,1,1,0,0,0,0,0,0,0,0,0,0,0,0,0,0,0,0,0,0,0,0,0,0,0,0,0,0,0,0,0,0,0,0,0,0,0,0,0,0,0,0,0,0,0,0,0,0,0,0,0,0,0,1,0,0,0,0,0,0,0,0,0,female
30822218,7607,3129,1538,724,356,96,636,355,184,235,520,929,1351,211,750,177,367,651,267,374,271,216,113,26,25,0,0,197,58,32,82,29,0,0,0,0,0,0,0,0,0,0,0,0,0,0,0,0,0,0,0,664,111,285,292,40,78,75,12,27,37,32,26,8,0,0.21597391,3,4,1,1,1,0,0,0,0,0,2,1,3,0,1,0,0,1,0,1,0,0,0,0,0,0,0,0,0,0,0,0,0,0,0,0,0,0,0,0,0,0,0,0,0,0,0,0,0,0,0,0,0,0,0,0,0,0,0,0,0,0,0,0,0,female
30972374,4677,5796,2401,1256,952,105,901,528,312,609,664,2011,2894,437,1530,446,750,1510,554,713,448,296,155,47,64,0,0,420,120,107,92,124,0,0,0,0,0,0,0,0,0,0,0,0,0,0,0,0,0,0,0,1478,257,629,621,68,142,177,49,47,83,19,115,15,0,0.2015177,1,0,0,0,0,0,0,0,0,0,0,0,0,0,0,0,0,0,0,0,0,0,0,0,0,0,0,0,0,0,0,0,0,0,0,0,0,0,0,0,0,0,0,0,0,0,0,0,0,0,0,0,0,0,0,0,0,0,0,0,0,0,0,0,0,female
32331128,11713,5228,2607,1230,656,180,953,515,167,377,700,1512,1989,399,1125,264,579,1630,412,542,448,381,95,172,55,0,0,254,54,79,97,33,0,0,0,0,0,0,0,0,0,0,0,0,0,0,0,0,0,0,0,1740,282,955,505,85,121,304,31,83,116,19,44,16,1,0.08421053,3,0,0,0,0,0,0,0,0,0,0,0,1,1,0,0,0,0,0,0,0,0,0,0,0,0,0,0,0,0,0,0,0,0,0,0,0,0,0,0,0,0,0,0,0,0,0,0,0,0,0,0,0,0,0,1,0,1,0,0,0,0,0,0,0,male
32623333,6933,4964,1979,1088,753,60,734,405,222,392,523,1652,2315,390,1279,342,652,1219,526,584,459,259,77,42,67,0,0,284,103,110,42,42,0,0,0,0,0,0,0,0,0,0,0,0,0,0,0,0,0,0,0,1199,186,443,584,78,118,90,46,36,22,9,52,4,1,0.08395062,2,3,2,1,1,0,0,0,0,0,0,2,1,0,2,0,0,1,0,1,0,0,0,0,0,0,0,0,0,0,0,0,0,0,0,0,0,0,0,0,0,0,0,0,0,0,0,0,0,0,0,3,0,1,2,0,0,0,0,0,0,0,0,0,0,female
33055549,13273,2205,992,503,229,56,615,425,84,120,533,531,944,98,597,76,152,426,161,276,160,236,44,56,18,0,0,80,14,26,38,5,0,0,0,0,0,0,0,0,0,0,0,0,0,0,0,0,0,0,0,581,81,318,182,43,86,90,30,20,173,10,91,1,0,0.14669739,3,10,5,4,4,0,1,1,0,0,1,5,5,0,5,0,0,0,1,1,0,1,0,1,0,0,0,2,0,1,1,0,0,0,0,0,0,0,0,0,0,0,0,0,0,0,0,0,0,0,0,1,1,0,0,0,0,2,0,0,2,0,0,0,0,male
33135194,6756,5639,2990,1504,907,163,1158,633,373,469,676,1973,2731,454,1613,339,797,1329,651,710,532,252,228,47,40,0,0,339,95,60,170,48,0,0,0,0,0,0,0,0,0,0,0,0,0,0,0,0,0,0,0,1286,182,574,564,73,112,77,42,38,37,7,45,7,0,0.06899351,2,9,6,2,0,0,2,0,0,2,0,3,3,2,2,0,0,1,1,0,1,0,0,0,0,0,0,1,0,1,0,0,0,0,0,0,0,0,0,0,0,0,0,0,0,0,0,0,0,0,0,0,0,0,0,0,0,0,0,0,0,0,0,0,0,female
34094724,1914,1633,772,374,230,59,278,160,71,154,202,568,785,146,459,87,209,376,156,183,145,96,49,17,18,0,0,61,22,13,19,13,0,0,0,0,0,0,0,0,0,0,0,0,0,0,0,0,0,0,0,346,49,159,151,35,38,22,4,25,17,10,10,0,1,0.20215054,1,0,0,0,0,0,0,0,0,0,0,0,0,0,0,0,0,0,0,0,0,0,0,0,0,0,0,0,0,0,0,0,0,0,0,0,0,0,0,0,0,0,0,0,0,0,0,0,0,0,0,0,0,0,0,0,0,0,0,0,0,0,0,0,0,male
34768779,8289,8543,4521,2014,824,175,1330,978,356,979,928,3126,4019,1240,1920,646,1116,1742,978,843,667,552,317,115,66,0,0,170,82,20,56,27,0,0,0,0,0,0,0,0,0,0,0,0,0,0,0,0,0,0,0,1454,214,720,584,59,135,190,62,38,47,13,305,28,2,0.7715232,1,2,0,0,0,0,1,1,0,0,0,0,2,0,0,0,2,1,0,0,1,0,0,0,0,0,0,0,0,0,0,0,0,0,0,0,0,0,0,0,0,0,0,0,0,0,0,0,0,0,0,1,0,0,1,0,1,0,0,0,0,0,0,0,0,female
36227219,5313,4841,2606,1246,711,145,1119,627,285,453,453,1761,2332,369,1379,272,716,1151,477,588,459,250,138,74,50,0,0,273,98,55,133,22,0,0,0,0,0,0,0,0,0,0,0,0,0,0,0,0,0,0,0,1051,140,456,479,69,113,68,26,20,76,10,103,9,1,0.13147083,8,0,0,0,0,0,0,0,0,0,0,0,0,0,0,0,0,0,0,0,0,0,0,0,0,0,0,0,0,0,0,0,0,0,0,0,0,0,0,0,0,0,0,0,0,0,0,0,0,0,0,0,0,0,0,0,0,0,0,0,1,0,0,0,0,female
37749959,4930,5035,2013,1015,667,99,880,456,345,469,845,1495,1982,381,1128,235,616,1433,430,495,370,271,186,38,56,0,0,348,104,87,97,92,0,0,0,0,0,0,0,0,0,0,0,0,0,0,0,0,0,0,0,1501,241,628,654,169,151,161,38,60,57,20,63,17,0,0.9925,0,4,3,1,0,0,2,1,0,1,0,3,4,1,3,1,1,0,1,1,1,0,0,0,0,0,0,0,0,0,0,0,0,0,0,0,0,0,0,0,0,0,0,0,0,0,0,0,0,0,0,0,0,0,0,0,1,0,0,0,0,0,0,0,0,male
38096911,837,778,350,162,105,18,142,95,32,71,85,249,355,46,210,57,117,199,83,91,67,52,20,16,7,0,0,41,4,12,15,10,0,0,0,0,0,0,0,0,0,0,0,0,0,0,0,0,0,0,0,201,23,88,94,19,21,22,10,2,9,2,5,1,0,0.28643215,7,1,0,0,0,0,0,0,0,0,0,0,1,0,0,0,0,0,1,1,0,0,0,0,0,0,0,1,0,1,0,0,0,0,0,0,0,0,0,0,0,0,0,0,0,0,0,0,0,0,0,2,0,0,2,2,0,0,0,0,0,0,0,0,0,female
39897844,5969,3885,1651,851,534,103,691,377,202,278,606,1257,1649,305,929,179,444,1038,403,442,281,172,108,42,25,0,0,170,53,26,71,38,0,0,0,0,0,0,0,0,0,0,0,0,0,0,0,0,0,0,0,1133,142,544,457,217,90,77,27,34,45,10,72,7,2,0.15463042,7,0,0,0,0,0,0,0,0,0,0,0,0,0,0,0,0,0,0,0,0,0,0,0,0,0,0,0,0,0,0,0,0,0,0,0,0,0,0,0,0,0,0,0,0,0,0,0,0,0,0,0,0,0,0,0,1,0,0,0,0,0,0,0,0,male
40067619,5300,5785,2920,1460,966,138,1029,617,215,578,574,2021,2744,438,1596,307,811,1220,672,624,541,257,112,66,36,0,0,154,55,33,55,16,0,0,0,0,0,0,0,0,0,0,0,0,0,0,0,0,0,0,0,1197,228,498,482,147,110,143,21,68,65,6,161,11,1,0.030654516,12,11,7,4,2,0,3,1,0,0,1,3,5,2,2,0,1,2,0,2,1,0,0,0,0,0,0,1,0,1,0,0,0,0,0,0,0,0,0,0,0,0,0,0,0,0,0,0,0,0,0,0,0,0,0,0,0,0,0,0,0,0,0,0,0,female
40352693,4886,3695,1580,756,458,68,651,337,210,310,594,1140,1593,246,929,161,473,912,380,395,319,175,133,41,28,0,0,228,78,47,93,45,0,0,0,0,0,0,0,0,0,0,0,0,0,0,0,0,0,0,0,952,145,460,384,61,81,81,21,45,26,7,48,10,1,0.3834025,3,2,1,1,1,0,0,0,0,0,0,1,3,0,1,0,3,0,0,0,0,0,0,0,0,0,0,0,0,0,0,0,0,0,0,0,0,0,0,0,0,0,0,0,0,0,0,0,0,0,0,0,0,0,0,0,0,0,0,0,0,0,0,0,0,male
40604299,6730,4525,2010,875,428,128,780,512,230,413,701,1420,2034,370,1106,216,535,1180,458,471,381,245,159,42,44,0,0,263,101,44,101,55,0,0,0,0,0,0,0,0,0,0,0,0,0,0,0,0,0,0,0,1153,157,576,459,98,106,153,28,69,33,10,70,11,0,0.1009772,3,2,0,0,0,0,1,0,0,0,1,1,1,0,1,0,0,0,0,0,0,0,0,0,0,0,0,0,0,0,0,0,0,0,0,0,0,0,0,0,0,0,0,0,0,0,0,0,0,0,0,1,0,0,0,1,0,0,0,0,0,0,0,0,0,male
40925887,6487,3019,1444,603,239,126,686,414,152,279,412,898,1396,216,718,143,433,765,300,421,287,228,98,50,32,0,0,192,78,28,83,39,0,0,0,0,0,0,0,0,0,0,0,0,0,0,0,0,0,0,0,755,115,350,301,51,64,84,17,23,37,2,213,14,0,0.4275062,4,0,0,0,0,0,0,0,0,0,0,0,0,0,0,0,0,0,0,0,0,0,0,0,0,0,0,0,0,0,0,0,0,0,0,0,0,0,0,0,0,0,0,0,0,0,0,0,0,0,0,0,0,0,0,0,0,0,0,0,0,0,0,0,0,male
41536249,12434,4872,1633,596,266,129,693,487,196,356,858,1273,1964,384,984,185,467,1824,367,423,361,296,102,62,53,0,0,154,24,48,38,46,0,0,0,0,0,0,0,0,0,0,0,0,0,0,0,0,0,0,0,1736,235,992,478,378,197,163,62,113,24,24,46,9,0,0.085456036,18,6,2,0,0,1,1,1,0,0,1,1,4,0,1,0,1,2,1,2,1,0,0,0,0,0,0,0,0,0,0,0,0,0,0,0,0,0,0,0,0,0,0,0,0,0,0,0,0,0,0,3,0,2,0,1,2,0,0,0,0,0,1,0,0,male
42510888,5918,3564,2206,1114,719,119,733,802,179,309,318,1086,1441,321,769,158,504,884,276,382,349,268,94,131,32,0,0,207,59,53,97,15,0,0,0,0,0,0,0,0,0,0,0,0,0,0,0,0,0,0,0,995,176,412,696,98,94,65,20,12,21,8,61,28,2,0.23383878,6,13,8,0,0,0,0,0,0,6,0,5,4,2,3,0,3,2,0,1,0,1,0,0,0,0,0,0,0,0,0,0,0,0,0,0,0,0,0,0,0,0,0,0,0,0,0,0,0,0,0,6,1,1,4,0,1,0,0,0,0,0,0,0,0,male
42569198,7749,3095,1650,827,515,70,709,457,221,281,434,896,1282,249,673,150,355,836,266,451,226,281,132,97,44,0,0,189,68,45,79,27,0,0,0,0,0,0,0,0,0,0,0,0,0,0,0,0,0,0,0,923,129,468,337,66,105,83,26,56,23,11,66,15,0,0.57370186,1,0,0,0,0,0,0,0,0,0,0,0,0,0,0,0,0,0,0,0,0,0,0,0,0,0,0,0,0,0,0,0,0,0,0,0,0,0,0,0,0,0,0,0,0,0,0,0,0,0,0,0,0,0,0,0,0,0,0,0,0,0,0,0,0,male
43019337,5675,5164,2656,1296,835,104,940,575,252,476,588,1643,2281,412,1298,304,767,1314,417,472,495,228,98,61,47,0,0,229,89,67,71,15,0,0,0,0,0,0,0,0,0,0,0,0,0,0,0,0,0,0,0,1218,192,527,530,76,99,99,33,24,37,5,91,15,0,0.08373984,0,5,4,1,0,1,0,0,0,2,0,1,3,0,1,0,1,0,0,1,1,0,0,0,0,0,0,0,0,0,0,0,0,0,0,0,0,0,0,0,0,0,0,0,0,0,0,0,0,0,0,0,0,0,0,0,0,0,0,0,0,0,0,0,0,female
47992126,3994,3715,1824,823,437,125,791,554,237,398,398,1399,1737,426,947,201,564,963,287,545,359,233,87,103,26,0,0,129,46,39,23,22,0,0,0,0,0,0,0,0,0,0,0,0,0,0,0,0,0,0,0,1195,221,508,510,145,125,85,24,22,26,8,61,9,0,0.48535565,14,13,6,2,1,0,1,2,0,2,1,5,6,0,4,2,3,1,1,1,1,0,0,0,0,0,0,1,0,0,1,0,0,0,0,0,0,0,0,0,0,0,0,0,0,0,0,0,0,0,0,6,1,1,4,0,0,0,0,0,1,1,0,0,0,male
49100561,6165,5284,2479,1101,520,113,864,437,253,519,773,1803,2560,473,1385,361,661,1105,536,572,527,312,158,48,37,0,0,296,122,86,55,44,0,0,0,0,0,0,0,0,0,0,0,0,0,0,0,0,0,0,0,987,161,426,411,103,93,78,19,107,68,28,84,14,0,0.124390244,5,10,4,2,2,0,1,2,0,2,1,3,6,1,3,0,1,1,1,1,3,0,0,0,0,0,0,0,0,0,0,0,0,0,0,0,0,0,0,0,0,0,0,0,0,0,0,0,0,0,0,1,0,0,2,0,0,0,0,0,0,0,0,0,0,male
51877583,5551,5534,2434,1205,755,117,838,441,285,487,815,1754,2598,444,1423,370,733,1259,556,639,528,312,179,60,55,0,0,301,95,60,84,84,0,0,0,0,0,0,0,0,0,0,0,0,0,0,0,0,0,0,0,1232,229,524,507,134,119,107,43,56,34,21,94,8,5,0.22352025,2,2,1,0,0,1,0,2,0,0,2,1,1,1,1,0,0,0,0,0,0,0,0,0,0,0,0,0,0,0,0,0,0,0,0,0,0,0,0,0,0,0,0,0,0,0,0,0,0,0,0,1,1,0,2,0,0,0,0,0,0,0,0,0,0,female
52736381,5148,4997,2094,1006,602,108,831,551,202,456,641,1713,2335,431,1285,332,662,1305,462,532,438,330,170,70,45,0,0,150,61,33,47,25,0,0,0,0,0,0,0,0,0,0,0,0,0,0,0,0,0,0,0,1416,205,604,645,85,158,143,28,37,30,18,75,10,0,0.17043619,4,0,0,0,0,0,0,0,0,0,0,0,0,0,0,0,0,0,0,0,0,0,0,0,0,0,0,0,0,0,0,0,0,0,0,0,0,0,0,0,0,0,0,0,0,0,0,0,0,0,0,1,0,0,1,0,0,0,0,0,1,0,0,0,0,male
52975520,7253,6530,2498,932,469,116,876,717,291,675,1109,1900,2797,644,1302,306,866,1798,613,611,639,440,172,100,67,0,0,137,43,28,31,41,0,0,0,0,0,0,0,0,0,0,0,0,0,0,0,0,0,0,0,1516,189,736,625,150,221,281,24,54,21,22,49,21,0,0.12295082,19,7,4,2,1,0,3,1,1,0,1,3,4,1,2,0,0,2,1,0,1,1,0,1,0,0,0,0,0,0,0,0,0,0,0,0,0,0,0,0,0,0,0,0,0,0,0,0,0,0,0,0,0,0,0,0,0,0,0,0,0,0,0,0,0,male
53334382,6829,4693,1459,642,391,71,712,441,281,380,845,1321,2042,360,1039,209,603,1368,467,535,469,343,206,72,33,0,0,173,66,44,41,36,0,0,0,0,0,0,0,0,0,0,0,0,0,0,0,0,0,0,0,1319,172,577,582,138,172,147,32,77,52,29,33,9,0,0.31492168,8,7,3,2,2,0,1,1,0,1,0,3,5,0,3,0,1,0,1,3,2,1,0,1,0,0,0,1,0,1,0,0,0,0,0,0,0,0,0,0,0,0,0,0,0,0,0,0,0,0,0,1,1,0,0,1,0,2,0,0,1,0,0,0,0,male
55482997,5476,4271,2157,980,542,110,948,391,360,413,662,1511,1916,317,1263,222,554,1101,349,404,402,241,282,58,65,0,0,352,118,50,180,57,0,0,0,0,0,0,0,0,0,0,0,0,0,0,0,0,0,0,0,1117,165,556,418,59,69,195,31,31,51,20,63,25,0,0.21018063,1,0,0,0,0,0,1,0,1,0,1,0,0,0,0,0,0,0,0,0,0,0,0,0,0,0,0,0,0,0,0,0,0,0,0,0,0,0,0,0,0,0,0,0,0,0,0,0,0,0,0,0,0,0,0,0,0,0,0,0,0,0,0,0,0,male
57552116,898,1120,513,242,155,27,150,98,37,120,117,340,523,122,242,63,167,258,131,119,106,46,15,12,8,0,0,35,7,11,9,9,0,0,0,0,0,0,0,0,0,0,0,0,0,0,0,0,0,0,0,256,37,117,109,14,16,29,8,16,3,3,13,0,0,0.085,5,5,3,1,1,0,0,0,0,2,1,2,2,0,2,0,0,0,0,0,0,0,0,0,0,0,0,0,0,0,0,0,0,0,0,0,0,0,0,0,0,0,0,0,0,0,0,0,0,0,0,0,0,0,0,0,0,0,0,0,0,0,0,0,0,male
57798273,5870,3980,2206,1035,602,102,884,443,329,425,439,1326,1749,389,974,205,583,1016,357,455,377,292,156,105,47,0,0,244,104,41,90,27,0,0,0,0,0,0,0,0,0,0,0,0,0,0,0,0,0,0,0,1027,140,470,440,50,95,83,21,18,94,18,38,8,1,0.037783377,13,3,4,2,2,0,2,1,1,0,0,3,0,0,2,0,0,1,0,0,0,2,1,2,0,0,0,3,2,0,2,0,0,0,0,0,0,0,0,0,0,0,0,0,0,0,0,0,0,0,0,3,1,1,1,1,0,2,0,0,1,0,0,0,0,female
58374966,5529,4800,2065,994,631,128,840,557,245,435,614,1646,2246,399,1266,251,682,1167,527,578,461,290,141,69,38,0,0,208,56,40,63,63,0,0,0,0,0,0,0,0,0,0,0,0,0,0,0,0,0,0,0,1148,205,443,532,67,118,210,34,41,70,23,38,10,0,0.3569662,4,5,1,1,1,0,0,0,0,0,1,0,1,0,0,0,0,2,0,1,0,1,0,0,0,0,0,1,0,1,0,0,0,0,0,0,0,0,0,0,0,0,0,0,0,0,0,0,0,0,0,2,0,2,0,0,0,0,0,0,0,0,0,0,0,male
59524706,5785,4353,1909,952,544,141,733,471,212,305,548,1610,1962,417,1166,219,535,1115,354,371,413,296,155,65,42,0,0,175,64,42,49,23,0,0,0,0,0,0,0,0,0,0,0,0,0,0,0,0,0,0,0,1178,188,489,551,69,70,204,35,57,66,21,69,8,2,0.031578947,4,14,5,5,5,0,2,1,1,0,2,2,5,1,2,0,2,4,2,2,1,0,0,0,0,0,0,0,0,0,0,0,0,0,0,0,0,0,0,0,0,0,0,0,0,0,0,0,0,0,0,5,2,2,1,0,0,0,0,0,0,1,0,0,0,male
60252529,6568,4398,2563,1247,600,170,954,540,178,357,588,1516,2043,326,1209,273,596,866,389,505,404,240,133,33,39,0,0,177,47,40,88,21,0,0,0,0,0,0,0,0,0,0,0,0,0,0,0,0,0,0,0,917,153,414,387,65,98,108,16,20,30,6,111,37,0,0.16013345,1,0,0,0,0,0,0,0,0,0,0,0,0,0,0,0,0,0,0,0,0,0,0,0,0,0,0,0,0,0,0,0,0,0,0,0,0,0,0,0,0,0,0,0,0,0,0,0,0,0,0,0,0,0,0,0,0,0,0,0,0,0,0,0,0,male
61270735,9380,4349,2162,990,475,125,887,562,209,385,637,1323,1916,311,1036,179,531,1181,420,610,311,346,191,175,32,0,0,250,117,37,114,43,0,0,0,0,0,0,0,0,0,0,0,0,0,0,0,0,0,0,0,1257,195,662,439,95,128,213,28,29,43,14,64,10,0,0.010673235,17,5,1,1,1,0,0,0,0,0,0,0,2,0,0,0,2,2,1,0,2,0,0,0,0,0,0,2,0,2,0,0,0,0,0,0,0,0,0,0,0,0,0,0,0,0,0,0,0,0,0,0,0,0,0,1,0,1,0,0,0,0,0,0,0,female
61634536,8218,3813,1629,726,383,102,690,378,209,376,574,1197,1725,347,899,221,510,974,320,358,309,253,117,49,65,0,0,151,55,23,34,58,0,0,0,0,0,0,0,0,0,0,0,0,0,0,0,0,0,0,0,928,139,425,383,99,111,128,13,30,36,20,104,12,0,0.02688172,17,2,1,0,0,0,0,0,0,1,1,1,0,0,1,0,0,0,0,0,0,0,0,0,0,0,0,0,0,0,0,0,0,0,0,0,0,0,0,0,0,0,0,0,0,0,0,0,0,0,0,2,1,1,0,1,0,0,0,0,0,0,0,0,0,female
62552349,7932,801,257,104,73,4,90,59,24,27,304,213,286,33,195,11,15,146,38,114,16,33,11,12,2,0,0,21,1,8,7,5,0,0,0,0,0,0,0,0,0,0,0,0,0,0,0,0,0,0,0,117,30,50,36,112,9,52,28,7,8,2,38,80,0,0.17301324,5,0,0,0,0,0,0,0,0,0,0,0,0,0,0,0,0,0,0,0,0,0,0,0,0,0,0,0,0,0,0,0,0,0,0,0,0,0,0,0,0,0,0,0,0,0,0,0,0,0,0,0,0,0,0,0,0,0,0,0,0,0,0,0,0,male
62648441,6299,4908,2339,1204,812,142,919,561,248,419,466,1656,2303,390,1323,236,717,1176,576,617,410,253,103,53,53,0,0,240,88,61,59,40,0,0,0,0,0,0,0,0,0,0,0,0,0,0,0,0,0,0,0,1259,172,589,519,124,99,93,40,24,34,11,59,9,1,0.18166804,1,0,0,0,0,0,0,0,0,0,0,0,0,0,0,0,0,0,0,0,0,0,0,0,0,0,0,0,0,0,0,0,0,0,0,0,0,0,0,0,0,0,0,0,0,0,0,0,0,0,0,0,0,0,0,0,0,0,0,0,0,0,0,0,0,female
64367166,19273,1669,624,346,77,30,428,238,48,17,350,148,363,31,296,3,16,215,27,127,547,198,26,51,10,0,0,49,9,10,30,1,0,0,0,0,0,0,0,0,0,0,0,0,0,0,0,0,0,0,0,694,40,572,95,68,152,208,3,22,93,2,15,6,2,0.24774405,1,0,0,0,0,0,0,0,0,0,0,0,0,0,0,0,0,0,0,0,0,0,0,0,0,0,0,0,0,0,0,0,0,0,0,0,0,0,0,0,0,0,0,0,0,0,0,0,0,0,0,0,0,0,0,0,0,0,0,0,0,0,0,0,0,male
64489209,6428,4988,2379,1272,895,98,1035,718,285,387,539,1800,2255,409,1422,287,629,1287,517,607,420,304,211,41,60,0,0,430,109,61,230,52,0,0,0,0,0,0,0,0,0,0,0,0,0,0,0,0,0,0,0,1254,212,512,524,142,137,140,89,27,30,12,48,14,4,0.4462185,1,3,0,0,0,0,0,0,0,0,1,0,1,0,0,0,1,2,0,0,1,0,0,0,0,0,0,0,0,0,0,0,0,0,0,0,0,0,0,0,0,0,0,0,0,0,0,0,0,0,0,0,0,0,0,1,0,1,1,0,0,0,0,0,0,female
65107757,1040,984,419,212,123,24,183,97,48,72,149,289,416,60,245,41,104,269,86,105,72,39,19,3,8,0,0,40,11,6,14,10,0,0,0,0,0,0,0,0,0,0,0,0,0,0,0,0,0,0,0,274,28,122,138,14,31,26,10,6,3,7,5,2,0,0.085427135,3,5,3,2,2,0,0,0,0,1,1,0,0,0,0,0,0,1,0,0,0,0,0,0,0,0,0,0,0,0,0,0,0,0,0,0,0,0,0,0,0,0,0,0,0,0,0,0,0,0,0,1,0,1,0,0,0,0,0,0,0,0,0,0,0,female
66154344,10915,4548,2320,1007,405,116,1041,556,280,428,697,1414,1966,334,1146,240,585,1187,462,465,444,227,171,53,57,0,0,267,109,32,133,35,0,0,0,0,0,0,0,0,0,0,0,0,0,0,0,0,0,0,0,1102,130,504,503,123,139,80,19,44,43,24,42,10,3,0.076859504,3,1,0,0,0,0,0,0,0,0,0,1,0,1,0,0,0,1,0,0,0,0,0,0,0,0,0,0,0,0,0,0,0,0,0,0,0,0,0,0,0,0,0,0,0,0,0,0,0,0,0,0,0,0,0,0,0,0,0,0,0,0,0,0,0,male
68979118,7661,3955,2236,1102,706,110,1096,701,290,387,447,1345,1808,286,1072,159,491,1033,307,607,317,265,137,92,42,0,0,337,106,73,157,30,0,0,0,0,0,0,0,0,0,0,0,0,0,0,0,0,0,0,0,1037,107,532,425,41,76,148,33,12,29,14,72,14,1,0.13420622,9,4,2,0,0,0,1,1,0,0,1,2,1,0,2,0,1,0,0,0,1,0,0,0,0,0,0,1,0,0,1,0,0,0,0,0,0,0,0,0,0,0,0,0,0,0,0,0,0,0,0,0,0,0,0,0,0,0,0,0,0,0,0,0,0,female
69151701,1011,833,427,199,127,19,166,105,61,103,100,262,393,64,207,55,125,201,87,95,61,61,35,21,14,0,0,53,32,9,24,3,0,0,0,0,0,0,0,0,0,0,0,0,0,0,0,0,0,0,0,206,19,101,95,44,21,9,3,6,4,1,11,3,0,0.065,4,1,0,0,0,0,1,0,1,0,2,0,0,0,0,0,0,0,0,0,0,0,0,0,0,0,0,0,0,0,0,0,0,0,0,0,0,0,0,0,0,0,0,0,0,0,0,0,0,0,0,0,0,0,0,1,0,0,0,0,0,0,0,0,0,male
69569991,5824,4173,2105,1105,675,136,790,545,133,269,453,1421,1865,322,1126,232,438,1078,398,460,284,307,134,82,40,0,0,211,66,45,105,20,0,0,0,0,0,0,0,0,0,0,0,0,0,0,0,0,0,0,0,1012,128,394,505,59,98,153,45,52,69,8,39,6,0,0.4435216,10,9,5,2,2,0,1,1,0,1,2,1,3,0,1,0,0,0,2,1,2,0,0,0,0,0,0,0,0,0,0,0,0,0,0,0,0,0,0,0,0,0,0,0,0,0,0,0,0,0,0,0,0,0,0,0,0,1,0,0,0,0,0,0,0,female
70724896,4952,3107,1397,658,404,79,572,302,207,268,502,1060,1382,251,804,178,356,803,283,349,230,179,122,52,43,0,0,175,61,45,55,26,0,0,0,0,0,0,0,0,0,0,0,0,0,0,0,0,0,0,0,873,132,376,383,56,71,102,21,38,31,24,49,5,0,0.37787235,1,1,0,0,0,0,0,0,0,0,0,1,1,0,0,1,0,0,0,0,0,0,0,0,0,0,0,0,0,0,0,0,0,0,0,0,0,0,0,0,0,0,0,0,0,0,0,0,0,0,0,0,0,0,0,0,0,1,0,0,0,0,0,0,0,male
75281385,5120,5996,2744,1359,878,118,1109,773,274,549,738,1932,2787,522,1501,349,792,1496,589,742,556,391,136,104,56,0,0,263,73,50,90,52,0,0,0,0,0,0,0,0,0,0,0,0,0,0,0,0,0,0,0,1398,223,632,595,89,163,183,36,41,43,19,93,20,0,0.40876493,4,8,4,2,1,0,0,0,1,0,1,3,5,0,0,2,0,0,1,1,0,1,0,0,0,0,0,0,0,0,0,0,0,0,0,0,0,0,0,0,0,0,0,0,0,0,0,0,0,0,0,1,0,1,0,0,0,0,0,0,0,0,0,0,0,female
76197212,1069,765,394,214,136,17,171,95,40,56,88,243,345,68,191,52,92,212,45,87,53,42,27,17,8,0,0,50,21,9,27,8,0,0,0,0,0,0,0,0,0,0,0,0,0,0,0,0,0,0,0,183,23,106,61,7,7,16,6,3,11,5,11,4,0,0.021276595,2,2,2,1,0,0,1,0,0,0,0,0,1,0,0,0,0,1,0,0,1,0,0,0,0,0,0,0,0,0,0,0,0,0,0,0,0,0,0,0,0,0,0,0,0,0,0,0,0,0,0,0,0,0,0,0,0,0,0,0,0,0,0,0,0,male
76225956,12861,4642,1487,441,143,173,771,445,280,262,935,1061,1873,326,892,162,362,1952,385,470,332,217,64,71,21,0,0,166,33,78,35,25,0,0,0,0,0,0,0,0,0,0,0,0,0,0,0,0,0,0,0,1574,218,891,426,317,274,98,35,97,138,47,24,19,1,0.18632075,12,7,5,2,1,0,0,0,0,0,0,1,2,0,1,0,0,3,1,1,1,1,1,0,0,0,0,0,0,0,0,0,0,0,0,0,0,0,0,0,0,0,0,0,0,0,0,0,0,0,0,0,0,0,0,2,1,3,1,0,0,0,0,0,0,male
79753992,7352,4814,2164,1037,620,119,895,538,245,391,790,1507,2054,385,1161,255,571,1262,431,457,395,286,158,56,50,0,0,323,86,52,153,47,0,0,0,0,0,0,0,0,0,0,0,0,0,0,0,0,0,0,0,1155,165,533,494,104,130,127,34,29,49,12,59,8,0,0.22082284,3,2,0,0,0,0,0,0,0,0,0,0,2,0,1,0,0,2,0,1,0,0,0,0,0,0,0,0,0,0,0,0,0,0,0,0,0,0,0,0,0,0,0,0,0,0,0,0,0,0,0,1,0,0,1,0,0,0,0,0,0,0,0,0,0,female
80862068,8448,4775,1859,760,334,142,812,590,239,357,792,1461,1998,361,963,305,599,1404,398,487,440,286,122,52,56,0,0,150,46,31,49,32,0,0,0,0,0,0,0,0,0,0,0,0,0,0,0,0,0,0,0,1413,234,634,534,146,176,198,26,30,72,10,89,15,0,0.1850362,12,9,5,3,2,1,2,2,0,0,1,2,2,1,1,0,0,3,1,1,0,0,0,0,0,0,0,2,0,1,1,0,0,0,0,0,0,0,0,0,0,0,0,0,0,0,0,0,0,0,0,2,0,1,1,0,0,0,0,0,4,0,0,0,0,male
81647059,8504,5479,3060,1382,673,145,1263,656,442,585,683,1761,2588,406,1355,351,898,1286,583,616,551,267,251,72,43,0,0,326,132,86,144,25,0,0,0,0,0,0,0,0,0,0,0,0,0,0,0,0,0,0,0,1241,155,487,668,115,102,92,11,40,42,16,41,9,1,0.017391304,9,0,0,0,0,0,0,0,0,0,0,0,0,0,0,0,0,0,0,0,0,0,0,0,0,0,0,0,0,0,0,0,0,0,0,0,0,0,0,0,0,0,0,0,0,0,0,0,0,0,0,0,0,0,0,0,0,0,0,0,0,0,0,0,0,female
81860959,6317,4493,2175,964,504,144,833,475,218,440,665,1439,2003,387,1137,216,593,1132,430,499,384,281,136,64,63,0,0,218,77,41,75,42,0,0,0,0,0,0,0,0,0,0,0,0,0,0,0,0,0,0,0,1186,164,545,521,102,105,126,25,36,40,8,76,11,0,0.078162774,7,6,2,0,0,1,1,0,1,1,2,3,3,1,1,0,1,2,0,0,0,0,1,0,0,0,0,1,0,1,0,0,0,0,0,0,0,0,0,0,0,0,0,0,0,0,0,0,0,0,0,6,0,5,0,2,0,0,0,2,1,0,0,0,0,male
82341423,7290,4409,2287,1081,481,191,959,522,349,373,690,1357,1985,294,1019,247,501,1075,390,519,396,221,238,60,46,0,0,347,175,39,156,51,0,0,0,0,0,0,0,0,0,0,0,0,0,0,0,0,0,0,0,1050,142,551,418,92,117,73,17,46,40,17,42,7,3,0.28343144,11,0,0,0,0,0,0,0,0,0,0,0,0,0,0,0,0,0,0,0,0,1,0,1,0,0,0,0,0,0,0,0,0,0,0,0,0,0,0,0,0,0,0,0,0,0,0,0,0,0,0,0,0,0,0,1,0,1,0,1,0,0,0,0,0,male
84167314,5867,2305,1272,613,351,79,707,478,37,168,282,789,862,126,658,125,289,629,134,142,142,178,58,79,15,0,0,90,8,7,48,28,0,0,0,0,0,0,0,0,0,0,0,0,0,0,0,0,0,0,0,700,127,297,300,43,60,140,4,25,35,4,53,5,4,0.6810065,14,4,3,2,2,0,0,0,0,0,0,2,1,0,2,0,0,1,0,0,0,1,0,1,0,0,0,0,0,0,0,0,0,0,0,0,0,0,0,0,0,0,0,0,0,0,0,0,0,0,0,2,0,2,0,2,0,0,0,0,0,0,0,0,0,male
86168724,4608,3293,1446,661,432,110,840,516,233,308,518,1149,1515,282,833,204,480,829,257,366,324,239,159,99,35,0,0,229,87,34,105,30,0,0,0,0,0,0,0,0,0,0,0,0,0,0,0,0,0,0,0,929,137,363,443,75,96,159,34,11,32,15,59,10,0,0.44049588,3,10,3,3,3,0,0,0,0,0,2,4,4,0,3,1,1,1,2,2,0,0,0,0,0,0,0,2,0,2,0,0,0,0,0,0,0,0,0,0,0,0,0,0,0,0,0,0,0,0,0,5,2,0,3,0,0,0,0,0,0,0,0,0,0,male
88870358,6564,4798,2552,1258,713,136,1046,576,238,427,568,1675,2257,353,1364,285,590,1117,499,539,399,257,143,60,52,0,0,326,93,62,160,32,0,0,0,0,0,0,0,0,0,0,0,0,0,0,0,0,0,0,0,1176,177,495,535,71,110,159,32,30,49,25,45,9,2,0.16680162,3,0,0,0,0,0,0,0,0,0,0,0,0,0,0,0,0,0,0,0,0,0,0,0,0,0,0,0,0,0,0,0,0,0,0,0,0,0,0,0,0,0,0,0,0,0,0,0,0,0,0,0,0,0,0,1,0,0,0,0,0,0,0,0,0,female
90233061,5442,4030,2279,1118,749,170,840,520,231,341,382,1478,1934,287,1178,300,568,910,411,497,387,267,142,45,37,0,0,240,107,40,85,13,0,0,0,0,0,0,0,0,0,0,0,0,0,0,0,0,0,0,0,960,131,384,481,61,124,75,18,16,15,10,28,7,0,0.15119146,0,1,2,1,2,0,0,0,0,0,0,0,0,0,0,0,0,0,0,0,0,0,0,0,0,0,0,0,0,0,0,0,0,0,0,0,0,0,0,0,0,0,0,0,0,0,0,0,0,0,0,0,0,0,0,0,0,0,0,0,0,0,0,0,0,female
91925221,6255,4049,1916,937,569,137,847,473,233,348,561,1364,1779,305,1013,258,543,1056,337,424,335,232,184,26,41,0,0,205,54,38,94,51,0,0,0,0,0,0,0,0,0,0,0,0,0,0,0,0,0,0,0,1038,125,521,408,86,139,127,33,62,33,15,97,21,0,0.1488144,10,0,0,0,0,0,0,0,0,0,0,0,0,0,0,0,0,0,0,0,0,0,0,0,0,0,0,0,0,0,0,0,0,0,0,0,0,0,0,0,0,0,0,0,0,0,0,0,0,0,0,1,0,1,0,1,0,0,0,0,0,0,0,0,0,male
93350436,7007,3602,1935,994,603,118,1084,666,305,286,445,1272,1613,311,973,194,465,892,294,486,274,258,169,91,24,0,0,225,80,27,131,21,0,0,0,0,0,0,0,0,0,0,0,0,0,0,0,0,0,0,0,971,156,462,382,50,105,108,15,67,19,17,85,12,0,0.35807505,7,1,1,1,1,0,0,0,0,0,0,1,0,0,1,0,0,0,0,0,0,0,0,0,0,0,0,0,0,0,0,0,0,0,0,0,0,0,0,0,0,0,0,0,0,0,0,0,0,0,0,1,1,0,0,0,0,0,0,0,0,0,0,0,0,male
94761111,4820,6273,2807,1551,1089,146,1374,795,546,553,876,2287,3128,554,1713,428,752,1712,609,913,509,362,309,151,80,0,0,355,112,73,166,29,0,0,0,0,0,0,0,0,0,0,0,0,0,0,0,0,0,0,0,1684,374,764,589,117,139,106,20,18,26,38,150,10,0,0.26443514,3,6,2,2,2,0,1,0,1,1,0,2,3,1,2,0,2,1,0,1,1,0,0,0,0,0,0,0,0,0,0,0,0,0,0,0,0,0,0,0,0,0,0,0,0,0,0,0,0,0,0,0,0,0,0,0,0,1,0,0,0,0,0,0,0,male
95656300,7382,5345,2174,851,359,176,1007,676,133,464,828,1448,2352,412,1145,238,614,1646,456,518,534,304,119,34,42,0,0,126,21,37,37,33,0,0,0,0,0,0,0,0,0,0,0,0,0,0,0,0,0,0,0,1343,168,624,517,258,244,143,41,103,36,10,49,10,0,1.144996,1,2,3,0,0,1,0,0,0,1,0,0,1,0,0,0,0,1,0,0,0,0,0,0,0,0,0,0,0,0,0,0,0,0,0,0,0,0,0,0,0,0,0,0,0,0,0,0,0,0,0,0,0,0,0,0,0,0,0,0,0,0,0,0,0,male
95671622,10099,1066,476,291,206,23,173,72,36,18,398,106,301,33,222,16,42,91,51,150,39,90,14,10,9,0,0,39,6,14,10,11,0,0,0,0,0,0,0,0,0,0,0,0,0,0,0,0,0,0,0,142,13,87,47,29,18,40,10,16,32,2,21,1,1,0.1576,22,1,1,1,1,0,0,0,0,0,0,0,1,0,1,0,0,0,0,0,0,0,0,0,0,0,0,0,0,0,0,0,0,0,0,0,0,0,0,0,0,0,0,0,0,0,0,0,0,0,0,0,0,0,0,0,0,0,0,0,0,0,0,0,0,male
96066368,4594,4278,2345,1182,746,81,1056,819,283,504,399,1369,1993,434,985,216,631,1135,305,630,325,369,188,181,54,0,0,314,193,29,154,21,0,0,0,0,0,0,0,0,0,0,0,0,0,0,0,0,0,0,0,1278,153,685,451,68,75,100,17,24,29,11,105,28,0,0.24036852,3,8,1,1,1,0,1,1,0,0,3,0,2,0,0,0,0,4,0,2,0,0,1,0,0,0,0,1,1,0,1,0,0,0,0,0,0,0,0,0,0,0,0,0,0,0,0,0,0,0,0,2,0,1,1,0,0,0,0,0,0,0,0,0,0,female
96423170,746,618,288,143,91,11,129,62,52,51,95,214,283,43,166,35,98,144,73,70,54,45,24,17,12,0,0,46,11,11,10,14,0,0,0,0,0,0,0,0,0,0,0,0,0,0,0,0,0,0,0,193,27,93,72,11,13,20,8,1,4,1,4,1,0,0.04522613,5,0,1,0,0,0,1,1,0,0,0,1,0,0,1,0,0,0,0,0,0,0,0,0,0,0,0,1,0,0,1,0,0,0,0,0,0,0,0,0,0,0,0,0,0,0,0,0,0,0,0,0,0,0,0,0,0,1,0,0,0,0,0,0,0,female
96956807,8640,5095,2321,1134,581,168,1036,610,203,381,672,1558,2344,436,1214,251,625,1314,426,551,434,297,135,79,18,0,0,130,37,37,44,16,0,0,0,0,0,0,0,0,0,0,0,0,0,0,0,0,0,0,0,1221,149,595,465,221,160,113,25,56,13,10,130,22,0,0.26779935,18,2,0,0,0,0,0,0,0,0,0,0,0,0,0,0,0,2,0,0,0,1,1,0,0,0,0,0,0,0,0,0,0,0,0,0,0,0,0,0,0,0,0,0,0,0,0,0,0,0,0,1,0,1,0,4,0,0,0,0,0,0,0,0,0,male
100119657,5805,5822,2292,1316,1065,84,838,490,291,501,672,1809,2565,360,1500,355,789,1581,657,612,516,288,113,33,60,0,0,310,113,70,72,66,0,0,0,0,0,0,0,0,0,0,0,0,0,0,0,0,0,0,0,1518,209,588,769,227,118,164,41,54,58,8,56,13,0,0.178515,2,0,0,0,0,0,0,0,0,0,0,0,0,0,0,0,0,0,0,0,0,0,0,0,0,0,0,0,0,0,0,0,0,0,0,0,0,0,0,0,0,0,0,0,0,0,0,0,0,0,0,1,0,0,1,0,0,0,0,0,0,0,0,0,0,female
101593344,11274,5600,2396,1043,565,187,1081,839,227,490,800,1630,2253,444,1287,239,660,1731,420,559,483,364,167,46,56,0,0,435,137,93,103,116,0,0,0,0,0,0,0,0,0,0,0,0,0,0,0,0,0,0,0,1615,238,753,625,121,191,237,57,85,45,17,85,14,3,0.50165564,14,3,1,0,0,0,1,1,0,0,1,2,1,0,1,0,0,1,0,0,0,0,0,0,0,0,0,2,0,0,1,1,0,0,0,0,0,0,0,0,0,0,0,0,0,0,0,0,0,0,0,1,0,1,0,1,0,2,0,0,0,0,0,0,0,female
114044206,8119,3441,1761,842,357,124,787,446,157,289,477,877,1309,257,661,133,346,915,280,382,245,319,158,48,55,0,0,262,124,20,130,28,0,0,0,0,0,0,0,0,0,0,0,0,0,0,0,0,0,0,0,868,134,399,342,24,57,75,21,21,39,14,48,10,0,0.17720465,16,7,8,5,3,1,2,2,0,1,0,2,1,0,2,0,0,0,0,0,1,0,0,0,0,0,0,2,1,0,1,0,0,0,0,0,0,0,0,0,0,0,0,0,0,0,0,0,0,0,0,0,0,0,0,0,1,1,1,0,0,0,0,0,0,male
123042176,5994,4777,2396,1375,979,130,921,605,209,346,437,1524,2151,344,1187,236,542,1189,547,652,380,243,183,77,25,0,0,322,164,51,156,46,0,0,0,0,0,0,0,0,0,0,0,0,0,0,0,0,0,0,0,1251,194,603,481,126,118,91,44,48,22,9,86,10,0,0.071723,4,3,0,0,0,0,1,1,0,0,0,3,3,0,0,0,0,0,0,0,0,0,0,0,0,0,0,0,0,0,0,0,0,0,0,0,0,0,0,0,0,0,0,0,0,0,0,0,0,0,0,0,0,0,0,0,0,0,0,0,0,0,0,0,0,female
123986340,3027,3726,1516,734,458,60,697,396,243,322,560,1343,1757,282,1098,271,434,1152,402,425,255,280,171,100,48,0,0,284,99,61,106,46,0,0,0,0,0,0,0,0,0,0,0,0,0,0,0,0,0,0,0,1167,186,504,495,81,75,125,39,24,26,12,28,5,0,0.075393535,9,0,1,0,0,0,0,0,0,0,0,0,0,0,0,0,0,0,0,0,0,0,0,0,0,0,0,0,0,0,0,0,0,0,0,0,0,0,0,0,0,0,0,0,0,0,0,0,0,0,0,0,0,0,0,2,1,1,0,0,0,0,0,0,0,male
125217315,4420,3756,1893,988,640,93,896,549,265,326,471,1377,1816,356,1073,229,580,783,415,390,404,169,111,28,39,0,0,193,62,38,87,24,0,0,0,0,0,0,0,0,0,0,0,0,0,0,0,0,0,0,0,758,129,273,409,65,88,40,33,22,44,10,227,12,2,0.17592593,4,4,5,3,2,0,0,1,1,0,0,0,2,0,0,0,1,0,1,0,1,0,0,0,0,0,0,0,0,0,0,0,0,0,0,0,0,0,0,0,0,0,0,0,0,0,0,0,0,0,0,0,0,0,1,0,0,0,0,0,0,0,0,0,0,female
128091149,4457,3039,1633,887,592,87,637,438,199,285,347,1033,1367,253,788,166,355,721,309,414,230,189,187,69,26,0,0,266,125,23,150,23,0,0,0,0,0,0,0,0,0,0,0,0,0,0,0,0,0,0,0,792,105,356,400,52,52,58,36,18,30,2,43,8,0,0.062448643,2,0,0,0,0,0,0,0,0,0,0,0,0,0,0,0,0,0,0,0,0,0,0,0,0,0,0,0,0,0,0,0,0,0,0,0,0,0,0,0,0,0,0,0,0,0,0,0,0,0,0,0,0,0,0,2,1,0,0,0,1,0,0,0,0,female
129371328,4937,4651,2261,1253,836,123,773,592,233,396,592,1649,2080,483,1129,258,530,1215,315,529,325,308,201,123,45,0,0,317,158,81,120,38,0,0,0,0,0,0,0,0,0,0,0,0,0,0,0,0,0,0,0,1153,127,571,481,133,97,84,37,17,34,20,27,5,0,0.122586064,8,1,0,0,0,0,0,0,0,0,0,0,0,0,0,0,0,0,0,0,0,2,0,1,0,0,0,1,0,0,0,1,0,0,0,0,0,0,0,0,0,0,0,0,0,0,0,0,0,0,0,1,0,0,1,0,1,1,0,0,2,0,0,0,0,female
134120927,7725,518,139,64,62,3,49,26,21,4,192,160,217,56,152,5,3,86,29,64,3,15,9,8,0,0,0,14,0,1,8,5,0,0,0,0,0,0,0,0,0,0,0,0,0,0,0,0,0,0,0,57,19,14,24,79,6,25,17,8,13,1,8,51,1,0.1183432,9,0,0,0,0,0,0,0,0,0,0,0,0,0,0,0,0,0,0,0,0,0,0,0,0,0,0,0,0,0,0,0,0,0,0,0,0,0,0,0,0,0,0,0,0,0,0,0,0,0,0,0,0,0,0,0,0,0,0,0,0,0,0,0,0,female
134954386,4729,3755,1943,990,545,89,921,530,301,308,513,1394,1785,291,1102,240,513,804,398,468,326,221,153,65,32,0,0,225,73,47,92,36,0,0,0,0,0,0,0,0,0,0,0,0,0,0,0,0,0,0,0,845,145,359,379,98,98,74,31,32,39,29,100,6,0,0.49417636,1,0,0,0,0,0,0,0,0,0,0,0,0,0,0,0,0,0,0,0,0,0,0,0,0,0,0,0,0,0,0,0,0,0,0,0,0,0,0,0,0,0,0,0,0,0,0,0,0,0,0,0,0,0,0,0,0,0,0,0,0,0,0,0,0,female
135069683,10578,1227,488,345,229,14,276,123,82,26,325,179,471,45,351,31,25,69,40,287,45,133,12,5,4,0,0,45,3,6,21,16,0,0,0,0,0,0,0,0,0,0,0,0,0,0,0,0,0,0,0,171,4,120,52,37,31,27,19,11,94,1,41,6,1,0.33360064,3,0,0,0,0,0,0,0,0,0,0,0,0,0,0,0,0,0,0,0,0,0,0,0,0,0,0,0,0,0,0,0,0,0,0,0,0,0,0,0,0,0,0,0,0,0,0,0,0,0,0,0,0,0,0,0,0,0,0,0,1,0,0,0,0,female
135782947,10002,4366,1909,890,445,156,973,619,186,380,607,1428,1959,285,1040,223,485,1237,363,575,370,316,103,98,53,0,0,187,61,35,63,34,0,0,0,0,0,0,0,0,0,0,0,0,0,0,0,0,0,0,0,1378,240,678,452,66,108,343,26,107,44,31,136,18,0,0.6967688,0,1,1,1,1,0,0,1,0,0,0,0,0,0,0,0,0,0,0,0,0,1,0,1,0,0,0,0,0,0,0,0,0,0,0,0,0,0,0,0,0,0,0,0,0,0,0,0,0,0,0,0,0,0,1,0,0,1,0,0,1,0,0,0,0,male
139272125,4466,3911,1701,829,469,126,805,536,202,333,542,1260,1879,350,926,211,460,1270,300,576,309,364,146,153,38,0,0,159,72,30,75,19,0,0,0,0,0,0,0,0,0,0,0,0,0,0,0,0,0,0,0,1222,183,663,383,82,154,111,20,21,16,12,64,14,0,0.115544476,4,1,0,0,0,0,0,0,0,0,0,0,1,0,0,0,0,1,0,0,1,0,0,0,0,0,0,0,0,0,0,0,0,0,0,0,0,0,0,0,0,0,0,0,0,0,0,0,0,0,0,1,0,1,0,1,0,0,0,0,0,0,0,0,0,male
144415967,7121,2398,1474,696,451,100,594,373,114,190,342,753,959,138,659,118,232,457,202,282,236,148,49,34,14,0,0,115,20,25,61,11,0,0,0,0,0,0,0,0,0,0,0,0,0,0,0,0,0,0,0,535,111,181,252,27,53,39,12,13,19,8,31,4,0,0.20599538,1,0,0,0,0,0,0,0,0,0,0,0,0,0,0,0,0,0,0,0,0,0,0,0,0,0,0,0,0,0,0,0,0,0,0,0,0,0,0,0,0,0,0,0,0,0,0,0,0,0,0,0,0,0,0,0,0,0,0,0,0,0,0,0,0,female
146868029,6654,3581,1511,720,448,39,825,524,147,271,601,1004,1242,290,774,109,476,1037,246,245,456,185,93,30,25,0,0,88,28,26,19,32,0,0,0,0,0,0,0,0,0,0,0,0,0,0,0,0,0,0,0,954,102,521,341,109,228,230,20,127,17,42,32,24,0,1.2593284,30,5,3,2,2,0,4,3,1,0,0,4,3,1,3,0,0,1,2,2,0,1,1,0,0,0,0,2,0,0,1,1,0,0,0,0,0,0,0,0,0,0,0,0,0,0,0,0,0,0,0,0,0,0,0,0,0,1,0,0,0,0,0,0,0,male
150383104,8636,1677,908,504,284,39,390,175,91,89,313,403,684,142,400,76,133,233,116,240,109,149,35,15,21,0,0,74,13,8,46,10,0,0,0,0,0,0,0,0,0,0,0,0,0,0,0,0,0,0,0,331,28,160,160,26,33,34,18,2,34,8,12,1,0,0.18909992,7,0,0,0,0,0,0,0,0,0,0,0,0,0,0,0,0,0,0,0,0,0,0,0,0,0,0,0,0,0,0,0,0,0,0,0,0,0,0,0,0,0,0,0,0,0,0,0,0,0,0,0,0,0,0,0,0,0,0,0,0,0,0,0,0,female
155010707,6151,7123,3066,1364,685,119,1243,745,339,703,965,2240,3337,563,1733,511,1094,1677,738,667,762,362,175,76,66,0,0,317,112,67,107,52,0,0,0,0,0,0,0,0,0,0,0,0,0,0,0,0,0,0,0,1358,190,604,602,79,159,163,41,65,42,25,55,21,1,0.46838602,2,0,0,0,0,0,0,0,0,0,0,0,0,0,0,0,0,0,0,0,0,0,1,0,0,0,0,1,1,0,1,0,0,0,0,0,0,0,0,0,0,0,0,0,0,0,0,0,0,0,0,0,0,0,0,1,0,0,0,0,0,0,0,0,0,male
156393615,6685,3448,1556,754,438,130,699,420,177,272,534,1139,1507,226,926,184,430,925,309,346,268,214,142,31,43,0,0,220,62,48,91,44,0,0,0,0,0,0,0,0,0,0,0,0,0,0,0,0,0,0,0,982,139,448,406,108,120,140,26,38,27,8,53,9,0,0.13624161,4,1,0,0,0,0,0,0,0,0,0,0,0,0,0,0,0,0,0,0,1,0,0,0,0,0,0,1,0,1,0,0,0,0,0,0,0,0,0,0,0,0,0,0,0,0,0,0,0,0,0,1,0,1,0,0,0,0,0,0,0,0,0,0,0,male
160059197,6043,4263,2565,1277,723,149,1126,685,374,356,595,1609,1931,435,1260,202,505,928,412,523,354,208,214,61,28,0,0,339,91,41,228,21,0,0,0,0,0,0,0,0,0,0,0,0,0,0,0,0,0,0,0,944,147,420,420,57,94,102,22,15,57,40,101,6,0,0.049512986,1,0,0,0,0,0,0,0,0,0,0,0,0,0,0,0,0,0,0,0,0,0,0,0,0,0,0,0,0,0,0,0,0,0,0,0,0,0,0,0,0,0,0,0,0,0,0,0,0,0,0,0,0,0,0,0,0,0,0,0,0,0,0,0,0,male
160659354,7771,5444,2640,1234,739,171,1107,584,312,503,621,1714,2473,381,1369,308,799,1305,589,577,520,371,136,113,68,0,0,208,81,53,68,21,0,0,0,0,0,0,0,0,0,0,0,0,0,0,0,0,0,0,0,1206,165,502,575,147,148,147,22,32,46,21,68,11,0,0.06526632,5,4,2,1,0,0,1,1,1,0,0,3,4,0,4,0,0,0,2,2,0,1,1,0,0,0,0,0,0,0,0,0,0,0,0,0,0,0,0,0,0,0,0,0,0,0,0,0,0,0,0,0,0,0,0,0,1,0,0,0,0,0,0,0,0,female
161521811,11958,993,326,217,123,3,206,98,73,23,398,124,401,41,295,25,29,73,55,199,36,106,17,1,11,0,0,51,6,22,13,12,0,0,0,0,0,0,0,0,0,0,0,0,0,0,0,0,0,0,0,197,27,104,69,42,37,48,11,13,27,2,26,10,0,0.25380304,18,0,0,0,0,0,0,0,0,0,0,0,2,0,2,0,0,0,0,0,0,0,0,0,0,0,0,1,0,0,0,1,0,0,0,0,0,0,0,0,0,0,0,0,0,0,0,0,0,0,0,1,1,0,0,0,0,1,0,0,0,0,0,0,0,female
162988060,5009,3632,1952,950,600,80,1016,560,358,362,415,1566,1820,244,1189,243,538,822,330,456,378,188,170,41,33,0,0,290,96,34,185,2,0,0,0,0,0,0,0,0,0,0,0,0,0,0,0,0,0,0,0,887,146,376,404,91,121,55,17,26,48,7,61,9,0,0.048360657,1,3,4,1,0,1,1,1,0,1,0,2,2,0,2,0,0,0,0,2,0,0,0,0,0,0,0,1,0,0,1,0,0,0,0,0,0,0,0,0,0,0,0,0,0,0,0,0,0,0,0,0,0,0,0,0,0,0,0,0,0,0,0,0,0,female
163614757,5479,3534,1811,869,466,179,810,436,250,278,482,1280,1795,286,950,227,432,849,285,515,351,212,139,95,37,0,0,285,114,32,138,33,0,0,0,0,0,0,0,0,0,0,0,0,0,0,0,0,0,0,0,788,125,389,301,49,92,50,14,29,36,8,40,8,0,0.053410023,8,0,0,0,0,0,0,0,0,0,0,0,0,0,0,0,0,0,0,0,0,0,0,0,0,0,0,0,0,0,0,0,0,0,0,0,0,0,0,0,0,0,0,0,0,0,0,0,0,0,0,0,0,0,0,0,0,0,0,0,0,0,0,0,0,male
164799361,6019,3802,1903,942,551,103,822,475,289,357,469,1225,1728,297,956,205,498,1049,364,505,427,219,232,54,44,0,0,344,199,48,168,52,0,0,0,0,0,0,0,0,0,0,0,0,0,0,0,0,0,0,0,914,108,455,382,57,77,71,19,36,24,11,61,8,0,0.0625,1,0,0,0,0,0,0,0,0,0,0,0,0,0,0,0,0,0,0,0,0,0,0,0,0,0,0,0,0,0,0,0,0,0,0,0,0,0,0,0,0,0,0,0,0,0,0,0,0,0,0,0,0,0,0,0,0,0,0,0,0,0,0,0,0,male
169001284,6432,4671,2437,1211,734,123,855,508,256,432,577,1579,2186,416,1134,271,592,1183,454,563,385,235,137,55,50,0,0,242,90,64,93,25,0,0,0,0,0,0,0,0,0,0,0,0,0,0,0,0,0,0,0,1135,192,506,491,71,83,80,27,28,49,9,66,20,0,0.047116164,3,5,4,2,1,0,3,2,0,0,0,2,3,0,1,2,2,0,1,1,2,0,0,0,0,0,0,1,0,0,1,0,0,0,0,0,0,0,0,0,0,0,0,0,0,0,0,0,0,0,0,0,0,0,0,0,0,0,0,0,0,0,1,1,0,female
176663017,4008,4373,2249,1097,600,134,923,503,261,398,597,1492,2086,350,1186,289,621,1021,418,478,396,213,153,35,37,0,0,260,73,59,109,53,0,0,0,0,0,0,0,0,0,0,0,0,0,0,0,0,0,0,0,894,126,429,376,59,75,78,39,26,30,16,66,6,1,0.5308219,4,0,0,0,0,0,0,0,0,0,0,0,0,0,0,0,0,0,0,0,0,0,0,0,0,0,0,0,0,0,0,0,0,0,0,0,0,0,0,0,0,0,0,0,0,0,0,0,0,0,0,0,0,0,0,0,0,0,0,0,0,0,0,0,0,female
183115415,10612,5365,2262,1072,552,164,966,670,133,402,888,1512,1951,312,1263,187,595,1485,432,526,406,301,124,57,71,0,0,191,51,32,74,41,0,0,0,0,0,0,0,0,0,0,0,0,0,0,0,0,0,0,0,1564,237,672,643,103,197,228,57,42,48,7,57,4,0,0.07646671,7,14,9,4,4,0,4,4,0,0,0,6,7,0,6,0,0,4,2,2,1,3,1,1,0,0,0,3,0,0,3,0,0,0,0,0,0,0,0,0,0,0,0,0,0,0,0,0,0,0,0,2,0,1,1,0,0,2,0,1,0,0,0,0,0,female
189895266,5934,5263,2448,1205,748,118,862,544,282,442,746,1727,2422,499,1346,296,734,1274,493,528,550,329,159,57,54,0,0,299,94,64,67,96,0,0,0,0,0,0,0,0,0,0,0,0,0,0,0,0,0,0,0,1227,197,567,543,107,112,169,62,63,36,38,46,18,1,0.20653908,6,13,7,4,3,0,1,0,0,2,1,1,3,0,0,1,1,5,2,1,0,2,2,0,0,0,0,0,0,0,0,0,0,0,0,0,0,0,0,0,0,0,0,0,0,0,0,0,0,0,0,6,1,2,3,1,0,2,0,0,0,0,0,0,0,female
195369385,4616,3464,1365,773,570,71,678,359,306,228,622,1159,1558,245,922,194,446,946,368,419,322,203,256,32,57,0,0,398,113,45,199,55,0,0,0,0,0,0,0,0,0,0,0,0,0,0,0,0,0,0,0,949,131,447,424,54,78,87,33,22,31,18,33,3,0,0.109375,5,1,0,0,0,0,1,0,1,0,1,1,0,0,1,0,0,1,1,0,0,0,1,0,0,0,0,1,0,0,1,0,0,0,0,0,0,0,0,0,0,0,0,0,0,0,0,0,0,0,0,0,0,0,0,0,0,0,0,0,0,0,0,0,0,female
196757095,8318,1267,406,269,185,3,210,104,69,31,318,379,638,44,506,25,53,115,50,210,47,91,6,5,2,0,0,53,12,21,21,4,0,0,0,0,0,0,0,0,0,0,0,0,0,0,0,0,0,0,0,183,18,105,56,31,20,18,12,11,23,0,18,2,1,1.3674762,10,3,1,0,0,1,0,0,0,0,0,0,1,0,1,0,0,3,0,0,0,0,0,0,0,0,0,0,0,0,0,0,0,0,0,0,0,0,0,0,0,0,0,0,0,0,0,0,0,0,0,1,0,1,0,2,0,0,0,0,0,0,0,0,0,female
197700578,14584,2002,1244,706,315,53,740,405,106,108,328,446,868,85,537,63,153,378,146,338,136,481,60,329,11,0,0,377,30,290,57,10,0,0,0,0,0,0,0,0,0,0,0,0,0,0,0,0,0,0,0,500,67,302,139,37,66,343,11,8,350,0,43,3,1,0.33195022,5,10,6,4,2,0,2,0,0,0,0,4,8,1,2,2,2,1,3,2,2,1,0,0,0,0,0,0,0,0,0,0,0,0,0,0,0,0,0,0,0,0,0,0,0,0,0,0,0,0,0,4,2,0,2,0,1,0,0,0,1,0,0,0,0,male
198189594,5612,5688,2321,1150,785,96,917,462,309,508,808,1667,2430,390,1363,258,823,1441,606,614,529,326,169,55,60,0,0,277,97,68,85,44,0,0,0,0,0,0,0,0,0,0,0,0,0,0,0,0,0,0,0,1436,186,645,641,124,123,160,70,37,59,15,45,8,1,0.53255427,1,0,0,0,0,0,0,0,0,0,0,0,0,0,0,0,0,0,0,0,0,0,0,0,0,0,0,0,0,0,0,0,0,0,0,0,0,0,0,0,0,0,0,0,0,0,0,0,0,0,0,0,0,0,0,1,0,0,0,0,0,0,0,0,0,female
203656084,6255,5147,2914,1574,912,173,1245,738,425,463,671,1526,2090,435,1077,252,599,1390,438,668,345,453,287,165,89,0,0,387,192,27,179,80,0,0,0,0,0,0,0,0,0,0,0,0,0,0,0,0,0,0,0,1479,181,906,419,46,78,87,21,76,64,8,88,12,0,0.62,1,0,0,0,0,0,0,0,0,0,0,0,0,0,0,0,0,0,0,0,0,0,0,0,0,0,0,0,0,0,0,0,0,0,0,0,0,0,0,0,0,0,0,0,0,0,0,0,0,0,0,0,0,0,0,0,0,0,0,0,0,0,0,0,0,male
206912999,7525,4339,1916,858,436,225,844,607,187,380,701,1448,1767,440,1061,210,490,1161,371,414,336,280,158,43,29,0,0,157,53,45,51,21,0,0,0,0,0,0,0,0,0,0,0,0,0,0,0,0,0,0,0,1128,231,500,429,88,160,131,18,83,42,10,115,34,1,0.37390614,2,0,0,0,0,0,0,0,0,0,0,0,0,0,0,0,0,0,0,0,0,1,1,0,0,0,0,0,0,0,0,0,0,0,0,0,0,0,0,0,0,0,0,0,0,0,0,0,0,0,0,0,0,0,0,0,0,0,0,0,0,0,0,0,0,male
208279736,4933,5640,2739,1382,872,150,1017,606,313,466,620,2038,2740,365,1608,473,892,1411,654,623,598,342,149,91,61,0,0,317,91,76,140,22,0,0,0,0,0,0,0,0,0,0,0,0,0,0,0,0,0,0,0,1303,245,545,577,91,139,109,32,24,30,7,33,7,1,0.14382403,7,10,8,4,0,0,2,2,0,0,0,2,5,0,0,4,2,4,4,0,3,0,0,0,0,0,0,0,0,0,0,0,0,0,0,0,0,0,0,0,0,0,0,0,0,0,0,0,0,0,0,2,1,0,1,0,0,0,0,0,0,1,0,0,0,female
218099040,5918,3578,2011,959,569,128,984,618,281,353,496,1212,1525,310,888,201,389,963,305,429,268,236,197,70,37,0,0,225,101,43,127,7,0,0,0,0,0,0,0,0,0,0,0,0,0,0,0,0,0,0,0,1021,188,469,409,55,124,91,25,44,86,7,57,8,1,0.1583851,31,2,3,1,0,2,0,0,0,0,0,1,0,0,1,0,2,0,0,0,0,0,0,0,0,0,0,0,0,0,0,0,0,0,0,0,0,0,0,0,0,0,0,0,0,0,0,0,0,0,0,3,1,0,2,1,0,1,1,0,1,0,0,0,0,male
218526813,6189,4899,2503,1194,713,195,938,602,267,440,596,1666,2284,502,1312,235,718,1061,658,590,487,291,136,91,42,0,0,201,40,50,110,16,0,0,0,0,0,0,0,0,0,0,0,0,0,0,0,0,0,0,0,1018,238,357,483,55,153,141,17,24,39,7,81,7,0,0.13823767,15,4,1,1,1,0,0,0,0,0,1,1,2,0,1,0,0,0,1,1,0,0,0,0,0,0,0,0,0,0,0,0,0,0,0,0,0,0,0,0,0,0,0,0,0,0,0,0,0,0,0,1,0,1,0,0,0,0,0,0,0,0,0,0,0,male
219049295,7074,5700,3249,1687,933,173,1906,1069,658,430,958,1962,2551,402,1526,360,701,1447,581,897,415,318,359,104,50,0,0,413,183,76,271,25,0,0,0,0,0,0,0,0,0,0,0,0,0,0,0,0,0,0,0,1531,278,776,519,68,105,170,18,50,29,254,199,44,1,0.47420964,9,2,0,0,0,0,1,0,1,0,1,1,0,0,1,0,0,1,0,0,1,0,0,0,0,0,0,0,0,0,0,0,0,0,0,0,0,0,0,0,0,0,0,0,0,0,0,0,0,0,0,1,0,1,0,0,0,0,0,1,3,0,0,0,0,male
222824120,6231,4121,2838,1489,823,136,980,477,266,373,433,1337,1672,361,972,198,494,819,430,473,320,253,203,30,85,0,0,293,166,27,128,29,0,0,0,0,0,0,0,0,0,0,0,0,0,0,0,0,0,0,0,880,164,400,364,131,110,48,28,19,22,4,82,10,1,0.02255639,3,6,4,3,2,0,1,0,0,0,0,2,2,0,1,1,1,1,1,0,1,0,0,0,0,0,0,0,0,0,0,0,0,0,0,0,0,0,0,0,0,0,0,0,0,0,0,0,0,0,0,2,2,0,0,0,0,0,0,0,0,0,0,0,0,female
227108149,479,400,216,112,70,19,72,44,16,36,23,150,186,47,106,29,62,87,56,48,37,24,7,5,2,0,0,20,6,2,9,3,0,0,0,0,0,0,0,0,0,0,0,0,0,0,0,0,0,0,0,88,25,28,33,6,18,7,1,1,0,0,3,0,0,1.745,4,1,2,1,0,1,0,0,0,0,0,2,0,0,2,0,0,0,0,0,0,0,0,0,0,0,0,0,0,0,0,0,0,0,0,0,0,0,0,0,0,0,0,0,0,0,0,0,0,0,0,1,1,0,0,0,0,0,0,0,0,0,0,0,0,male
229865466,721,698,275,135,90,18,117,83,36,63,107,240,342,53,187,38,110,182,63,63,80,44,29,10,10,0,0,25,14,1,10,5,0,0,0,0,0,0,0,0,0,0,0,0,0,0,0,0,0,0,0,179,21,82,82,12,16,26,2,5,9,3,6,4,0,0.06532663,2,8,3,1,1,0,0,0,0,1,1,1,6,0,1,1,3,1,1,1,2,0,0,0,0,0,0,0,0,0,0,0,0,0,0,0,0,0,0,0,0,0,0,0,0,0,0,0,0,0,0,2,0,0,2,0,0,0,0,0,0,0,0,0,0,male
230097513,5614,5121,2758,1473,1032,152,1045,625,329,466,545,1878,2412,365,1462,401,668,1196,413,563,455,229,173,39,53,0,0,326,107,78,153,42,0,0,0,0,0,0,0,0,0,0,0,0,0,0,0,0,0,0,0,1120,168,475,528,54,120,70,37,38,30,13,40,5,1,0.26124567,5,1,0,0,0,0,0,0,0,0,0,0,0,0,0,0,0,0,0,0,0,1,0,0,0,0,0,0,0,0,0,0,0,0,0,0,0,0,0,0,0,0,0,0,0,0,0,0,0,0,0,0,0,0,0,0,0,0,0,0,0,0,0,0,0,female
230580525,4596,3166,1856,875,479,85,859,466,303,319,462,1032,1278,259,757,132,330,835,215,396,248,168,189,58,29,0,0,266,105,45,140,20,0,0,0,0,0,0,0,0,0,0,0,0,0,0,0,0,0,0,0,962,143,457,400,105,77,70,22,43,42,5,74,6,0,0.40116763,4,5,2,1,1,0,0,0,0,1,1,1,1,0,1,1,1,1,1,0,1,0,0,0,0,0,0,1,1,0,0,0,0,0,0,0,0,0,0,0,0,0,0,0,0,0,0,0,0,0,0,2,1,1,0,0,0,0,0,0,0,0,0,0,0,male
231083817,4803,3373,1791,891,481,95,706,359,222,291,422,1098,1479,289,859,174,421,737,303,342,270,185,117,33,25,0,0,206,61,60,66,29,0,0,0,0,0,0,0,0,0,0,0,0,0,0,0,0,0,0,0,752,118,294,377,113,53,70,25,35,33,12,93,18,0,0.1930406,1,0,0,0,0,0,0,0,0,0,0,0,0,0,0,0,0,0,0,0,0,0,0,0,0,0,0,0,0,0,0,0,0,0,0,0,0,0,0,0,0,0,0,0,0,0,0,0,0,0,0,0,0,0,0,0,0,0,0,0,0,0,0,0,0,female
231497380,3736,4595,2128,1072,693,102,820,430,283,396,603,1576,2237,377,1221,299,624,1092,483,556,424,263,150,61,48,0,0,212,70,52,74,39,0,0,0,0,0,0,0,0,0,0,0,0,0,0,0,0,0,0,0,993,161,394,485,85,89,72,28,12,33,13,71,10,0,0.22258863,6,5,3,0,0,0,1,1,0,2,0,3,4,0,3,1,1,0,2,1,2,0,0,0,0,0,0,1,0,0,1,0,0,0,0,0,0,0,0,0,0,0,0,0,0,0,0,0,0,0,0,1,0,0,1,0,0,0,0,0,0,0,0,0,0,male
231970972,4499,5364,2322,1238,915,89,945,581,299,419,698,1693,2402,337,1351,287,732,1427,561,665,479,252,156,56,55,0,0,352,111,78,125,49,0,0,0,0,0,0,0,0,0,0,0,0,0,0,0,0,0,0,0,1424,231,651,577,107,128,132,60,45,45,9,36,11,1,0.28595746,1,0,0,0,0,0,0,0,0,0,0,0,0,0,0,0,0,0,0,0,0,0,0,0,0,0,0,0,0,0,0,0,0,0,0,0,0,0,0,0,0,0,0,0,0,0,0,0,0,0,0,0,0,0,0,0,0,0,0,0,0,0,0,0,0,female
233808043,8310,5843,2930,1402,755,147,1349,823,255,527,652,1822,2622,418,1460,371,714,1499,600,596,508,284,129,60,48,0,0,291,91,62,87,60,0,0,0,0,0,0,0,0,0,0,0,0,0,0,0,0,0,0,0,1508,182,667,673,118,228,147,33,66,56,14,109,12,2,0.09610802,13,6,2,2,2,0,0,0,0,0,0,0,1,0,0,0,0,4,0,0,0,0,0,0,0,0,0,2,2,0,0,0,0,0,0,0,0,0,0,0,0,0,0,0,0,0,0,0,0,0,0,3,1,2,0,1,0,1,0,0,0,0,0,0,0,female
234586270,9523,1112,418,192,124,16,171,105,38,49,363,332,381,109,274,30,52,168,78,148,31,70,34,37,7,0,0,93,17,18,31,37,0,0,0,0,0,0,0,0,0,0,0,0,0,0,0,0,0,0,0,183,45,66,77,103,25,88,13,8,38,2,18,75,1,0.068708606,3,6,2,1,0,0,2,0,1,1,3,0,2,0,0,0,0,0,2,2,0,0,0,0,0,0,0,0,0,0,0,0,0,0,0,0,0,0,0,0,0,0,0,0,0,0,0,0,0,0,0,1,1,0,0,0,0,0,0,0,0,0,0,0,0,female
234669118,5624,4342,2202,1064,583,107,1011,477,323,381,636,1428,1927,289,1142,227,548,1058,445,497,394,289,310,70,49,0,0,382,100,47,210,65,0,0,0,0,0,0,0,0,0,0,0,0,0,0,0,0,0,0,0,1054,134,524,398,42,98,96,27,38,36,11,104,11,0,0.15537849,15,1,1,1,0,0,0,0,0,0,1,0,0,0,0,0,0,0,0,0,0,0,0,0,0,0,0,0,0,0,0,0,0,0,0,0,0,0,0,0,0,0,0,0,0,0,0,0,0,0,0,0,0,0,0,0,0,2,1,0,0,0,0,0,0,male
234866000,7086,4115,1988,1066,681,116,819,557,272,289,566,1457,1882,386,1084,263,535,915,433,421,349,287,185,58,59,0,0,229,86,59,72,29,0,0,0,0,0,0,0,0,0,0,0,0,0,0,0,0,0,0,0,887,125,377,428,95,112,84,37,21,40,11,58,18,0,0.02085004,4,5,2,1,1,0,0,0,0,1,1,1,3,0,1,1,0,1,0,2,1,0,0,0,0,0,0,0,0,0,0,0,0,0,0,0,0,0,0,0,0,0,0,0,0,0,0,0,0,0,0,1,0,0,1,0,0,0,0,0,0,0,0,0,0,female
235832375,8209,1523,860,490,287,27,425,233,69,63,402,317,497,85,387,46,81,213,106,207,72,162,28,39,19,0,0,93,8,11,72,4,0,0,0,0,0,0,0,0,0,0,0,0,0,0,0,0,0,0,0,343,58,176,114,24,97,58,5,10,21,1,29,0,0,0.4222408,22,4,0,0,0,0,2,1,1,0,3,1,4,1,1,1,0,0,2,2,0,1,0,0,1,0,0,0,0,0,0,0,0,0,0,0,0,0,0,0,0,0,0,0,0,0,0,0,0,0,0,1,0,1,0,0,0,0,0,0,0,0,0,0,0,female
237413240,4047,3676,1417,642,425,101,646,360,183,303,554,1171,1745,247,907,215,435,1026,361,464,373,210,81,48,44,0,0,163,57,43,39,33,0,0,0,0,0,0,0,0,0,0,0,0,0,0,0,0,0,0,0,1015,160,461,397,65,131,74,47,25,16,12,46,6,0,0.41087866,2,2,0,0,0,0,0,0,0,0,0,0,3,1,0,0,1,2,0,0,1,0,0,0,0,0,0,0,0,0,0,0,0,0,0,0,0,0,0,0,0,0,0,0,0,0,0,0,0,0,0,1,1,0,0,0,0,0,0,0,0,0,0,0,0,male
238452879,4561,3710,1993,1055,811,94,933,608,414,346,492,1325,1619,299,970,206,557,951,375,483,307,203,297,44,37,0,0,393,197,42,210,15,0,0,0,0,0,0,0,0,0,0,0,0,0,0,0,0,0,0,0,1018,162,385,511,43,68,111,34,19,34,1,51,9,1,0.43076923,12,4,2,2,2,0,0,0,0,0,0,2,2,0,2,0,0,0,0,0,0,0,0,0,0,0,0,0,0,0,0,0,0,0,0,0,0,0,0,0,0,0,0,0,0,0,0,0,0,0,0,0,0,0,0,0,0,0,0,0,0,0,0,0,0,female
238867925,5319,4809,2205,1117,672,109,973,483,179,374,445,1535,2219,358,1177,367,665,1417,388,406,527,245,80,84,72,0,0,273,112,61,130,14,0,0,0,0,0,0,0,0,0,0,0,0,0,0,0,0,0,0,0,1225,184,518,536,90,112,65,25,25,19,5,38,5,3,0.18546365,7,1,2,0,0,2,0,0,0,0,0,0,0,0,0,0,0,1,0,0,0,0,0,0,0,0,0,1,0,1,0,0,0,0,0,0,0,0,0,0,0,0,0,0,0,0,0,0,0,0,0,2,0,0,2,1,0,0,0,0,0,0,0,0,0,female
240492997,5671,5594,2435,1153,704,146,938,590,290,567,748,1689,2410,348,1352,252,764,1505,529,643,499,221,231,40,48,0,0,354,174,58,181,38,0,0,0,0,0,0,0,0,0,0,0,0,0,0,0,0,0,0,0,1493,190,712,636,139,126,108,26,59,34,14,52,9,0,0.31530008,10,5,1,1,1,0,0,0,0,0,1,0,0,0,0,0,0,2,0,0,0,1,0,0,0,0,0,0,0,0,0,0,0,0,0,0,0,0,0,0,0,0,0,0,0,0,0,0,0,0,0,0,0,0,0,0,0,1,0,0,0,0,0,0,0,male
241229843,6761,3313,1569,822,524,134,877,631,173,295,357,984,1416,277,747,124,338,1024,220,540,238,309,203,180,29,0,0,231,145,27,155,20,0,0,0,0,0,0,0,0,0,0,0,0,0,0,0,0,0,0,0,1211,131,636,433,88,60,95,24,23,84,12,133,16,2,0.38884333,10,13,6,5,4,0,1,1,0,0,1,5,6,0,5,0,1,2,2,1,1,0,0,0,0,0,0,4,1,2,1,0,0,0,0,0,0,0,0,0,0,0,0,0,0,0,0,0,0,0,0,2,1,1,0,0,0,2,1,0,1,0,0,0,0,male
241666095,6482,5710,2881,1380,751,157,1138,702,460,601,785,1825,2533,570,1263,285,787,1517,509,636,463,375,434,119,79,0,0,486,291,48,292,54,0,0,0,0,0,0,0,0,0,0,0,0,0,0,0,0,0,0,0,1528,222,784,575,170,109,92,47,41,65,24,61,5,2,0.06820049,5,0,0,0,0,0,0,0,0,0,0,0,0,0,0,0,0,0,0,0,0,0,0,0,0,0,0,0,0,0,0,0,0,0,0,0,0,0,0,0,0,0,0,0,0,0,0,0,0,0,0,0,0,0,0,0,0,0,0,0,0,0,0,0,0,male
243319382,5470,4524,2122,1094,703,123,901,655,228,332,532,1547,2163,421,1145,273,596,1259,467,636,418,346,196,152,51,0,0,351,136,61,160,60,0,0,0,0,0,0,0,0,0,0,0,0,0,0,0,0,0,0,0,1159,188,574,431,50,374,121,20,34,52,12,37,12,2,0.017298188,17,6,2,1,1,0,1,1,0,0,0,1,2,1,2,0,0,4,0,0,2,2,1,0,0,0,0,1,0,1,0,0,0,0,0,0,0,0,0,0,0,0,0,0,0,0,0,0,0,0,0,1,0,1,0,0,0,0,0,1,0,0,0,0,0,female
243429263,5763,4786,2137,1099,710,95,991,626,234,371,672,1441,2045,352,1125,255,586,1275,463,521,402,296,167,58,49,0,0,264,111,45,97,38,0,0,0,0,0,0,0,0,0,0,0,0,0,0,0,0,0,0,0,1213,179,594,471,124,98,96,37,32,89,12,84,13,0,0.17429718,10,8,1,0,0,0,2,2,0,1,2,1,5,0,2,0,2,2,1,1,3,0,0,0,0,0,0,0,0,0,0,0,0,0,0,0,0,0,0,0,0,0,0,0,0,0,0,0,0,0,0,1,0,1,0,1,2,0,0,0,0,0,0,0,0,female
246415736,8503,5320,2090,927,362,94,1059,594,216,477,668,1549,2412,399,1103,313,720,1598,502,554,572,313,92,106,61,0,0,175,73,42,41,27,0,0,0,0,0,0,0,0,0,0,0,0,0,0,0,0,0,0,0,1365,161,672,525,93,201,131,27,33,25,14,52,10,1,0.17705736,1,0,0,0,0,0,0,0,0,0,0,0,0,0,0,0,0,0,0,0,0,0,0,0,0,0,0,0,0,0,0,0,0,0,0,0,0,0,0,0,0,0,0,0,0,0,0,0,0,0,0,0,0,0,0,0,0,0,0,0,0,0,0,0,0,male
247085273,5647,5628,2645,1198,683,168,1095,680,313,555,760,1832,2655,457,1385,318,767,1519,528,678,510,373,202,124,48,0,0,216,80,36,97,37,0,0,0,0,0,0,0,0,0,0,0,0,0,0,0,0,0,0,0,1428,214,702,523,113,157,146,36,36,38,16,37,11,0,0.27090302,1,0,0,0,0,0,0,0,0,0,0,0,0,0,0,0,0,0,0,0,0,0,0,0,0,0,0,0,0,0,0,0,0,0,0,0,0,0,0,0,0,0,0,0,0,0,0,0,0,0,0,0,0,0,0,0,0,0,0,0,0,0,0,0,0,male
249449454,4569,3570,1541,681,394,65,607,352,161,381,438,1245,1668,294,957,245,495,944,296,369,322,242,103,92,40,0,0,119,50,19,37,23,0,0,0,0,0,0,0,0,0,0,0,0,0,0,0,0,0,0,0,918,128,421,403,55,81,99,24,22,45,11,57,16,2,0.13610889,7,0,0,0,0,0,0,0,0,0,0,0,1,1,0,0,0,0,0,0,0,1,0,1,0,0,0,0,0,0,0,0,0,0,0,0,0,0,0,0,0,0,0,0,0,0,0,0,0,0,0,0,0,0,0,4,0,2,0,0,1,0,0,0,0,male
251395294,4668,4417,2121,986,495,115,1040,539,201,338,485,1512,1977,319,1200,253,661,1127,434,444,461,192,83,45,45,0,0,200,46,37,103,17,0,0,0,0,0,0,0,0,0,0,0,0,0,0,0,0,0,0,0,943,131,394,418,70,100,72,18,30,32,11,38,9,0,0.18363939,1,6,1,0,0,0,1,1,0,1,0,2,4,0,1,0,2,1,1,0,1,0,0,0,0,0,0,1,0,1,0,0,0,0,0,0,0,0,0,0,0,0,0,0,0,0,0,0,0,0,0,0,0,0,0,0,0,0,0,0,0,0,0,0,0,female
251717831,5685,3091,1771,900,536,88,895,545,221,296,400,1196,1388,225,992,189,372,638,263,321,262,187,161,41,41,0,0,246,87,40,122,31,0,0,0,0,0,0,0,0,0,0,0,0,0,0,0,0,0,0,0,644,105,289,269,39,82,65,22,11,33,7,102,7,1,0.08431703,2,0,0,0,0,0,0,0,0,0,0,0,0,0,0,0,0,0,0,0,0,0,0,0,0,0,0,0,0,0,0,0,0,0,0,0,0,0,0,0,0,0,0,0,0,0,0,0,0,0,0,0,0,0,0,0,0,0,0,0,0,0,0,0,0,female
251799369,6392,4803,1975,1143,833,86,766,464,258,320,567,1545,2099,355,1200,274,592,1320,512,562,393,251,187,41,41,0,0,389,117,71,153,96,0,0,0,0,0,0,0,0,0,0,0,0,0,0,0,0,0,0,0,1389,217,645,561,156,114,115,73,41,35,14,58,8,0,0.16791356,1,11,11,5,0,4,0,0,1,1,0,1,6,1,1,0,1,3,2,3,0,1,1,0,0,0,0,0,0,0,0,0,0,0,0,0,0,0,0,0,0,0,0,0,0,0,0,0,0,0,0,4,0,2,2,0,0,0,1,0,0,0,0,0,0,female
252413333,7558,6289,2788,1369,899,156,989,638,279,522,820,1935,2770,485,1482,316,850,1552,757,664,566,361,138,57,100,0,0,327,103,96,74,82,0,0,0,0,0,0,0,0,0,0,0,0,0,0,0,0,0,0,0,1529,193,737,628,180,171,192,60,49,32,22,75,10,1,0.26337793,0,5,0,0,0,0,1,1,0,0,1,2,2,0,2,0,1,1,0,1,1,0,0,0,0,0,0,0,0,0,0,0,0,0,0,0,0,0,0,0,0,0,0,0,0,0,0,0,0,0,0,2,1,0,1,0,1,0,0,0,0,0,0,0,0,female
253297807,7279,4693,2461,1202,682,143,924,546,245,429,524,1627,2306,352,1292,307,737,1006,540,537,488,244,151,49,48,0,0,265,99,45,117,29,0,0,0,0,0,0,0,0,0,0,0,0,0,0,0,0,0,0,0,908,135,389,443,68,97,86,11,21,40,14,53,9,2,0.035507843,4,12,10,3,1,1,2,0,0,1,0,4,4,3,1,0,0,3,3,1,2,2,0,1,0,0,0,0,0,0,0,0,0,0,0,0,0,0,0,0,0,0,0,0,0,0,0,0,0,0,0,1,0,0,1,0,0,0,0,0,0,0,0,0,0,female
253438069,6021,4813,2404,1144,628,134,1046,555,331,421,654,1575,2223,368,1263,285,754,1114,548,515,495,235,170,51,50,0,0,320,115,47,152,34,0,0,0,0,0,0,0,0,0,0,0,0,0,0,0,0,0,0,0,1052,143,483,465,108,102,78,24,59,39,8,94,13,1,0.07615894,3,3,2,1,0,0,0,1,0,0,1,0,0,0,0,0,0,1,1,0,0,0,0,0,0,0,0,0,0,0,0,0,0,0,0,0,0,0,0,0,0,0,0,0,0,0,0,0,0,0,0,1,0,0,1,0,0,0,0,0,0,0,0,0,0,female
253766808,6108,4509,2551,1208,805,136,949,533,344,452,530,1449,2057,338,1107,254,611,1117,406,628,461,237,196,56,41,0,0,284,102,34,145,42,0,0,0,0,0,0,0,0,0,0,0,0,0,0,0,0,0,0,0,1107,166,459,526,94,92,85,26,31,63,14,38,8,0,0.09395425,1,0,0,0,0,0,0,0,0,0,0,0,0,0,0,0,0,0,0,0,0,0,0,0,0,0,0,0,0,0,0,0,0,0,0,0,0,0,0,0,0,0,0,0,0,0,0,0,0,0,0,0,0,0,0,0,0,0,0,0,0,0,0,0,0,female
254108070,5891,4955,2399,1189,709,181,889,553,269,378,662,1594,2244,318,1267,321,635,1313,494,648,436,257,160,85,31,0,0,304,99,57,124,77,0,0,0,0,0,0,0,0,0,0,0,0,0,0,0,0,0,0,0,1321,224,602,547,81,119,113,30,36,18,7,95,8,0,0.09068628,5,9,1,1,1,0,0,0,0,0,2,3,3,1,3,0,0,3,0,0,1,1,1,0,0,0,0,1,0,1,0,0,0,0,0,0,0,0,0,0,0,0,0,0,0,0,0,0,0,0,0,2,0,2,0,1,0,0,0,0,0,0,0,0,0,female
254748618,5352,4741,2375,1112,610,129,963,596,273,470,586,1611,2233,408,1188,269,658,1198,411,568,446,289,168,78,50,0,0,228,82,49,96,28,0,0,0,0,0,0,0,0,0,0,0,0,0,0,0,0,0,0,0,1169,192,554,470,139,87,99,37,22,48,17,48,9,1,0.19629318,2,0,0,0,0,0,0,0,0,0,0,0,0,0,0,0,0,0,0,0,0,0,0,0,0,0,0,0,0,0,0,0,0,0,0,0,0,0,0,0,0,0,0,0,0,0,0,0,0,0,0,0,0,0,0,0,0,0,0,0,0,0,0,0,0,female
255293339,595,740,303,159,118,4,128,77,38,71,94,254,353,78,186,47,104,196,71,62,73,46,34,8,14,0,0,48,22,14,24,3,0,0,0,0,0,0,0,0,0,0,0,0,0,0,0,0,0,0,0,178,19,75,87,12,21,10,3,8,5,5,9,2,0,0.020100502,2,1,1,0,0,1,0,0,0,0,0,0,1,0,0,0,0,0,1,1,0,0,0,0,0,0,0,0,0,0,0,0,0,0,0,0,0,0,0,0,0,0,0,0,0,0,0,0,0,0,0,0,0,0,0,0,0,0,0,0,0,0,0,0,0,male
255799705,2574,1315,800,396,264,69,368,287,86,81,193,479,531,141,358,68,202,321,115,147,131,147,97,41,23,0,0,153,60,12,80,21,0,0,0,0,0,0,0,0,0,0,0,0,0,0,0,0,0,0,0,413,60,207,153,14,19,28,9,18,17,0,10,10,0,0.5415987,7,0,3,0,0,0,0,0,0,0,0,0,0,0,0,0,0,0,0,0,0,0,0,0,0,0,0,0,0,0,0,0,0,0,0,0,0,0,0,0,0,0,0,0,0,0,0,0,0,0,0,0,0,0,0,3,3,3,0,0,0,0,0,0,0,male
256773287,4435,3302,1892,1001,591,92,863,618,166,294,381,1167,1454,274,903,200,359,695,349,429,281,225,107,77,63,0,0,211,86,44,73,34,0,0,0,0,0,0,0,0,0,0,0,0,0,0,0,0,0,0,0,847,129,357,426,33,62,56,14,26,18,10,74,8,0,0.06812447,2,1,1,0,0,0,0,0,0,0,1,0,0,0,0,0,0,0,0,0,0,1,1,0,0,0,0,0,0,0,0,0,0,0,0,0,0,0,0,0,0,0,0,0,0,0,0,0,0,0,0,1,0,0,1,0,0,0,0,0,0,0,0,0,0,male
257106582,8170,2022,1061,539,289,59,502,283,95,153,460,446,779,127,508,82,169,280,128,285,117,199,30,24,33,0,0,103,21,31,41,10,0,0,0,0,0,0,0,0,0,0,0,0,0,0,0,0,0,0,0,381,51,177,156,39,48,43,24,7,25,1,93,3,0,0.30985916,1,0,0,0,0,0,0,0,0,0,0,0,0,0,0,0,0,0,0,0,0,0,0,0,0,0,0,0,0,0,0,0,0,0,0,0,0,0,0,0,0,0,0,0,0,0,0,0,0,0,0,0,0,0,0,0,0,0,0,0,0,0,0,0,0,female
257513036,7333,4971,2169,1014,589,183,805,531,238,422,691,1562,2151,407,1285,232,684,1337,483,488,427,268,124,48,53,0,0,214,74,54,61,30,0,0,0,0,0,0,0,0,0,0,0,0,0,0,0,0,0,0,0,1370,189,566,634,127,106,141,51,25,45,10,47,9,1,0.16783217,8,7,0,0,0,0,0,0,0,0,1,2,2,1,1,0,2,2,3,1,0,0,0,0,0,0,0,0,0,0,0,0,0,0,0,0,0,0,0,0,0,0,0,0,0,0,0,0,0,0,0,2,1,0,1,0,0,0,0,0,1,1,0,0,0,female
259533576,4970,4808,2075,1130,825,116,738,453,282,399,566,1626,2124,371,1229,283,658,1152,542,501,402,235,122,39,50,0,0,286,92,66,102,52,0,0,0,0,0,0,0,0,0,0,0,0,0,0,0,0,0,0,0,1207,187,462,606,201,131,116,38,39,46,5,68,6,0,0.19338423,6,4,0,0,0,0,0,0,0,0,1,0,0,0,0,0,0,3,0,0,0,0,0,0,0,0,0,0,0,0,0,0,0,0,0,0,0,0,0,0,0,0,0,0,0,0,0,0,0,0,0,1,0,1,0,1,0,0,0,0,0,0,0,0,0,female
261914244,13464,5557,2980,1440,724,228,1602,1139,99,358,742,1632,1947,386,1362,214,484,1793,357,550,383,474,215,145,51,0,0,230,56,25,138,12,0,0,0,0,0,0,0,0,0,0,0,0,0,0,0,0,0,0,0,1681,230,828,619,101,182,360,52,81,140,8,130,8,0,0.20829943,15,2,4,2,2,0,2,2,0,0,0,1,0,0,1,0,0,1,0,0,0,1,0,1,0,0,0,1,0,0,1,0,0,0,0,0,0,0,0,0,0,0,0,0,0,0,0,0,0,0,0,1,1,0,0,2,0,3,1,0,1,0,0,0,0,male
262346368,4361,4039,2231,941,477,130,871,452,286,452,487,1348,1827,364,1049,213,650,983,404,435,344,230,145,56,51,0,0,257,87,47,133,19,0,0,0,0,0,0,0,0,0,0,0,0,0,0,0,0,0,0,0,943,142,370,451,52,104,69,14,18,72,11,51,15,1,0.5839599,1,0,0,0,0,0,0,0,0,0,0,0,0,0,0,0,0,0,0,0,0,0,0,0,0,0,0,0,0,0,0,0,0,0,0,0,0,0,0,0,0,0,0,0,0,0,0,0,0,0,0,0,0,0,0,0,0,0,0,0,0,0,0,0,0,male
262454953,7460,5505,2869,1462,857,131,1070,607,380,491,678,1830,2443,415,1495,307,786,1377,527,541,496,293,234,86,56,0,0,328,151,52,137,49,0,0,0,0,0,0,0,0,0,0,0,0,0,0,0,0,0,0,0,1365,196,616,631,135,119,108,42,31,49,17,59,12,0,0.11790715,1,0,0,0,0,0,0,0,0,0,0,0,0,0,0,0,0,0,0,0,0,0,0,0,0,0,0,0,0,0,0,0,0,0,0,0,0,0,0,0,0,0,0,0,0,0,0,0,0,0,0,0,0,0,0,0,0,0,0,0,0,0,0,0,0,female
262912800,872,757,399,198,117,21,191,98,64,68,89,275,355,59,207,39,120,190,81,79,62,45,33,9,6,0,0,56,19,8,28,5,0,0,0,0,0,0,0,0,0,0,0,0,0,0,0,0,0,0,0,192,27,77,95,9,13,14,8,2,4,0,8,1,0,0.116161615,2,5,3,2,2,0,0,0,0,1,0,2,3,0,2,0,1,2,0,0,0,0,0,0,0,0,0,0,0,0,0,0,0,0,0,0,0,0,0,0,0,0,0,0,0,0,0,0,0,0,0,2,0,2,0,0,0,0,0,0,0,0,0,0,0,female
263691205,5605,4436,2242,1111,682,106,978,582,246,422,593,1478,2019,375,1170,241,570,1019,461,488,358,326,192,87,42,0,0,178,75,22,85,20,0,0,0,0,0,0,0,0,0,0,0,0,0,0,0,0,0,0,0,970,130,439,429,122,121,160,69,52,23,15,45,16,1,0.4265625,1,4,2,1,1,0,0,0,0,1,0,1,1,0,1,0,1,0,0,0,0,0,0,0,0,0,0,0,0,0,0,0,0,0,0,0,0,0,0,0,0,0,0,0,0,0,0,0,0,0,0,1,1,0,0,0,0,0,0,0,0,0,0,0,0,male
264514479,8466,5042,2156,915,465,151,797,443,290,461,816,1510,2283,388,1226,256,642,1394,498,519,496,282,169,57,44,0,0,242,86,58,92,37,0,0,0,0,0,0,0,0,0,0,0,0,0,0,0,0,0,0,0,1378,183,660,568,117,164,177,29,69,30,14,44,5,0,0.11815336,1,0,0,0,0,0,0,0,0,0,0,0,0,0,0,0,0,0,0,0,0,0,0,0,0,0,0,0,0,0,0,0,0,0,0,0,0,0,0,0,0,0,0,0,0,0,0,0,0,0,0,0,0,0,0,0,0,0,0,0,0,0,0,0,0,male
264628404,7225,3296,1853,918,517,97,723,487,254,314,486,1081,1386,293,846,122,388,746,319,381,268,230,181,58,56,0,0,234,124,29,108,21,0,0,0,0,0,0,0,0,0,0,0,0,0,0,0,0,0,0,0,845,125,413,355,71,107,70,9,38,42,12,60,5,1,0.015723271,3,3,3,2,1,0,0,1,0,0,0,2,2,0,2,0,0,0,0,1,0,0,0,0,0,0,0,0,0,0,0,0,0,0,0,0,0,0,0,0,0,0,0,0,0,0,0,0,0,0,0,0,0,0,0,0,0,0,0,0,0,0,0,0,0,male
267932188,5092,4181,1807,932,619,127,796,472,269,321,561,1493,1961,287,1241,227,544,1082,443,492,364,185,147,36,31,0,0,234,58,50,114,32,0,0,0,0,0,0,0,0,0,0,0,0,0,0,0,0,0,0,0,1052,170,472,451,187,115,70,19,38,34,11,50,8,0,0.18327703,1,0,0,0,0,0,0,0,0,0,0,0,0,0,0,0,0,0,0,0,0,0,0,0,0,0,0,0,0,0,0,0,0,0,0,0,0,0,0,0,0,0,0,0,0,0,0,0,0,0,0,0,0,0,0,0,0,0,0,0,0,0,0,0,0,male
268366947,7102,5911,2747,1349,814,114,1075,747,302,521,723,1834,2664,494,1407,294,757,1441,577,759,541,434,156,152,50,0,0,322,86,62,124,72,0,0,0,0,0,0,0,0,0,0,0,0,0,0,0,0,0,0,0,1379,184,709,505,79,131,116,49,52,30,10,129,30,8,0.25647452,12,11,6,5,5,0,2,2,0,0,2,3,4,0,3,0,0,1,2,2,1,1,0,0,0,0,0,2,0,0,1,1,0,0,0,0,0,0,0,0,0,0,0,0,0,0,0,0,0,0,0,2,1,0,0,0,0,1,1,0,0,0,0,0,0,female
268557840,4370,6177,2900,1340,811,162,1074,570,342,596,661,2144,3047,605,1588,334,859,1517,694,816,571,345,141,96,76,0,0,296,96,81,118,50,0,0,0,0,0,0,0,0,0,0,0,0,0,0,0,0,0,0,0,1285,218,585,542,100,151,79,35,37,73,5,25,11,2,0.06617039,2,3,0,0,0,0,2,2,0,0,1,2,2,0,1,1,0,1,0,0,0,0,0,0,0,0,0,0,0,0,0,0,0,0,0,0,0,0,0,0,0,0,0,0,0,0,0,0,0,0,0,0,0,0,0,0,0,0,0,0,0,0,0,0,0,female
270479707,5746,4309,1953,873,492,117,826,482,252,425,567,1461,2078,348,1194,242,594,1147,337,383,471,248,164,72,41,0,0,229,91,53,90,23,0,0,0,0,0,0,0,0,0,0,0,0,0,0,0,0,0,0,0,955,137,433,414,119,106,74,18,25,40,9,36,6,0,0.054095827,3,3,1,1,1,0,0,0,0,0,1,1,1,0,1,0,0,0,0,0,0,0,0,0,0,0,0,0,0,0,0,0,0,0,0,0,0,0,0,0,0,0,0,0,0,0,0,0,0,0,0,0,0,0,0,0,0,0,0,0,0,0,0,0,0,female
270906614,7595,5740,2457,1072,522,176,992,755,280,549,794,1976,2703,554,1377,365,833,1490,555,561,484,324,134,59,51,0,0,122,44,27,31,28,0,0,0,0,0,0,0,0,0,0,0,0,0,0,0,0,0,0,0,1532,232,666,652,112,195,176,27,38,42,13,152,11,0,0.14069952,5,3,2,1,0,1,0,0,0,0,0,2,3,0,2,0,0,1,1,1,0,0,0,0,0,0,0,2,1,0,0,1,0,0,0,0,0,0,0,0,0,0,0,0,0,0,0,0,0,0,0,1,0,1,0,0,0,0,0,0,0,0,0,0,0,male
271157909,5345,4062,1965,1012,650,103,812,502,189,339,468,1422,1888,236,1179,215,573,997,419,540,365,187,120,10,42,0,0,254,62,47,117,36,0,0,0,0,0,0,0,0,0,0,0,0,0,0,0,0,0,0,0,1116,160,496,482,86,72,78,30,32,23,6,89,5,1,0.2016529,1,0,0,0,0,0,0,0,0,0,0,0,0,0,0,0,0,0,0,0,0,0,0,0,0,0,0,0,0,0,0,0,0,0,0,0,0,0,0,0,0,0,0,0,0,0,0,0,0,0,0,0,0,0,0,0,0,0,0,0,0,0,0,0,0,female
271739194,8271,4469,1951,886,454,110,743,486,180,379,641,1394,1917,333,1032,268,581,1237,422,458,409,220,124,43,32,0,0,184,79,38,67,29,0,0,0,0,0,0,0,0,0,0,0,0,0,0,0,0,0,0,0,1260,173,611,491,149,185,152,33,67,30,10,43,14,0,0.0180602,7,3,0,0,0,0,1,1,0,0,1,0,0,0,0,0,0,2,0,0,0,0,0,0,0,0,0,0,0,0,0,0,0,0,0,0,0,0,0,0,0,0,0,0,0,0,0,0,0,0,0,1,0,1,0,0,1,0,0,0,0,0,0,0,0,male
275725843,5526,4359,2244,1108,688,102,957,600,193,405,474,1506,2041,333,1178,306,595,1041,388,463,434,269,102,66,49,0,0,260,72,55,101,38,0,0,0,0,0,0,0,0,0,0,0,0,0,0,0,0,0,0,0,1005,149,404,472,62,129,64,23,23,45,10,56,6,0,0.17206983,3,2,0,0,0,0,0,0,0,0,0,0,0,0,0,0,0,2,0,0,0,0,0,0,0,0,0,0,0,0,0,0,0,0,0,0,0,0,0,0,0,0,0,0,0,0,0,0,0,0,0,5,1,2,1,0,0,0,0,0,0,0,0,0,0,female
278855391,6380,4556,2228,1051,599,149,1027,563,325,390,669,1460,1991,325,1112,271,586,1257,418,511,410,307,185,82,57,0,0,417,135,82,157,78,0,0,0,0,0,0,0,0,0,0,0,0,0,0,0,0,0,0,0,1185,176,549,505,57,90,110,25,36,42,24,50,13,1,0.12659304,15,6,2,1,0,0,1,0,0,0,2,0,0,0,0,0,0,3,0,0,0,1,0,0,0,0,0,2,0,0,0,2,0,0,0,0,0,0,0,0,0,0,0,0,0,0,0,0,0,0,0,1,0,1,0,0,0,0,1,0,0,0,0,0,0,female
279177113,6827,4796,2252,1123,741,134,912,498,293,403,636,1516,2227,309,1263,286,588,1239,478,541,497,275,181,37,53,0,0,277,63,86,86,56,0,0,0,0,0,0,0,0,0,0,0,0,0,0,0,0,0,0,0,1027,146,447,464,90,141,93,34,25,29,20,67,5,1,0.3783319,4,6,2,1,1,0,0,0,0,0,0,2,5,0,2,1,2,1,3,1,2,1,0,1,0,0,0,0,0,0,0,0,0,0,0,0,0,0,0,0,0,0,0,0,0,0,0,0,0,0,0,1,0,1,0,0,0,2,0,0,1,0,0,0,0,female
279781693,7574,5126,2911,1433,823,131,1223,748,272,448,567,1686,2346,412,1314,296,720,1082,593,611,463,292,180,53,76,0,0,283,91,40,149,20,0,0,0,0,0,0,0,0,0,0,0,0,0,0,0,0,0,0,0,1082,147,440,541,45,86,86,19,16,60,10,123,8,1,0.039688718,1,1,1,1,1,0,0,1,0,0,0,0,0,0,0,0,0,0,0,0,0,0,0,0,0,0,0,0,0,0,0,0,0,0,0,0,0,0,0,0,0,0,0,0,0,0,0,0,0,0,0,0,0,0,1,0,0,0,0,0,0,0,0,0,0,female
280777389,4564,4012,1820,939,625,90,590,385,182,339,524,1281,1729,391,942,202,543,986,397,448,363,220,148,44,37,0,0,222,116,39,92,26,0,0,0,0,0,0,0,0,0,0,0,0,0,0,0,0,0,0,0,975,165,454,367,48,78,61,38,23,15,8,53,14,0,0.10714286,1,0,0,0,0,0,0,0,0,0,0,0,0,0,0,0,0,0,0,0,0,0,0,0,0,0,0,0,0,0,0,0,0,0,0,0,0,0,0,0,0,0,0,0,0,0,0,0,0,0,0,0,0,0,0,0,0,0,0,0,0,0,0,0,0,female
281289188,7878,5133,2875,1407,818,153,1178,715,336,508,595,1497,2176,380,1138,247,681,1283,465,618,447,354,241,107,59,0,0,256,125,34,132,24,0,0,0,0,0,0,0,0,0,0,0,0,0,0,0,0,0,0,0,1245,219,577,517,93,112,206,32,24,39,17,59,12,3,0.041530944,8,0,0,0,0,0,1,0,1,0,0,1,1,0,0,0,0,1,0,0,0,0,0,0,0,0,0,0,0,0,0,0,0,0,0,0,0,0,0,0,0,0,0,0,0,0,0,0,0,0,0,1,0,0,1,0,0,0,0,0,1,0,0,0,0,male
284628430,6548,4760,2040,928,537,188,740,421,216,412,714,1455,2013,371,1090,263,588,1252,476,521,412,254,106,47,52,0,0,233,94,48,74,42,0,0,0,0,0,0,0,0,0,0,0,0,0,0,0,0,0,0,0,1417,236,627,587,195,132,154,36,36,25,14,34,11,2,0.38016528,1,0,0,0,0,0,0,0,0,0,0,0,0,0,0,0,0,0,0,0,0,0,0,0,0,0,0,0,0,0,0,0,0,0,0,0,0,0,0,0,0,0,0,0,0,0,0,0,0,0,0,0,0,0,0,0,0,0,0,0,0,0,0,0,0,male
285607620,9222,1071,471,269,152,19,348,227,68,42,248,209,371,41,269,30,57,128,61,210,52,112,12,11,11,0,0,56,9,8,26,16,0,0,0,0,0,0,0,0,0,0,0,0,0,0,0,0,0,0,0,262,17,180,62,24,31,13,15,9,35,0,125,0,0,0.22,6,10,3,2,2,0,1,0,1,1,2,2,4,1,2,0,1,2,1,2,0,0,1,0,0,0,0,2,0,1,1,0,0,0,0,0,0,0,0,0,0,0,0,0,0,0,0,0,0,0,0,0,0,0,0,1,0,0,0,0,0,0,0,0,0,female
286876100,6962,4662,2216,1135,729,135,910,481,370,375,603,1715,2137,381,1126,309,641,1149,477,495,446,274,140,50,66,0,0,242,112,43,72,32,0,0,0,0,0,0,0,0,0,0,0,0,0,0,0,0,0,0,0,1101,151,509,474,117,125,111,43,45,29,15,55,13,9,0.035100285,2,2,3,1,1,0,0,0,0,0,1,0,1,0,0,0,0,0,0,0,0,0,0,0,0,0,0,0,0,0,0,0,0,0,0,0,0,0,0,0,0,0,0,0,0,0,0,0,0,0,0,2,1,0,1,0,0,0,0,0,0,0,0,0,0,female
287350897,7673,7014,3518,1842,1163,205,1457,861,399,497,889,2236,2975,580,1684,314,928,1761,741,659,696,367,218,60,71,0,0,524,144,122,212,101,0,0,0,0,0,0,0,0,0,0,0,0,0,0,0,0,0,0,0,1718,264,759,716,124,177,169,70,71,63,23,88,19,2,0.27741936,11,9,3,1,1,0,2,2,0,1,0,1,5,0,1,0,1,4,2,2,3,2,1,1,0,0,0,1,0,0,1,0,0,0,0,0,0,0,0,0,0,0,0,0,0,0,0,0,0,0,0,2,0,2,0,1,1,2,0,0,1,0,0,0,0,female
288715240,5022,5012,1940,991,694,98,706,435,237,388,647,1667,2374,388,1281,356,670,1394,499,567,448,324,173,55,47,0,0,227,81,40,68,56,0,0,0,0,0,0,0,0,0,0,0,0,0,0,0,0,0,0,0,1395,190,608,600,129,112,104,70,38,28,11,34,5,0,0.094920896,2,13,12,5,0,0,6,2,1,1,1,5,6,2,4,0,0,2,1,1,1,0,0,0,0,0,0,0,0,0,0,0,0,0,0,0,0,0,0,0,0,0,0,0,0,0,0,0,0,0,0,2,2,0,0,0,0,0,0,0,0,0,0,0,0,female
290268568,2816,2316,1032,516,353,49,438,200,196,201,370,791,1003,221,592,138,294,646,222,215,197,140,91,30,42,0,0,266,83,78,54,70,0,0,0,0,0,0,0,0,0,0,0,0,0,0,0,0,0,0,0,665,107,244,342,55,59,80,20,15,25,24,29,1,0,0.55458516,4,2,0,0,0,0,1,1,0,0,0,0,2,0,0,0,1,1,0,1,1,0,0,0,0,0,0,0,0,0,0,0,0,0,0,0,0,0,0,0,0,0,0,0,0,0,0,0,0,0,0,0,0,0,0,0,0,0,0,0,0,0,0,0,0,male
290301230,766,764,352,194,113,14,162,91,45,47,75,278,370,59,210,50,85,194,78,111,76,37,23,14,3,0,0,35,10,9,12,6,0,0,0,0,0,0,0,0,0,0,0,0,0,0,0,0,0,0,0,176,23,86,83,33,13,23,1,2,2,2,15,1,0,0.08,2,2,0,0,0,0,0,0,0,0,0,0,0,0,0,0,0,1,0,0,1,0,0,0,0,0,0,0,0,0,0,0,0,0,0,0,0,0,0,0,0,0,0,0,0,0,0,0,0,0,0,1,0,1,0,0,0,0,0,0,0,0,0,0,0,female
290857774,5525,4736,2489,1177,646,119,982,429,289,466,556,1684,2276,375,1325,329,660,1109,399,600,394,201,130,48,47,0,0,225,91,53,84,28,0,0,0,0,0,0,0,0,0,0,0,0,0,0,0,0,0,0,0,1064,182,460,450,57,87,80,33,13,22,7,55,15,1,0.37037036,5,1,0,0,0,0,0,0,0,0,1,0,0,0,0,0,0,0,0,0,0,0,0,0,0,0,0,0,0,0,0,0,0,0,0,0,0,0,0,0,0,0,0,0,0,0,0,0,0,0,0,0,0,0,0,0,0,0,0,0,0,0,0,0,0,female
292683893,5727,5674,2825,1397,809,181,1281,730,306,523,731,1845,2486,522,1284,332,773,1472,534,659,414,375,219,104,57,0,0,344,110,66,116,80,0,0,0,0,0,0,0,0,0,0,0,0,0,0,0,0,0,0,0,1578,223,754,652,73,100,160,28,40,27,17,134,32,0,0.35234898,3,5,1,0,0,0,1,1,0,0,2,0,1,0,0,0,1,2,0,0,1,0,0,0,0,0,0,0,0,0,0,0,0,0,0,0,0,0,0,0,0,0,0,0,0,0,0,0,0,0,0,3,0,2,1,0,0,0,0,0,0,0,0,0,0,male
293213181,3888,3448,1461,745,503,75,630,386,172,278,420,1149,1693,265,877,226,442,889,389,502,317,203,80,33,31,0,0,247,79,44,80,57,0,0,0,0,0,0,0,0,0,0,0,0,0,0,0,0,0,0,0,835,120,371,372,104,86,101,37,25,33,14,38,2,0,0.23904052,6,1,0,0,0,0,0,0,0,0,0,0,1,0,0,0,0,1,0,0,0,0,0,0,0,0,0,0,0,0,0,0,0,0,0,0,0,0,0,0,0,0,0,0,0,0,0,0,0,0,0,1,0,0,0,0,0,0,0,0,0,0,0,0,0,female
294037425,7264,2789,1545,775,409,90,710,434,128,232,278,851,1112,202,682,91,316,641,233,362,175,277,119,40,26,0,0,123,25,27,62,13,0,0,0,0,0,0,0,0,0,0,0,0,0,0,0,0,0,0,0,720,101,279,333,37,76,271,19,14,46,3,99,5,0,0.20555556,6,15,9,6,6,1,0,0,0,1,1,7,10,1,7,0,0,2,1,5,2,2,0,2,0,0,0,1,0,0,1,0,0,0,0,0,0,0,0,0,0,0,0,0,0,0,0,0,0,0,0,0,0,0,0,0,0,1,0,0,1,0,1,0,0,male
294823376,9100,2138,1083,577,285,43,658,417,78,107,404,526,787,133,506,76,199,395,161,275,190,150,27,25,20,0,0,102,30,22,42,8,0,0,0,0,0,0,0,0,0,0,0,0,0,0,0,0,0,0,0,409,55,198,154,37,61,56,16,5,70,3,155,8,0,0.22570017,4,19,12,6,1,0,4,1,0,1,3,6,10,2,6,2,0,4,2,2,0,1,0,0,0,0,0,2,0,2,0,0,0,0,0,0,0,0,0,0,0,0,0,0,0,0,0,0,0,0,0,3,0,0,3,0,1,0,0,0,1,2,0,0,0,female
294864398,4041,3352,1877,930,501,73,872,532,220,308,462,1073,1503,315,847,148,414,930,208,499,213,276,189,141,29,0,0,263,118,36,127,47,0,0,0,0,0,0,0,0,0,0,0,0,0,0,0,0,0,0,0,1194,290,557,373,120,72,145,16,27,22,0,65,11,0,0.36806148,6,3,3,2,2,1,0,0,0,0,0,1,1,0,1,0,0,1,0,0,0,0,0,0,0,0,0,1,1,0,0,0,0,0,0,0,0,0,0,0,0,0,0,0,0,0,0,0,0,0,0,1,0,1,0,0,0,0,0,0,0,0,0,0,0,male
295340462,5832,4804,2531,1256,748,130,990,525,283,364,505,1735,2249,391,1270,281,646,1138,549,606,433,249,116,61,35,0,0,249,73,58,103,35,0,0,0,0,0,0,0,0,0,0,0,0,0,0,0,0,0,0,0,1121,185,448,503,94,94,69,48,26,32,18,72,10,0,0.040650405,1,2,1,0,0,0,0,0,0,1,0,0,2,0,0,0,1,0,1,0,1,0,0,0,0,0,0,0,0,0,0,0,0,0,0,0,0,0,0,0,0,0,0,0,0,0,0,0,0,0,0,0,0,0,0,0,0,0,0,0,0,0,0,0,0,female
296433109,5831,5251,2073,923,470,134,771,474,237,442,789,1574,2361,413,1224,285,742,1430,550,562,480,238,93,48,43,0,0,232,85,60,40,61,0,0,0,0,0,0,0,0,0,0,0,0,0,0,0,0,0,0,0,1268,176,589,512,79,184,152,28,47,18,2,39,16,1,0.09583333,7,10,3,1,0,0,4,3,1,1,1,4,5,0,4,0,1,2,1,2,4,0,0,0,0,0,0,0,0,0,0,0,0,0,0,0,0,0,0,0,0,0,0,0,0,0,0,0,0,0,0,1,1,0,1,0,1,0,0,0,0,0,0,0,0,male
300928318,4719,4028,1848,920,578,104,876,530,206,327,422,1492,1883,257,1212,255,565,1001,430,474,352,163,75,21,26,0,0,224,61,53,89,27,0,0,0,0,0,0,0,0,0,0,0,0,0,0,0,0,0,0,0,1030,199,394,436,87,120,65,26,20,91,7,62,5,0,0.45652175,1,9,3,3,3,0,0,0,0,0,0,4,7,0,4,2,1,2,1,0,3,0,0,0,0,0,0,0,0,0,0,0,0,0,0,0,0,0,0,0,0,0,0,0,0,0,0,0,0,0,0,0,0,0,0,0,0,0,0,0,1,0,0,0,0,female
301117918,5112,4804,2570,1332,881,90,908,457,365,504,471,1639,2211,405,1198,343,712,1119,439,547,498,218,144,43,70,0,0,338,109,83,109,67,0,0,0,0,0,0,0,0,0,0,0,0,0,0,0,0,0,0,0,1122,182,433,544,28,95,60,35,20,81,17,34,2,0,0.060118545,1,0,0,0,0,0,0,0,0,0,0,0,0,0,0,0,0,0,0,0,0,0,0,0,0,0,0,0,0,0,0,0,0,0,0,0,0,0,0,0,0,0,0,0,0,0,0,0,0,0,0,0,0,0,0,0,0,0,0,0,0,0,0,0,0,female
302258234,6983,5014,2282,1101,678,125,843,532,203,432,670,1539,2239,385,1215,281,689,1246,520,513,494,247,108,40,38,0,0,187,61,44,47,42,0,0,0,0,0,0,0,0,0,0,0,0,0,0,0,0,0,0,0,1173,185,536,480,109,81,134,38,29,40,26,85,11,0,0.55527425,2,0,0,0,0,0,0,0,0,0,0,0,0,0,0,0,0,0,0,0,0,0,0,0,0,0,0,0,0,0,0,0,0,0,0,0,0,0,0,0,0,0,0,0,0,0,0,0,0,0,0,0,0,0,0,0,0,0,0,0,0,0,0,0,0,female
302662448,4634,4283,2224,1102,634,111,796,407,178,383,426,1528,2005,378,1149,299,537,1028,406,459,357,247,99,40,66,0,0,208,65,53,77,21,0,0,0,0,0,0,0,0,0,0,0,0,0,0,0,0,0,0,0,946,154,425,388,52,69,105,39,23,32,20,38,12,0,0.22941177,9,3,1,1,1,0,0,0,0,0,0,0,0,0,0,0,0,0,0,0,1,1,0,0,0,0,0,0,0,0,0,0,0,0,0,0,0,0,0,0,0,0,0,0,0,0,0,0,0,0,0,0,0,0,0,0,0,0,0,0,0,0,0,0,0,male
303420630,4345,4622,2305,1135,686,87,1044,552,436,522,618,1690,2207,363,1326,311,668,1041,450,529,406,283,298,58,48,0,0,401,174,52,252,53,0,0,0,0,0,0,0,0,0,0,0,0,0,0,0,0,0,0,0,1169,188,526,521,57,126,108,18,25,15,19,61,12,0,0.4818781,3,6,3,3,3,0,0,0,0,0,0,2,4,0,2,0,1,1,0,1,2,0,0,0,0,0,0,0,0,0,0,0,0,0,0,0,0,0,0,0,0,0,0,0,0,0,0,0,0,0,0,0,0,0,0,0,0,0,0,0,0,0,0,0,0,male
304705046,6907,4860,1992,975,602,127,669,428,191,372,712,1523,2099,362,1173,275,609,1332,481,448,424,293,133,72,52,0,0,237,73,45,66,66,0,0,0,0,0,0,0,0,0,0,0,0,0,0,0,0,0,0,0,1324,194,600,548,116,113,146,51,36,62,14,50,4,1,0.14135703,1,0,1,0,0,1,0,0,0,0,0,0,1,0,1,0,0,0,0,0,0,1,1,0,0,0,0,0,0,0,0,0,0,0,0,0,0,0,0,0,0,0,0,0,0,0,0,0,0,0,0,0,0,0,0,0,0,0,0,0,0,0,0,0,0,female
304796892,7733,4641,2322,1140,669,198,877,535,234,355,621,1530,2285,313,1220,373,612,1044,479,520,436,280,118,37,90,0,0,269,87,57,116,34,0,0,0,0,0,0,0,0,0,0,0,0,0,0,0,0,0,0,0,1028,152,473,456,120,96,125,23,31,22,13,114,8,0,0.0328,1,11,8,4,3,0,1,1,1,2,0,3,3,0,4,0,3,0,2,0,0,0,0,0,0,0,0,0,0,0,0,0,0,0,0,0,0,0,0,0,0,0,0,0,0,0,0,0,0,0,0,2,1,1,0,0,0,0,0,0,0,0,1,0,0,male
307701289,7357,4300,2130,942,458,111,798,437,234,417,572,1395,1943,363,1027,186,513,1104,433,535,379,237,206,47,43,0,0,248,128,32,130,33,0,0,0,0,0,0,0,0,0,0,0,0,0,0,0,0,0,0,0,1112,155,506,483,152,83,88,32,32,57,17,54,10,4,0.038919777,14,6,7,3,1,1,3,3,0,0,0,1,3,0,1,0,0,1,2,2,1,2,1,0,1,0,0,1,0,1,0,0,0,0,0,0,0,0,0,0,0,0,0,0,0,0,0,0,0,0,0,0,0,0,0,0,0,0,0,0,1,0,1,0,0,male
308817567,5674,3098,1739,806,430,131,723,421,184,329,538,1117,1261,233,846,157,359,655,196,276,253,135,132,36,17,0,0,198,72,30,87,24,0,0,0,0,0,0,0,0,0,0,0,0,0,0,0,0,0,0,0,779,106,377,336,38,72,65,18,14,21,9,51,4,0,0.26101413,1,0,0,0,0,0,0,0,0,0,0,0,0,0,0,0,0,0,0,0,0,0,0,0,0,0,0,0,0,0,0,0,0,0,0,0,0,0,0,0,0,0,0,0,0,0,0,0,0,0,0,0,0,0,0,0,0,0,0,0,0,0,0,0,0,male
309106296,7527,5504,2820,1265,608,198,959,592,305,521,745,1835,2404,524,1346,302,719,1349,512,556,410,315,180,72,53,0,0,284,91,70,99,66,0,0,0,0,0,0,0,0,0,0,0,0,0,0,0,0,0,0,0,1362,210,638,543,108,101,157,53,37,47,29,82,24,0,0.63492066,3,4,2,0,0,0,0,0,0,2,0,1,1,0,1,0,0,2,0,0,0,1,0,0,1,0,0,0,0,0,0,0,0,0,0,0,0,0,0,0,0,0,0,0,0,0,0,0,0,0,0,0,0,0,0,0,0,0,0,0,0,0,0,0,0,male
309303548,7490,5016,2309,1170,795,130,957,535,339,515,676,1747,2469,392,1421,308,713,1100,543,532,470,228,191,40,49,0,0,322,103,76,141,37,0,0,0,0,0,0,0,0,0,0,0,0,0,0,0,0,0,0,0,1079,116,492,502,78,85,87,38,18,34,16,50,9,1,0.056384742,1,0,0,0,0,0,2,0,2,0,2,2,0,0,2,0,0,0,0,0,0,0,2,0,0,0,0,1,0,0,1,0,0,0,0,0,0,0,0,0,0,0,0,0,0,0,0,0,0,0,0,0,0,0,0,0,0,0,0,0,0,0,0,0,0,female
309800804,5272,4243,1814,846,489,136,679,520,161,448,554,1459,1953,397,1066,275,519,1135,373,425,335,266,158,52,42,0,0,175,97,35,63,37,0,0,0,0,0,0,0,0,0,0,0,0,0,0,0,0,0,0,0,1068,177,498,424,92,104,167,26,42,43,10,134,8,0,0.08554817,2,4,1,0,0,0,0,0,0,1,1,1,2,0,2,0,1,1,0,0,1,0,0,0,0,0,0,0,0,0,0,0,0,0,0,0,0,0,0,0,0,0,0,0,0,0,0,0,0,0,0,1,0,1,0,0,1,0,0,0,0,0,0,0,0,male
309984509,4993,4380,2186,1171,789,140,959,606,288,324,521,1661,2037,362,1303,284,615,999,471,442,401,278,178,53,44,0,0,301,70,46,149,50,0,0,0,0,0,0,0,0,0,0,0,0,0,0,0,0,0,0,0,1078,170,428,541,77,115,83,64,59,53,43,81,10,4,0.31836733,1,0,0,0,0,0,0,0,0,0,0,0,0,0,0,0,0,0,0,0,0,0,0,0,0,0,0,0,0,0,0,0,0,0,0,0,0,0,0,0,0,0,0,0,0,0,0,0,0,0,0,0,0,0,0,0,0,0,0,0,0,0,0,0,0,female
310445971,7501,4540,2228,1089,694,144,937,530,280,409,541,1450,1948,332,1129,245,472,1266,410,572,335,281,152,59,45,0,0,318,121,62,132,43,0,0,0,0,0,0,0,0,0,0,0,0,0,0,0,0,0,0,0,1211,178,521,531,114,115,111,32,50,21,7,64,8,1,0.4278648,14,2,1,1,1,0,0,0,0,0,0,1,1,0,1,0,0,0,0,0,0,0,0,0,0,0,0,0,0,0,0,0,0,0,0,0,0,0,0,0,0,0,0,0,0,0,0,0,0,0,0,0,0,0,0,0,0,0,0,0,0,0,0,0,0,male
310492568,8485,2745,1487,715,378,83,687,450,217,290,482,888,1213,245,666,141,326,661,259,253,232,170,173,39,32,0,0,209,96,24,88,40,0,0,0,0,0,0,0,0,0,0,0,0,0,0,0,0,0,0,0,741,101,340,325,40,80,118,13,66,29,13,65,9,1,0.09286899,7,1,0,0,0,0,0,0,0,0,0,0,0,0,0,0,0,0,0,0,0,1,0,0,0,0,0,0,0,0,0,0,0,0,0,0,0,0,0,0,0,0,0,0,0,0,0,0,0,0,0,0,0,0,0,0,0,1,0,0,0,0,0,0,0,male
317569543,5127,5868,3151,1635,1011,156,1228,758,317,529,617,1946,2759,486,1580,335,855,1269,693,677,556,354,217,67,81,0,0,342,139,56,144,51,0,0,0,0,0,0,0,0,0,0,0,0,0,0,0,0,0,0,0,1224,186,564,554,36,89,97,40,25,67,18,112,4,0,0.030995106,1,0,0,0,0,0,1,1,0,0,0,0,0,0,0,0,0,0,0,0,0,0,0,0,0,0,0,0,0,0,0,0,0,0,0,0,0,0,0,0,0,0,0,0,0,0,0,0,0,0,0,0,0,0,0,0,0,0,0,0,0,0,0,0,0,female
319450103,4790,4773,2231,1197,867,105,891,569,266,351,527,1670,2261,364,1423,300,679,1090,540,559,410,268,145,68,58,0,0,283,81,56,106,64,0,0,0,0,0,0,0,0,0,0,0,0,0,0,0,0,0,0,0,1113,155,495,483,114,100,96,54,30,54,9,57,11,0,0.07094595,1,1,0,0,0,0,0,0,0,0,0,0,0,0,0,0,1,0,0,0,0,0,0,0,0,0,0,0,0,0,0,0,0,0,0,0,0,0,0,0,0,0,0,0,0,0,0,0,0,0,0,0,0,0,0,0,0,0,0,0,0,0,1,0,0,male
320431059,5444,5601,2951,1498,870,141,1175,751,358,502,664,1758,2426,519,1204,291,758,1447,631,860,447,339,290,117,47,0,0,295,151,57,141,31,0,0,0,0,0,0,0,0,0,0,0,0,0,0,0,0,0,0,0,1777,283,821,693,71,93,85,37,51,74,8,100,21,0,0.17705736,7,9,3,1,1,1,0,0,0,0,0,1,4,0,2,0,1,4,3,2,1,0,0,0,0,0,0,0,0,0,0,0,0,0,0,0,0,0,0,0,0,0,0,0,0,0,0,0,0,0,0,5,0,3,2,1,0,1,0,0,0,0,0,0,0,male
320884945,12901,5886,3159,1425,737,236,1356,790,495,666,975,1780,2597,533,1303,264,699,1515,509,697,627,433,328,126,73,0,0,513,195,80,209,123,0,0,0,0,0,0,0,0,0,0,0,0,0,0,0,0,0,0,0,1462,207,691,585,71,131,153,29,55,25,155,72,12,0,0.47918367,17,11,4,3,3,0,3,3,0,1,0,2,2,0,2,0,1,4,0,0,0,0,1,0,0,0,0,2,1,1,1,0,0,0,0,0,0,0,0,0,0,0,0,0,0,0,0,0,0,0,0,6,1,4,1,0,0,0,0,0,0,0,0,0,0,male
321447612,7504,4762,2292,1022,582,155,916,519,252,540,675,1549,1964,516,1136,184,545,1256,394,503,401,261,140,77,38,0,0,212,79,52,54,48,0,0,0,0,0,0,0,0,0,0,0,0,0,0,0,0,0,0,0,1343,204,598,583,101,153,136,22,44,32,44,142,9,5,0.32292524,1,1,0,0,0,0,0,0,0,0,1,0,0,0,0,0,0,0,0,0,0,0,0,0,0,0,0,1,0,1,0,0,0,0,0,0,0,0,0,0,0,0,0,0,0,0,0,0,0,0,0,0,0,0,0,0,0,0,0,0,0,0,0,0,0,male
321647306,6226,4509,2355,1170,711,133,1096,594,321,399,591,1644,2196,383,1326,284,641,1020,440,513,449,255,229,62,34,0,0,291,75,64,154,24,0,0,0,0,0,0,0,0,0,0,0,0,0,0,0,0,0,0,0,962,129,433,440,60,122,80,15,20,34,6,84,46,1,0.27544427,1,5,1,0,0,0,0,0,0,1,0,2,5,1,2,0,2,1,0,1,0,0,0,0,0,0,0,0,0,0,0,0,0,0,0,0,0,0,0,0,0,0,0,0,0,0,0,0,0,0,0,4,0,0,4,0,0,0,0,0,0,0,0,0,0,male
322956056,7054,4087,1846,913,562,80,955,636,178,303,512,1438,1809,348,1101,229,452,1248,302,436,285,266,97,102,34,0,0,197,60,61,79,23,0,0,0,0,0,0,0,0,0,0,0,0,0,0,0,0,0,0,0,1357,244,605,486,269,188,142,42,79,51,18,47,14,0,0.31715482,3,0,0,0,0,0,0,0,0,0,0,0,0,0,0,0,0,0,0,0,0,0,0,0,0,0,0,0,0,0,0,0,0,0,0,0,0,0,0,0,0,0,0,0,0,0,0,0,0,0,0,0,0,0,0,0,0,0,0,0,0,0,0,0,0,female
322987477,4590,3094,1292,598,361,92,541,342,221,300,514,1012,1339,263,703,206,342,863,258,341,269,182,196,48,23,0,0,267,118,40,125,44,0,0,0,0,0,0,0,0,0,0,0,0,0,0,0,0,0,0,0,903,108,431,387,59,86,115,19,29,23,11,31,1,0,0.24477862,3,9,3,3,3,0,0,0,0,0,2,1,2,0,0,1,1,2,1,0,0,0,0,0,0,0,0,0,0,0,0,0,0,0,0,0,0,0,0,0,0,0,0,0,0,0,0,0,0,0,0,3,1,1,1,0,0,0,0,0,0,0,0,0,0,male
323127182,4414,3668,2213,1142,700,171,519,406,250,314,447,1290,1628,458,903,187,464,811,364,491,316,198,167,57,25,0,0,224,112,37,92,34,0,0,0,0,0,0,0,0,0,0,0,0,0,0,0,0,0,0,0,918,229,277,460,59,60,61,15,30,16,12,41,3,1,0.22121711,3,2,0,0,0,0,0,0,0,0,0,0,1,0,0,0,0,1,1,1,0,0,0,0,0,0,0,0,0,0,0,0,0,0,0,0,0,0,0,0,0,0,0,0,0,0,0,0,0,0,0,2,0,1,0,0,0,0,0,0,0,0,0,0,0,male
326509990,5774,3571,1835,945,578,131,838,444,299,314,601,1192,1575,274,891,246,414,917,318,454,296,246,231,97,42,0,0,313,74,41,177,55,0,0,0,0,0,0,0,0,0,0,0,0,0,0,0,0,0,0,0,989,159,452,437,49,53,76,23,20,15,9,36,7,1,0.0699187,7,7,0,0,0,0,4,4,0,0,3,4,0,2,2,0,3,1,2,0,0,0,0,0,0,0,0,1,0,1,0,0,0,0,0,0,0,0,0,0,0,0,0,0,0,0,0,0,0,0,0,2,2,0,0,0,0,0,0,2,0,0,0,2,0,male
327078534,4918,4241,2006,876,443,113,697,425,291,384,844,1326,1751,402,936,233,491,1115,305,348,400,234,246,50,41,0,0,303,141,30,136,55,0,0,0,0,0,0,0,0,0,0,0,0,0,0,0,0,0,0,0,1069,161,489,459,60,119,120,12,43,31,15,47,5,4,0.113513514,5,5,3,1,0,1,0,0,0,1,0,1,3,0,1,0,0,2,0,2,0,0,0,0,0,0,0,1,0,1,0,0,0,0,0,0,0,0,0,0,0,0,0,0,0,0,0,0,0,0,0,3,0,2,1,0,0,0,0,0,0,0,0,0,0,male
327994124,7152,3456,1703,738,386,127,695,399,182,334,590,1151,1506,267,844,200,440,871,304,340,273,183,160,37,36,0,0,178,69,38,84,15,0,0,0,0,0,0,0,0,0,0,0,0,0,0,0,0,0,0,0,942,132,437,405,96,114,105,20,33,37,20,37,3,1,0.09792531,4,10,6,3,0,0,5,1,1,0,0,4,4,0,2,3,1,4,4,0,0,0,0,0,0,0,0,0,0,0,0,0,0,0,0,0,0,0,0,0,0,0,0,0,0,0,0,0,0,0,0,2,0,0,2,1,1,0,0,0,0,0,0,0,0,male
332456403,4388,3784,2227,1036,608,72,717,445,285,376,507,1186,1584,347,817,187,455,837,420,527,340,244,305,55,63,0,0,477,349,17,209,74,0,0,0,0,0,0,0,0,0,0,0,0,0,0,0,0,0,0,0,1141,178,575,466,57,35,65,11,23,34,7,47,7,0,0.3115285,1,0,0,0,0,0,0,0,0,0,0,0,0,0,0,0,0,0,0,0,0,0,0,0,0,0,0,0,0,0,0,0,0,0,0,0,0,0,0,0,0,0,0,0,0,0,0,0,0,0,0,0,0,0,0,0,0,0,0,0,0,0,0,0,0,male
333194654,8960,4295,1951,959,618,124,764,522,154,397,551,1308,1898,282,1084,243,591,1021,452,445,433,228,104,40,49,0,0,278,76,52,76,92,0,0,0,0,0,0,0,0,0,0,0,0,0,0,0,0,0,0,0,1139,169,476,498,99,166,132,37,24,19,12,77,9,3,0.06419753,5,1,0,0,0,0,0,0,0,0,0,1,1,0,1,0,0,0,1,1,0,0,0,0,0,0,0,0,0,0,0,0,0,0,0,0,0,0,0,0,0,0,0,0,0,0,0,0,0,0,0,2,1,1,0,0,0,0,0,0,0,0,0,0,0,female
333794696,6528,4508,2542,1252,743,138,974,650,277,504,511,1497,1954,469,1091,229,580,1015,363,482,409,272,203,73,49,0,0,274,150,21,141,41,0,0,0,0,0,0,0,0,0,0,0,0,0,0,0,0,0,0,0,1157,146,602,430,45,95,89,11,15,24,11,162,18,12,0.29937997,6,16,13,5,2,0,5,2,0,2,1,4,8,1,3,1,1,4,1,1,1,4,0,3,1,0,0,0,0,0,0,0,0,0,0,0,0,0,0,0,0,0,0,0,0,0,0,0,0,0,0,2,1,1,0,0,0,0,0,0,0,0,0,0,0,male
335518656,5933,4791,2236,1204,811,104,801,434,273,386,637,1608,2049,404,1239,250,643,1193,454,484,377,183,122,43,41,0,0,281,85,69,102,46,0,0,0,0,0,0,0,0,0,0,0,0,0,0,0,0,0,0,0,1143,174,478,517,98,145,99,61,25,40,22,67,4,2,0.2029826,2,2,0,0,0,0,0,0,0,0,1,0,1,0,1,0,0,1,0,0,0,0,0,0,0,0,0,0,0,0,0,0,0,0,0,0,0,0,0,0,0,0,0,0,0,0,0,0,0,0,0,1,0,1,0,0,0,0,0,0,0,0,0,0,0,female
336950490,6683,5516,3283,1581,823,173,1173,564,443,565,694,1817,2485,514,1291,283,734,1217,530,723,552,302,320,96,49,0,0,438,210,53,232,56,0,0,0,0,0,0,0,0,0,0,0,0,0,0,0,0,0,0,0,1341,203,534,663,134,85,106,15,30,24,9,40,13,0,0.004962779,4,2,0,0,0,0,0,0,0,0,0,1,1,0,1,0,0,0,0,1,0,0,0,0,0,0,0,0,0,0,0,0,0,0,0,0,0,0,0,0,0,0,0,0,0,0,0,0,0,0,0,0,0,0,0,0,0,0,0,0,1,0,0,0,0,male
338167123,5583,5031,2770,1412,824,130,1092,499,347,393,576,1763,2372,403,1353,316,734,1155,577,597,464,261,180,54,66,0,0,326,97,70,146,45,0,0,0,0,0,0,0,0,0,0,0,0,0,0,0,0,0,0,0,1144,161,480,551,39,91,79,33,24,31,8,47,4,0,0.09,12,5,2,1,0,0,1,0,0,0,4,0,0,0,0,0,0,0,0,0,0,0,0,0,0,0,0,0,0,0,0,0,0,0,0,0,0,0,0,0,0,0,0,0,0,0,0,0,0,0,0,0,0,0,0,0,0,0,0,0,0,0,0,0,0,female
340007841,4499,4760,2550,1277,730,141,1080,546,303,427,482,1632,2159,368,1305,281,644,1162,448,552,393,251,118,42,52,0,0,229,75,58,72,35,0,0,0,0,0,0,0,0,0,0,0,0,0,0,0,0,0,0,0,1061,190,386,505,71,95,99,39,22,39,13,116,12,1,0.09855565,1,4,2,2,2,0,3,4,0,0,0,0,1,0,0,0,1,1,0,0,1,0,0,0,0,0,0,0,0,0,0,0,0,0,0,0,0,0,0,0,0,0,0,0,0,0,0,0,0,0,0,0,0,0,1,0,0,0,0,0,0,0,0,0,0,female
340737708,1078,548,312,156,82,28,147,89,28,38,71,163,216,27,141,24,82,135,39,44,56,21,18,3,4,0,0,39,12,3,29,3,0,0,0,0,0,0,0,0,0,0,0,0,0,0,0,0,0,0,0,126,12,64,54,16,14,16,0,8,4,3,9,2,0,0.479798,1,7,1,1,1,0,1,0,1,0,2,2,4,0,0,1,1,3,0,2,1,0,0,0,0,0,0,0,0,0,0,0,0,0,0,0,0,0,0,0,0,0,0,0,0,0,0,0,0,0,0,0,0,0,0,0,0,0,0,0,2,0,0,0,0,female
343104919,6764,4857,2098,1062,707,106,731,513,221,391,654,1539,2154,394,1184,239,602,1271,527,507,445,264,162,69,41,0,0,217,86,44,54,51,0,0,0,0,0,0,0,0,0,0,0,0,0,0,0,0,0,0,0,1151,158,547,518,167,108,118,37,42,41,12,65,13,0,0.060192615,2,3,3,2,2,0,1,0,1,0,1,1,0,0,1,0,1,0,1,0,0,0,0,0,0,0,0,0,0,0,0,0,0,0,0,0,0,0,0,0,0,0,0,0,0,0,0,0,0,0,0,1,0,0,1,0,0,0,0,0,0,0,0,0,0,female
344215167,6881,5541,2554,1163,698,159,935,561,262,539,638,1637,2493,519,1301,229,811,1431,618,555,567,276,110,62,55,0,0,210,62,39,81,48,0,0,0,0,0,0,0,0,0,0,0,0,0,0,0,0,0,0,0,1285,169,601,542,153,123,102,18,59,53,21,54,12,1,0.050643086,6,19,6,2,0,0,5,2,1,2,5,6,7,1,3,1,4,2,1,1,2,2,1,0,0,0,0,0,0,0,0,0,0,0,0,0,0,0,0,0,0,0,0,0,0,0,0,0,0,0,0,2,0,1,1,0,1,0,0,0,0,0,0,0,0,female
346073826,7773,4855,2172,873,366,222,985,657,187,439,710,1443,1989,337,1127,213,539,1370,376,480,404,273,92,68,25,0,0,178,42,65,58,18,0,0,0,0,0,0,0,0,0,0,0,0,0,0,0,0,0,0,0,1214,147,571,492,122,195,122,30,35,98,30,44,9,0,0.18853821,3,5,1,1,1,0,0,0,0,0,1,0,0,0,0,0,0,2,0,0,0,1,0,0,0,0,0,0,0,0,0,0,0,0,0,0,0,0,0,0,0,0,0,0,0,0,0,0,0,0,0,0,0,0,0,0,0,0,0,0,0,0,0,0,0,male
347096222,7719,3890,2127,956,494,112,959,522,194,397,432,1324,1720,286,1024,261,513,897,374,402,380,206,74,37,42,0,0,180,42,39,88,16,0,0,0,0,0,0,0,0,0,0,0,0,0,0,0,0,0,0,0,850,142,350,377,63,171,112,25,16,17,8,50,20,2,0.0872428,1,0,0,0,0,0,0,0,0,0,0,0,0,0,0,0,0,0,0,0,0,0,0,0,0,0,0,0,0,0,0,0,0,0,0,0,0,0,0,0,0,0,0,0,0,0,0,0,0,0,0,0,0,0,0,0,0,0,0,0,0,0,0,0,0,female
347524374,6489,3298,1369,694,422,104,681,489,171,226,454,1068,1469,302,799,157,440,943,310,395,244,231,118,47,33,0,0,147,57,37,37,26,0,0,0,0,0,0,0,0,0,0,0,0,0,0,0,0,0,0,0,974,143,443,412,100,140,149,18,13,17,13,64,4,1,0.32592592,0,0,0,0,0,0,0,0,0,0,0,0,0,0,0,0,0,0,0,0,0,0,0,0,0,0,0,0,0,0,0,0,0,0,0,0,0,0,0,0,0,0,0,0,0,0,0,0,0,0,0,1,1,0,0,0,0,1,0,0,0,0,0,0,0,male
347613520,5818,2948,1804,822,490,192,608,367,146,270,380,949,1241,190,762,185,347,653,282,345,208,208,161,20,35,0,0,206,100,30,90,31,0,0,0,0,0,0,0,0,0,0,0,0,0,0,0,0,0,0,0,788,139,284,391,62,82,71,17,22,84,16,44,10,2,0.44426876,0,1,0,0,0,0,0,0,0,0,0,1,1,0,1,0,1,0,0,0,1,0,0,0,0,0,0,0,0,0,0,0,0,0,0,0,0,0,0,0,0,0,0,0,0,0,0,0,0,0,0,1,1,0,0,0,0,0,0,0,0,0,0,0,0,male
349944244,5358,5051,2668,1266,768,132,1170,526,399,459,660,1739,2367,424,1357,286,645,1217,535,619,465,270,184,76,54,0,0,305,81,79,145,30,0,0,0,0,0,0,0,0,0,0,0,0,0,0,0,0,0,0,0,1141,172,448,562,75,105,93,17,32,20,9,52,11,0,0.16666667,5,8,4,3,3,0,3,3,0,0,0,5,3,1,5,0,0,2,0,1,3,0,0,0,0,0,0,1,0,0,1,0,0,0,0,0,0,0,0,0,0,0,0,0,0,0,0,0,0,0,0,2,1,0,1,0,1,0,0,0,0,0,0,0,0,female
350854412,13462,5545,1903,708,236,207,881,603,245,360,1004,1409,2336,429,1102,285,572,1961,516,588,468,399,166,91,46,0,0,182,54,63,45,31,0,0,0,0,0,0,0,0,0,0,0,0,0,0,0,0,0,0,0,1735,212,931,571,293,242,428,64,153,35,39,30,17,2,0.28881738,16,3,1,1,1,0,0,0,0,0,0,0,0,0,0,0,1,1,0,0,0,0,0,0,0,0,0,0,0,0,0,0,0,0,0,0,0,0,0,0,0,0,0,0,0,0,0,0,0,0,0,2,0,1,1,2,0,5,1,0,0,0,0,0,0,male
351067358,6027,5930,2672,1319,873,134,1133,680,266,522,656,1921,2785,489,1538,305,791,1469,608,646,572,321,90,77,67,0,0,241,70,56,96,33,0,0,0,0,0,0,0,0,0,0,0,0,0,0,0,0,0,0,0,1434,205,613,638,109,173,156,60,29,41,14,52,11,0,0.15390687,1,7,3,2,1,0,1,0,0,0,0,2,3,1,3,0,0,3,0,1,0,0,0,0,0,0,0,0,0,0,0,0,0,0,0,0,0,0,0,0,0,0,0,0,0,0,0,0,0,0,0,1,0,1,0,0,0,0,0,0,0,0,0,0,0,female
351327876,5946,4555,2079,926,447,198,785,508,144,405,612,1406,1939,397,1003,265,568,1254,425,491,333,277,120,57,39,0,0,149,41,52,30,26,0,0,0,0,0,0,0,0,0,0,0,0,0,0,0,0,0,0,0,1215,181,542,480,138,135,99,39,49,133,5,90,8,0,0.5008264,8,20,9,6,5,0,4,4,1,1,2,9,8,2,7,1,0,6,3,4,0,3,3,0,0,0,0,3,0,2,1,0,0,0,0,0,0,0,0,0,0,0,0,0,0,0,0,0,0,0,0,3,0,3,0,0,0,0,0,1,2,0,0,0,0,male
351687363,4872,5088,2360,1238,877,167,857,483,228,388,537,1782,2295,453,1319,278,672,1302,476,567,441,298,99,76,58,0,0,205,43,61,77,32,0,0,0,0,0,0,0,0,0,0,0,0,0,0,0,0,0,0,0,1166,250,455,486,69,129,117,25,33,33,4,52,5,0,0.22920203,7,7,2,2,2,0,0,0,0,0,0,1,1,0,1,0,0,0,0,2,2,0,0,0,0,0,0,1,0,1,0,0,0,0,0,0,0,0,0,0,0,0,0,0,0,0,0,0,0,0,0,0,0,0,0,0,0,0,0,0,0,0,0,0,0,female
352884478,7848,787,355,242,135,5,218,116,46,18,257,92,191,33,139,14,32,49,24,124,62,70,7,2,1,0,0,12,1,5,4,2,0,0,0,0,0,0,0,0,0,0,0,0,0,0,0,0,0,0,0,135,7,71,59,18,22,11,7,3,22,2,12,1,0,0.25376883,1,0,0,0,0,0,0,0,0,0,0,0,0,0,0,0,0,0,0,0,0,0,0,0,0,0,0,0,0,0,0,0,0,0,0,0,0,0,0,0,0,0,0,0,0,0,0,0,0,0,0,0,0,0,0,0,0,0,0,0,0,0,0,0,0,female
353824529,7551,4323,2721,1247,617,154,1252,854,232,384,482,1496,1792,307,1193,237,545,1017,403,475,306,263,189,82,46,0,0,403,128,45,269,17,0,0,0,0,0,0,0,0,0,0,0,0,0,0,0,0,0,0,0,1068,139,518,460,79,170,118,21,61,52,17,74,15,1,0.22053571,15,2,2,1,0,0,2,2,0,0,0,1,3,0,1,0,0,2,1,2,0,0,0,0,0,0,0,1,0,0,1,0,0,0,0,0,0,0,0,0,0,0,0,0,0,0,0,0,0,0,0,0,0,0,0,1,1,0,0,1,0,0,0,0,0,female
355248546,7319,3608,1900,976,579,74,859,350,276,279,664,1234,1568,269,968,265,490,725,270,319,347,220,147,40,37,0,0,242,70,66,121,9,0,0,0,0,0,0,0,0,0,0,0,0,0,0,0,0,0,0,0,684,117,293,310,34,59,67,14,20,25,16,61,15,3,0.6898438,3,4,3,2,2,0,0,0,0,0,0,2,3,0,0,1,0,0,0,1,0,0,0,0,0,0,0,0,0,0,0,0,0,0,0,0,0,0,0,0,0,0,0,0,0,0,0,0,0,0,0,1,1,0,0,0,0,0,0,0,0,0,0,0,0,male
356418350,5055,4476,2110,1139,768,95,955,614,226,393,402,1620,2078,446,1325,230,639,1084,507,519,376,248,89,40,71,0,0,227,74,35,94,24,0,0,0,0,0,0,0,0,0,0,0,0,0,0,0,0,0,0,0,1094,162,385,574,93,118,96,41,20,26,8,124,5,1,0.16374269,1,0,0,0,0,0,0,0,0,0,0,0,0,0,0,0,0,0,0,0,0,0,0,0,0,0,0,0,0,0,0,0,0,0,0,0,0,0,0,0,0,0,0,0,0,0,0,0,0,0,0,0,0,0,0,0,0,0,0,0,0,0,0,0,0,female
357813572,6574,3875,1690,840,478,86,808,409,181,282,476,1203,1839,321,933,235,561,1000,374,381,458,199,113,30,57,0,0,211,85,31,64,47,0,0,0,0,0,0,0,0,0,0,0,0,0,0,0,0,0,0,0,863,114,382,401,81,87,81,44,19,17,15,154,5,1,0.09260701,1,2,3,1,0,0,1,0,0,1,0,1,2,0,1,0,0,0,1,0,0,0,0,0,0,0,0,0,0,0,0,0,0,0,0,0,0,0,0,0,0,0,0,0,0,0,0,0,0,0,0,1,0,0,1,0,0,0,0,0,0,0,0,0,0,female
357971946,5006,5843,2667,1276,765,166,1035,574,312,540,768,2009,2634,484,1526,343,666,1442,529,593,478,346,146,47,71,0,0,226,72,53,46,77,0,0,0,0,0,0,0,0,0,0,0,0,0,0,0,0,0,0,0,1346,220,587,562,135,147,144,30,36,29,14,134,18,0,0.3939648,2,3,2,1,0,0,1,0,0,0,0,0,0,0,0,0,1,1,1,0,0,0,0,0,0,0,0,0,0,0,0,0,0,0,0,0,0,0,0,0,0,0,0,0,0,0,0,0,0,0,0,2,0,1,1,0,0,0,0,0,0,2,0,0,0,female
362257288,3352,3963,1493,749,564,46,792,478,255,375,560,1481,1790,304,1150,276,457,1181,305,410,277,193,156,52,27,0,0,151,57,22,34,47,0,0,0,0,0,0,0,0,0,0,0,0,0,0,0,0,0,0,0,1213,240,454,524,118,98,173,50,52,55,6,35,18,0,0.31880733,1,0,0,0,0,0,0,0,0,0,0,0,0,0,0,0,0,0,0,0,0,0,0,0,0,0,0,0,0,0,0,0,0,0,0,0,0,0,0,0,0,0,0,0,0,0,0,0,0,0,0,0,0,0,0,0,0,0,0,0,0,0,0,0,0,male
363847840,8038,6345,2705,1192,286,63,1466,485,206,397,584,1588,2728,386,1122,479,912,1991,540,458,924,237,96,24,116,0,0,163,76,46,47,14,0,0,0,0,0,0,0,0,0,0,0,0,0,0,0,0,0,0,0,1364,203,638,534,120,234,107,25,32,30,2,32,4,0,0.65851605,24,4,2,1,1,1,1,1,0,0,0,1,2,1,1,0,0,3,0,0,1,0,0,0,0,0,0,1,0,1,0,0,0,0,0,0,0,0,0,0,0,0,0,0,0,0,0,0,0,0,0,2,1,1,0,0,0,0,0,0,2,0,0,0,0,male
363979395,8378,5128,2304,1179,832,147,947,578,283,470,645,1768,2431,349,1466,379,700,1239,532,471,466,244,121,46,58,0,0,339,83,107,114,56,0,0,0,0,0,0,0,0,0,0,0,0,0,0,0,0,0,0,0,1180,151,542,532,142,189,111,36,41,35,9,63,13,3,0.070598006,1,0,0,0,0,0,0,0,0,0,0,0,0,0,0,0,0,0,0,0,0,0,0,0,0,0,0,0,0,0,0,0,0,0,0,0,0,0,0,0,0,0,0,0,0,0,0,0,0,0,0,0,0,0,0,0,0,0,0,0,0,0,0,0,0,female
368368493,8540,4386,2004,955,619,135,769,553,202,436,533,1478,1997,305,1202,285,638,1024,437,424,412,217,96,32,41,0,0,220,52,56,75,40,0,0,0,0,0,0,0,0,0,0,0,0,0,0,0,0,0,0,0,1088,151,436,534,140,118,94,19,26,37,15,79,7,0,0.07698815,1,0,0,0,0,0,0,0,0,0,0,0,0,0,0,0,0,0,0,0,0,0,0,0,0,0,0,0,0,0,0,0,0,0,0,0,0,0,0,0,0,0,0,0,0,0,0,0,0,0,0,0,0,0,0,0,0,0,0,0,0,0,0,0,0,female
373115502,7367,4183,2569,1288,719,109,988,503,255,356,509,1509,1980,306,1258,251,588,797,405,417,385,187,148,40,32,0,0,305,70,77,134,44,0,0,0,0,0,0,0,0,0,0,0,0,0,0,0,0,0,0,0,736,115,334,343,74,89,60,19,18,55,6,99,18,0,0.063699156,1,1,2,1,0,0,1,0,0,0,0,0,0,0,0,0,0,0,0,0,0,0,0,0,0,0,0,0,0,0,0,0,0,0,0,0,0,0,0,0,0,0,0,0,0,0,0,0,0,0,0,0,0,0,0,0,0,0,0,0,0,0,0,0,0,female
376466499,6045,3430,1731,864,562,103,730,391,224,352,386,1190,1488,299,894,208,407,823,265,385,256,235,139,31,24,0,0,162,61,45,52,16,0,0,0,0,0,0,0,0,0,0,0,0,0,0,0,0,0,0,0,887,150,333,420,47,103,94,22,15,26,6,173,17,2,0.045150504,1,4,2,0,0,0,0,0,0,2,0,0,0,0,0,0,0,0,0,1,0,1,0,0,0,0,0,0,0,0,0,0,0,0,0,0,0,0,0,0,0,0,0,0,0,0,0,0,0,0,0,0,0,0,0,0,0,0,0,0,0,0,0,0,0,male
377660514,6041,5545,2744,1426,932,106,1003,594,385,472,628,1977,2470,437,1572,277,807,1255,540,488,550,285,255,54,40,0,0,361,125,56,171,41,0,0,0,0,0,0,0,0,0,0,0,0,0,0,0,0,0,0,0,1280,167,548,656,68,87,132,52,32,45,10,108,10,0,0.11863057,12,8,5,3,1,0,7,2,3,1,1,2,3,0,2,0,3,2,0,1,0,0,0,0,0,0,0,0,0,0,0,0,0,0,0,0,0,0,0,0,0,0,0,0,0,0,0,0,0,0,0,2,0,1,1,0,0,0,0,0,0,0,0,0,0,female
380053409,7149,3883,1982,1022,643,121,779,491,168,316,396,1328,1838,306,1027,247,522,911,384,433,337,283,98,63,77,0,0,168,67,29,52,24,0,0,0,0,0,0,0,0,0,0,0,0,0,0,0,0,0,0,0,871,129,363,418,68,106,95,16,20,119,6,122,10,0,0.045274027,2,1,0,0,0,0,0,0,0,0,0,0,1,0,0,0,0,1,0,0,0,0,0,0,0,0,0,0,0,0,0,0,0,0,0,0,0,0,0,0,0,0,0,0,0,0,0,0,0,0,0,1,0,0,0,0,0,0,0,0,0,0,0,0,0,male
380479475,4664,5040,2296,1207,890,103,866,624,238,518,439,1916,2643,430,1521,399,758,1269,460,602,540,269,92,72,57,0,0,232,69,56,66,51,0,0,0,0,0,0,0,0,0,0,0,0,0,0,0,0,0,0,0,1292,200,533,615,140,108,72,23,46,27,9,54,5,2,0.20625529,2,8,1,0,0,0,2,1,1,1,2,1,3,0,1,0,1,3,0,0,2,1,1,0,0,0,0,0,0,0,0,0,0,0,0,0,0,0,0,0,0,0,0,0,0,0,0,0,0,0,0,2,1,1,0,0,0,0,0,0,0,0,0,0,0,female
381572221,6585,6855,2860,1379,851,208,935,541,335,567,1001,2112,2966,602,1553,304,785,1878,681,800,572,399,229,103,72,0,0,298,149,61,92,54,0,0,0,0,0,0,0,0,0,0,0,0,0,0,0,0,0,0,0,1920,360,950,649,261,242,131,34,62,24,37,45,18,1,0.15943238,1,7,3,2,2,0,1,1,0,1,0,2,3,0,1,0,1,1,0,0,1,0,0,0,0,0,0,0,0,0,0,0,0,0,0,0,0,0,0,0,0,0,0,0,0,0,0,0,0,0,0,1,0,0,1,0,1,0,0,0,0,0,0,0,0,male
382156129,5286,3894,1457,597,289,157,683,454,158,323,710,1139,1660,242,874,201,476,1283,272,389,326,217,95,28,33,0,0,112,39,26,22,26,0,0,0,0,0,0,0,0,0,0,0,0,0,0,0,0,0,0,0,1117,198,496,421,160,170,105,24,41,22,9,35,15,0,0.5502075,16,7,3,2,2,1,1,1,0,0,0,2,4,0,2,0,0,1,1,2,1,1,0,0,1,0,0,1,0,0,1,0,0,0,0,0,0,0,0,0,0,0,0,0,0,0,0,0,0,0,0,0,0,0,0,3,0,0,0,0,0,0,0,0,0,male
382947784,5170,7481,3553,1703,1139,140,1435,959,443,768,814,2132,3467,779,1493,349,1155,1951,854,1106,784,484,262,231,79,0,0,361,144,63,171,26,0,0,0,0,0,0,0,0,0,0,0,0,0,0,0,0,0,0,0,2138,208,969,999,55,140,98,36,26,106,10,82,29,13,0.12056152,6,11,4,3,3,0,3,0,3,1,4,3,7,0,4,0,0,3,2,5,0,0,3,0,0,0,0,0,0,0,0,0,0,0,0,0,0,0,0,0,0,0,0,0,0,0,0,0,0,0,0,0,0,0,0,0,0,0,0,0,0,0,0,0,0,female
386731248,1482,795,436,200,117,32,172,107,57,86,107,267,369,56,227,54,101,192,80,79,78,41,26,9,7,0,0,47,22,12,17,5,0,0,0,0,0,0,0,0,0,0,0,0,0,0,0,0,0,0,0,179,28,78,80,21,20,19,4,3,4,3,4,1,1,0.12562814,7,5,6,1,0,1,1,1,0,1,3,0,0,0,0,0,0,0,0,0,0,0,0,0,0,0,0,0,0,0,0,0,0,0,0,0,0,0,0,0,0,0,0,0,0,0,0,0,0,0,0,0,0,0,1,1,0,0,0,0,0,0,0,0,0,female
391823594,5210,6688,3321,1765,1177,162,1080,679,332,681,581,2385,3163,545,1870,445,914,1597,618,728,602,316,156,66,64,0,0,262,116,59,107,15,0,0,0,0,0,0,0,0,0,0,0,0,0,0,0,0,0,0,0,1492,287,566,722,133,185,78,84,35,18,10,34,5,1,0.08277027,1,0,0,0,0,0,0,0,0,0,0,0,0,0,0,0,0,0,0,0,0,0,0,0,0,0,0,0,0,0,0,0,0,0,0,0,0,0,0,0,0,0,0,0,0,0,0,0,0,0,0,2,1,1,0,0,0,0,0,0,0,0,0,0,0,female
392169870,6340,4370,2379,1166,690,133,1084,658,254,426,464,1399,2069,335,1116,183,611,1072,437,652,414,327,186,123,71,0,0,269,119,42,136,25,0,0,0,0,0,0,0,0,0,0,0,0,0,0,0,0,0,0,0,1134,142,588,466,96,75,57,17,16,32,9,68,10,3,0.07823393,3,0,0,0,0,0,0,0,0,0,0,0,0,0,0,0,0,0,0,0,0,0,0,0,0,0,0,0,0,0,0,0,0,0,0,0,0,0,0,0,0,0,0,0,0,0,0,0,0,0,0,0,0,0,0,0,0,0,0,0,0,0,0,0,0,female
393642659,5556,4356,1906,1026,736,97,974,598,252,292,497,1447,2023,314,1144,210,611,1155,534,579,409,195,132,42,26,0,0,226,84,33,96,21,0,0,0,0,0,0,0,0,0,0,0,0,0,0,0,0,0,0,0,1236,188,518,544,111,102,119,41,39,47,5,131,8,0,0.15241936,1,0,0,0,0,0,0,0,0,0,0,0,0,0,0,0,0,0,0,0,0,0,0,0,0,0,0,0,0,0,0,0,0,0,0,0,0,0,0,0,0,0,0,0,0,0,0,0,0,0,0,0,0,0,0,0,0,0,0,0,0,0,0,0,0,female
394418954,8025,3005,1365,592,351,88,636,444,119,270,535,1070,1274,458,666,134,339,831,232,271,275,260,178,45,25,0,0,187,58,51,53,48,0,0,0,0,0,0,0,0,0,0,0,0,0,0,0,0,0,0,0,910,116,432,381,66,122,99,13,22,13,14,35,9,1,0.05107084,2,0,0,0,0,0,0,0,0,0,0,0,0,0,0,0,0,0,0,0,0,0,0,0,0,0,0,0,0,0,0,0,0,0,0,0,0,0,0,0,0,0,0,0,0,0,0,0,0,0,0,0,0,0,0,0,0,0,0,0,0,0,0,0,0,male
404439154,5315,3203,1810,860,453,129,810,453,229,303,474,1099,1521,275,846,236,488,677,324,363,314,162,119,47,29,0,0,192,65,47,106,25,0,0,0,0,0,0,0,0,0,0,0,0,0,0,0,0,0,0,0,761,118,317,346,79,86,106,25,27,22,8,65,9,1,0.60033447,1,2,3,2,2,0,1,1,0,0,0,1,0,0,1,0,0,0,0,0,0,0,0,0,0,0,0,1,0,0,1,0,0,0,0,0,0,0,0,0,0,0,0,0,0,0,0,0,0,0,0,0,0,0,0,0,0,0,0,0,0,0,0,0,0,male
