860789786,860799354,860824172,860939610,860956548,860957064,860990054,86102629,86114282,86119466,86122318,86124877,86137188,86141342,86145874,86148932,86149228,861494035,86149708,8615262,86154109,86157195,86158118,861623389,86162670,86169405,86171526,86173709,86174322,86181628,861841,861885834,86191678,86192256,86196231,86200034,862014636,86205947,862105196,862187875,862196324,862257224,862272488,862275816,86227862,862301244,862328647,86234566,862368932,86242007,86246296,862516914,862548744,862621909,86263,862681,86269491,862734954,862765987,862846782,86288729,86288747,86291240,86300007,86310448,86318378,863186304,863197628,86328927,863292193,86331249,8633582,86352107,863548358,86355472,863575807,863603989,86360997,86362570,86363143,863633366,863635406,863693851,863718529,86374813,86375292,863765593,86376611,8637672,86376987,86378380,863793918,863799445,86380612,86383788,86385151,863909719,86391914,86392183,86395621
864021762,864029102,86404356,864056406,864079544,864112968,86414722,86417618,86418667,864198356,864232254,86432040,864386300,86440023,86440993,86442274,86442526,864453956,86455248,86457523,864607207,86461835,86463574,864654397,86466840,864712789,864717404,864726793,864871784,8649002,864902162,864924510,86495523,864976926,86505815,865068571,865135753,865241132,865277005,86527966,865299702,865315110,865358792,86538372,865393706,865440572,865481600,865521080,865530487,86553401,865550731,86556445,865586186,86558966,865591422,86563086,86565815,86569341,865717063,86577290,865809866,86582610,86584390,865891124,86591607,86601245,866028122,86610064,86631520,86634516,86636187,86637168,86638790,866480564,866527812,86655375,86667593,866689314,866708076,86672559,866727722,866729192,866761004,866774575,866862332,866930959,867002810,867023575,867029502,867034436,867049910,867052194,867058854,867074546,867090042,86712058,867134138,867173960,867186397,867197970
867223652,86722971,867238597,867240691,86727274,867281682,867353773,867388752,867416690,86744167,867470688,867472070,867476665,86747775,86754371,86759596,86766392,86769579,867702739,86776918,86778324,867790723,86782476,86783595,867836438,86783804,867846386,867898033,86798249,86800732,86804077,86811105,868112707,86815274,868167253,868171621,86817781,86819282,868258741,86828252,868303764,868325466,868350560,86836905,868403137,86851586,86853083,868557338,868557768,868654770,868713205,86872345,868734660,86874025,868751670,868752698,86875633,868780650,868803890,868831842,868834345,868839181,86884300,868892288,86890296,868914745,868965794,869080519,869135660,869363965,8695352,86954440,8695932,869624707,869646673,86970244,869749231,869857610,86993635,86995515,869963454,86998946,87003946,870043220,87009782,87018444,87020013,87022192,870299041,870312625,870364454,870442892,870455671,87045582,870487008,870492925,87052997,87054237,87054809,87055107
87055698,870576692,870589574,870636414,870650180,87066267,87067409,870680989,870697698,87070800,870712688,87072569,870735884,87074477,87074711,87074887,870748934,870755137,870758041,87076077,87080278,870856729,870865920,87088297,870895286,870908497,870918848,87092938,870934248,87097693,87097837,87100345,871047613,871053823,87109377,871115112,87113558,87118217,871189098,87126958,87132445,8713252,871337306,87137045,871414350,87142403,87144497,871516146,871552376,87161673,87162750,871639826,871656884,87165980,87167688,871695138,87170183,871768374,87183181,87194290,871952665,872034074,872045270,87205530,872123124,872132078,872187834,87219539,87220411,872316782,872363113,872392674,872427169,872439752,87248903,87249738,872499842,87250968,872512747,87252074,872537047,87256332,872574882,87259106,8726072,872614152,872643145,872644698,872680928,87269029,87273337,872758561,87278243,872789124,872818224,87284046,872881920,872915214,87296897,87299191
87299677,873025032,87302683,873035372,87306259,873072991,87307588,873079214,873107863,8731372,87316523,87318558,87320651,873297612,8732992,87330814,87344920,873453266,87346038,87347218,87347666,87360354,873669996,8736882,87369808,873755047,873769225,87378452,87381346,87382189,873857971,87397874,87400034,87403396,874052256,87410067,874103414,87416722,874258530,874310155,87432479,874324957,874363508,87437405,874438225,874439821,874467925,874545769,874592774,874608638,874642484,87468686,874718149,874723554,874750050,87478698,87480556,874843430,874847010,87487592,87487733,87487843,874884121,874910275,87494353,87495754,874960700,87500545,87500982,875066226,87509365,87519890,875244698,87529616,87534416,87538356,87540358,87547034,87554292,875585323,87561854,875645082,875719297,87572696,87573915,875771341,87582284,875855053,87586376,87587166,87588835,8758962,875897580,87593636,875968884,87605387,87605977,87606624,87606832,87609913
87610404,87623304,87629269,876381656,87645208,876556950,876603432,8766122,876621331,876666144,87674605,87675933,87679804,87681715,876828960,876896928,87697627,877014152,87701763,87701940,877026684,877030532,877035456,877057574,87706322,877065674,877075538,877117026,87714791,87717231,877238456,87727049,877305517,87732803,87745043,877455462,8775672,87770218,877772660,877832072,87788302,877887428,87789878,877907016,877914696,87792295,877927736,877934538,87794710,87798068,87801013,878010265,87802917,878076409,878077243,87809034,87813314,87818409,878196469,87820493,87822249,87830601,87830768,878342114,87838182,87838245,87846336,87846969,87852367,878537474,878539490,87854831,87857670,87863064,87863202,878643649,87867073,878688679,878690048,87870210,87874905,87876618,878831605,878869484,878878633,878914532,878951509,878960958,87898376,879058190,879086305,87914827,879172482,879266335,879349442,879410948,87942785,87946729,87950350,879515946
87969079,87969374,87969479,8797612,87978312,879838896,879907368,87997001,88007700,880095589,880162766,88020180,880220066,88023511,8802752,88028485,88028776,880296030,880296192,880310556,88031400,88036942,88041314,8804152,880537146,88057649,880581608,88063140,88067957,880686763,88069914,88073128,880751268,88076581,880842926,880882243,88090393,880973935,88113100,881138960,881142906,881202415,88120482,88123802,88125830,88126316,881277110,881281286,881282227,881282532,8812852,881297863,881305064,88134809,881434506,881440255,88148475,881671998,881746230,881747263,88177260,8817832,88183329,88187699,88205758,88213775,88215115,882203046,88221332,88222787,88227100,88230028,88231814,88246893,882588122,88258912,88262329,88265548,88269033,882746527,88276169,882788994,88279965,88286932,88289104,88292380,88294207,88297890,88298240,882988363,88299090,88303413,88306255,88308785,883093711,883095961,883144958,883166269,883173456,88319413
88320603,883223264,883278032,883349798,883369640,88338125,883387064,88339471,88343668,88344598,88345815,88346110,883479762,883525874,883621177,88363734,8836512,88370892,883715497,883725456,88376547,883788481,88379832,8839502,883968398,88419726,88429758,88441404,88441571,88442333,884477550,884560812,88457893,884596051,88461382,88465758,884661200,88467079,88482317,88483530,8848642,884872340,88488884,884902536,884912767,88492250,884929112,885009410,88506328,885090368,88515777,88516949,885190436,885215161,885237703,88526158,88527897,88529604,885346782,88539223,885418417,88542217,885467143,88549153,88560588,885630805,88564248,885672278,88572398,885801960,88582414,88586527,88589297,88589393,885897546,88592224,885941462,88596185,88600265,88601490,88609440,886115803,886207832,88629380,88641725,88651711,88669091,886750501,88675504,886841173,88689383,886906244,88693758,88695382,88697914,88699176,88705251,88708437,88714262,88719275
88720394,88723349,88735938,887361499,887464646,88748405,887489294,887535962,88758289,88759444,887644519,887707087,887720227,887722254,88777101,887833585,887858323,887896219,887913170,887916360,88793327,887936185,887949684,88795943,88797185,88798746,887990581,88800044,88803528,888081158,888110455,88820103,88823615,88825728,88826456,88829709,88833579,88833605,88835536,888379141,8883992,88839965,88841207,88845548,88849311,88849584,88851742,88852175,88864408,888750228,88890545,88901823,88905512,88910148,889152991,88916492,88919072,8892822,889286389,889342190,889353290,889363710,889379778,889390326,88949748,889513010,889542626,889559623,88966735,889722308,889764890,889919724,889921147,889921466,889926324,889942404,889953086,889959612,889993476,890012041,890054280,890062884,890069330,890108300,890131556,89013228,890148170,89015986,89018574,89018859,890243053,890248106,89026149,890273815,890277942,89034629,89036738,89037709,890392634,89042079
89046004,89046048,89053036,89060179,89064259,89065535,89076697,89078574,89079894,89080236,89082570,89086285,890891,89101082,891039980,891063487,89127186,891309355,891341268,89145568,891462408,8914942,89159421,89170001,89174855,891759480,891794228,8918032,89181164,891844752,891890846,891933540,89193992,892074642,892078099,892113332,892134672,892186369,892219807,892231226,892232132,89225092,892253845,892329522,892335649,89237989,892397833,89258192,89258690,89261093,892848180,89288695,89289702,89291521,893011542,893029285,89303321,893056178,89308231,89314543,89318971,89325461,893258005,89328393,89334380,893359332,89339494,89340816,89342110,893459274,893461160,89346405,893467212,89347713,893483689,893488370,89349394,89353940,89354137,89354326,89354727,89362088,893630461,89363681,89364332,893657665,89366493,89379605,893820806,893828204,893913494,893914094,89394598,8939992,894108182,894138198,894193896,894220003,894245827,894254096
894256928,89427580,89427765,894317690,894453150,89447929,894507481,894613884,89464263,894670814,89474247,894777385,89478035,89479268,89479760,89504007,89506339,89517005,89521717,89522622,89522881,89523939,89525530,89530494,89534187,89536352,89542952,895491674,89554008,89556802,89559865,89563118,89563816,89577138,89584512,895873680,89589098,895930735,89593619,895937264,89595474,895964220,895982060,89599829,896070062,89610664,896128172,89619568,896198784,89620470,896216598,896240792,89624810,89629466,89631685,896329242,896361134,8963722,896383398,896442980,89644951,896452286,896470976,896522394,896525388,896532949,896655438,896701598,896711430,896895870,89698553,89699637,897025171,89707617,89708332,89718586,897265818,89731918,89736284,89740574,89742412,89755162,89759029,89763252,89766439,897685110,89772126,897740946,89776208,89779245,89787221,89787930,89791223,89794776,89804195,8981182,898149954,898156500,898292726,89830353
89832395,89835476,898365979,89838487,89839188,89842919,89843206,898454826,898459790,898520210,898552386,898590541,89863137,89865041,89877897,898829202,89883882,898869696,89887642,89898430,898988736,899062189,89908031,89908648,899088391,899376126,89940284,89957261,89960498,89961501,89961655,899735436,89974852,899820642,8998712,89991399,899938266,899964572,89999911,90002847,900038790,90011799,90028119,90030444,900392587,900398137,90040614,900451003,90048180,90048229,90050292,90050335,90050348,900554364,900579451,900588547,90059826,90065524,90067580,90071610,90072150,900724267,900741138,90077582,900780170,900812700,900826274,900829256,90084490,900894660,900910196,90091170,90091717,900936727,90098789,90101880,901041451,901043893,901117254,901120350,901157371,90124625,901296078,90146131,90151249,901547605,901597272,901773894,90189051,90202078,90207063,902080519,90213331,902169967,902173508,90222100,90228619,90239185,902392915,902432546
902451848,902481463,90251722,90252857,90256946,90259220,902593826,902629700,902725380,90272789,90274214,902751714,902794916,90279534,902807474,90284011,902844361,902851891,902864628,902872266,90290746,902910601,90291397,902932242,903030181,90305932,90308506,903114595,903120152,903131724,90315490,903209810,90321141,903222554,90323407,903273673,90328843,90333525,90336542,903368130,90338962,90342595,90354833,90374320,903877440,903982692,90417556,90417841,90418682,90426848,9042922,904293391,90430970,90436440,904369669,904418648,904425859,90445412,904529179,90458659,904594663,90462130,904740907,90477623,90482307,90484508,904850544,904881709,904889276,904924015,904926625,90497750,905111672,905172841,905181816,90521385,90521461,90528783,90529333,905318953,90533828,90550391,905504798,90552933,90556030,90558638,905683183,90570188,90572868,905959867,906016508,906074082,906125270,90615766,906198696,90636535,90640472,906472370,906523920,906544638
90657464,90660284,90661072,906627571,906689568,90670535,906721831,90673151,90675523,906768235,906820310,906859962,90690053,90692053,90700505,90700912,907103546,907167828,907173703,907224841,907265935,907301498,907309218,907312986,90732596,907364960,90741779,90741984,907452194,90749820,90749938,90753432,90758171,90763455,90775465,90778774,907798718,907827319,907885411,90798219,90800643,90808614,90812139,9081412,908144454,90821088,908213808,90821695,90828940,90840195,908410884,908491,908595691,908595823,908610692,90865972,908677590,908716195,908829655,90887653,908908380,90893629,909167012,90916778,90918062,909211255,909241345,909261540,909269180,909297684,909321836,909350011,90936749,909398142,90941898,90946940,90952365,909542256,90964854,90965456,90966738,909691416,90969338,90971270,90974612,90977127,90978338,90982288,909883069,90988438,90990277,90993355,90999684,91002794,91003441,9100402,91006184,91011630,91016360,910219340
91024371,91026285,91036323,910491451,91053134,91061815,91071674,910718484,910757826,91075999,910819764,91099734,91101621,911067728,911071410,911142252,91118269,911196600,911255816,91127176,911273714,911292830,911402094,91147242,911472818,91147948,91149180,91151543,911520600,91164430,911677056,91172232,911765670,91177713,91179294,91181482,911983998,912043315,912159864,91220126,91225866,91227352,91227754,912277982,91227979,912292004,91229854,91241792,91251752,912534824,912598626,912623472,91266309,912673278,91267688,912711745,912727164,91272798,91273219,912733975,912846840,91285471,912861398,912866762,912919458,91291959,913020122,91304348,9130702,9130882,913114278,913195310,913246974,913275884,913280144,913290218,913299972,913310226,91333810,91336464,91338391,913424485,91350266,913527120,913534196,9135512,91355135,913557751,913566049,913577857,91362268,91365492,91367335,91370456,91370737,913713420,91386018,913880166,913900778,91397405
91402598,91403710,91404006,914045449,914065836,91426029,91426408,91430291,91433521,91439070,91440880,914471598,91454580,91454746,91462417,91462518,91470339,91471671,91484047,914851494,914877954,914884358,91490342,91490888,91492451,91495036,914953932,91503822,91506227,91515932,915199201,915201181,91520484,915208074,91521309,91529047,91529751,915413594,915488010,915510764,915568226,915594871,915602520,915621247,91562306,91564503,915651650,915683886,915710444,915732458,915794882,915868363,91588910,915941611,915941635,91595600,91601643,916021261,916025538,91606169,91609427,91612833,916130004,916188739,91623929,91625438,91635712,91637508,91640067,91649671,91657008,916707457,91671009,916800504,91684227,91684686,91687813,916888014,91690587,917014561,91702665,917063966,917106902,917115542,91712647,917294154,917307391,917355032,91739716,917456515,91750162,91755228,91757501,917624773,91762542,917689670,91770244,91772477,917787750,91787814
918082502,91813947,918156823,918159594,918174338,918249776,91827039,91839610,918407318,91841359,91842027,91851600,91858968,91859143,91859893,918614329,91862512,91865236,91868151,91877786,91885173,91887674,91887918,918895051,91891405,91898402,91903940,91903964,91907585,91915666,919157083,91917730,91923432,91924318,91926073,91927022,91929201,919311428,91934990,91935208,91942071,91944877,91948325,919485745,919499185,91960658,919738789,919826414,91982985,919923126,919973083,919982256,920014490,920081935,920092112,920104904,920115692,920146597,920177167,920230201,920269934,920336767,920343740,920371250,920384930,920417958,92058408,920709102,92078596,92081692,92090749,920938027,920996004,92102625,92111155,92112781,92118974,921192044,92119281,9212052,921224676,921247106,921298520,92136097,92137648,92148877,92152652,921559826,921577939,921582798,92167989,921698708,92170562,92177223,92178866,92179990,92182754,921834068,92184762,92185893
92187032,92189347,92189935,92190633,92191601,921971748,921972950,921981470,921995472,922006123,92201713,92201899,922052888,92207535,922,922147501,922163257,922177590,92218250,922225675,922235420,92234730,922351764,922426584,92249549,922564369,922776810,922795213,922838401,92294003,92294981,9229732,92305634,923086190,92317955,923199050,92320450,92323522,92330218,92333376,92343352,92344780,923480126,923482873,92352911,92356537,92357890,92358132,923597083,923613984,92364574,92375787,923759906,92379105,923793774,923820001,923830574,92383695,923867582,92387948,92395926,923970098,92397180,923978108,924032785,924059934,924106993,924132277,924154951,924220146,924224172,924252032,924262532,92431821,924321877,92432894,924337068,92434475,92434817,924350203,924368424,92437145,92438344,924413094,92448667,924563820,92457245,924577993,92459409,92467001,924762494,924772771,924793483,92482042,924836844,92495397,925206954,9252212,92536281,92537787
92537795,925525718,92554116,925577120,9255842,92562040,925724978,92575411,925760000,92577188,92579153,925836024,92584878,925921273,92592269,925995098,92599613,92600164,92603329,92614042,926182394,92621339,92621449,926308387,92631130,92631561,92633142,92633318,92633573,926362686,92637682,92638013,926393232,926405390,926439942,926446759,926453821,926458249,92646551,92649105,92649748,92651098,926517702,92652889,926542314,926546822,926548952,926549120,926573005,926594396,92661598,926619048,926620369,92669150,926726707,926785838,92678801,92679027,92679591,926818490,926843276,926858035,92685993,926881692,92694555,926995596,92706087,92708813,92710299,92712119,927255078,92727851,92740325,927546512,92758525,927600240,92760418,92761503,92766672,927731706,92774328,927794437,92782723,92783265,92783304,92787955,92788269,92793164,9279652,92799253,92799526,92799844,928011404,92801273,928076312,92818443,92818446,92821234,92821262,92823916
928276034,928321434,92834704,92836514,92841540,92842010,928422608,928428782,92848050,928532984,928545620,928566242,92859336,928614228,928638804,92864930,928670234,92869760,928759178,928774910,928797690,92882009,928834232,92884098,92887568,928880516,92888683,928887655,928941061,92895836,928969326,92902162,92902304,929052072,92905249,929060516,92912296,92914375,92915672,929177935,92919917,92924367,92925063,92931049,92931185,92940784,929545044,929664925,92966825,92973788,929740099,929864516,929921192,929966161,929967954,93002198,930084758,930104953,930109986,93012737,930198008,930223086,930244838,930291823,93029760,930327618,930377252,930484597,93049544,930505382,93051532,930515407,93051793,93052462,93054137,93055589,930573007,93064972,930742849,930794642,930819336,93082038,930840642,93088271,93092987,930961560,930969306,930988837,93099228,931008576,931020626,931035386,93112885,931148461,931184082,931237428,93125331,93132592,93133320,93133529
93136432,9313982,93152976,93181834,93193772,93211818,93212136,932158981,93219986,932306904,932463704,93247644,93249120,93255988,93258847,93259477,932601258,9326402,932657593,932690881,93274822,932762191,93277285,93279242,93282053,93283165,93289160,932955098,93296087,93297812,932997006,933004681,933045439,93305206,933055692,933090972,93309117,933093602,93310312,93310773,93312030,93312530,933133398,93315143,933156146,93316900,933170624,93322243,933227358,93327837,933291830,93329968,93330146,93333128,93334297,933386670,933443244,933481050,93348752,9335002,933517032,933536496,93354423,933577363,933590209,933633511,93365814,933737516,93400457,93402716,93411215,934222878,93428033,93440716,93448061,93453352,93464506,934685276,93469216,93473059,93474420,93475840,93478801,93479332,93480494,93486859,93486963,93491846,93492314,93492927,934933602,93496337,93499614,935011658,93505797,93506555,93512722,93518056,93522778,935243797
93526636,935307230,935311644,93532017,93534645,93541072,935429406,93544636,935454625,93547406,93548140,935482855,935486124,93551502,93551534,93555075,935576190,93558475,935636563,93565897,93566700,93569040,93572207,935791550,93579297,93583312,935880398,935895896,93593284,935999276,93606623,936122466,93617072,93618449,936201986,936293496,93633964,9364032,936486169,93650093,93655674,93659852,93664888,936664196,93669997,93670366,93673775,936745285,93678863,936917352,93697683,93699272,93700570,93702899,93704565,93709185,93711247,93711900,93712639,93715293,93729105,93733605,93739268,937398222,93741611,93742304,93744740,937449505,937481396,9374882,93759491,93761652,937623829,93764025,93766096,93767107,937688934,937703882,937707691,93774320,93775329,937765772,93779663,93782402,937827068,937832288,937876068,93794473,938032920,938034013,938060928,93811432,93811936,93813743,93816395,93817166,93819292,938202601,938238632,938240184
938243088,938254591,93826756,938271222,938312935,938517404,938549101,93862231,93862631,93864447,93866774,93874961,938761171,938780546,9388042,93889185,93900341,939028932,939090006,939101,93911922,93913659,93917607,93918170,939221833,93923295,93924254,939281935,939295831,939321409,93947911,939512460,939517986,939541909,93954354,93954701,93956872,93957809,9395832,93959512,939612038,93964866,93966259,93966308,93968732,93971788,93981773,93986185,93991052,93992519,93997290,93999935,94003651,94004252,94005676,94008810,94010584,940112779,94013563,94017687,940262078,940274406,940290194,940404679,94042634,940483309,940488679,940497194,940498928,940512308,940525094,940606087,940633130,940648856,9406902,94069098,940717802,940747789,94075147,94087708,94096356,94120287,94123364,94124100,94126022,94130503,941345528,941363198,94140011,94141566,941452596,941591970,94159667,9416152,941686081,94169170,94179435,94183717,941839544,941878034
94188096,94196254,94196610,94198475,94205325,942074732,942127958,94214194,94215049,94215764,94224243,94225891,942281286,94231990,94232999,942365294,942390769,94240262,942507164,94262870,942645055,942654074,942666703,94267134,942674773,942698258,94272688,942737906,942798912,94281253,942826579,942827204,942885320,943006861,94301620,943070076,94326191,943333946,94338259,943442545,943555980,94355727,94359458,943594670,94368144,94371372,94372707,943746446,94374927,94375968,943788505,943832664,94409991,944104975,94415882,94418806,94422662,94429724,944323680,94440009,944418067,94447356,944476122,94455139,94457126,94462795,944641008,944648425,944673518,94469171,94474456,944763673,94476730,94478188,944793890,944829895,944848148,9449312,94494516,944947292,944978258,944984066,945016634,945025123,94505346,945065390,94506563,94510546,945136520,945146443,945156019,94518154,94519746,945220710,945274267,945276876,94533833,94541549,94549766,945614804
94571001,94574246,94576212,94580828,945828589,94590569,94592366,945943872,94598541,946040340,9462292,94631526,946364772,94639439,946409029,94644383,946487948,946505185,946515494,946541738,946551,946582470,946594201,946598688,946613851,94663296,94666802,94671704,946756873,946761253,946823030,94684400,94684521,94688649,94690851,946913042,94692157,94693632,94695699,946961504,946980522,946990519,947002010,947006138,947091978,947113165,947116002,94711640,947130450,947130824,94713652,947179044,94719490,947314620,9473532,947362580,94737493,94744422,947495598,94752397,94760162,94762004,947681610,94768519,947697985,947922068,94803640,948148458,948181572,948253381,94828627,94830965,948347953,94835216,94841247,94841257,948427164,948444535,948468402,9484782,94848767,948543373,94856279,94860438,948640656,948659382,948684398,94872157,948746418,94875821,94875895,94878550,94880221,948868423,94887039,94889928,948900654,94891253,948913033,948950952
94899875,94903168,94911555,949123836,94912815,94914164,949146086,94917610,94919836,94921038,94927860,94928371,94929454,94930927,949336262,949374349,94947363,949521,94963923,94964511,949671396,949709887,949741310,949848434,94987469,949920620,949985611,950028342,950132360,950203476,95023763,950276120,950335592,950358121,95038257,950473550,95048147,950502128,950561112,950588342,95058958,95059202,950658948,950660858,950680046,950724344,95073819,95073926,950748355,950772235,95078844,95079449,950884374,950895456,95090412,95093732,95094255,950944964,950968482,95099665,951013862,95109387,95110809,951109280,95116749,95119177,95122517,95122687,95125747,95128264,951286548,95134829,95134849,95138026,951386197,95141392,95147561,95155108,95155782,9516022,95168202,95168920,951731094,951764066,95182505,95185784,951873998,95204383,95207003,952237099,95236904,95237489,952415196,95245152,9524782,952480177,952492832,952494631,952564273,95260252
952609861,952615050,95261524,952658323,95273144,95276193,952776812,952805131,95282154,95283235,952847035,95287425,95289611,952909291,952921165,952942273,952980002,953027922,9530582,953095700,95313899,95315914,95323832,95325133,95326099,95326395,953294522,95329501,95330565,95341328,9534522,95346455,953476974,9535262,95361031,953687756,95372461,95373836,953801521,95381544,953859415,953904079,953952102,953973811,95397847,95398339,954056766,95414615,95416406,95419545,954248382,954384548,954391105,954396710,954433123,95444612,95444729,95445117,954461473,954538933,95456136,954597253,954601531,954608456,954645396,95465111,95466618,954666266,95466847,954700190,95474334,95475194,954754333,95482484,95483001,954882386,954916376,95498611,95500697,955070096,95508534,955148413,95517630,95517807,95518128,955294644,95532011,95535439,955373556,95538433,955560992,95556605,95557260,955586480,955598467,95560242,955625815,95566659,95570262,95570636
955848192,955856658,95592910,955936225,955960890,955969669,955971631,95597520,9560992,956171376,95621094,956216090,9562562,956260970,956350345,956374134,956381028,956439996,956440254,956467790,956479094,956497740,956506123,956506909,95652460,956527573,956538932,956552606,956611914,95662898,956679835,956684287,95668859,95675550,956757709,95677451,956787338,9567972,95683645,95684333,956859464,956869825,95688177,9569412,95704202,95713333,95713805,957160044,95731075,95731191,95731300,95741671,95744227,95746855,957479178,95749490,95750103,95751500,95751789,95752280,95753030,95758209,957607680,95761813,95766807,95770301,957707575,957722804,95773523,95776752,957789229,95779885,957817801,95792856,95794415,95798435,95801786,958036220,95806837,9581292,95813081,958144118,95816316,958226233,95824756,95828344,95831059,958348334,95838710,958452283,958608769,958637826,958736766,95877676,95880654,95881920,95887932,958906148,95901207,95903808
959084443,95921309,959215218,959233424,95923677,959329218,95936696,95943023,959464837,95946668,959494470,959509418,95956498,95956566,95957686,95962773,95965620,959689676,959766474,95985701,959880348,95990032,95991828,9599322,95993453,95995766,959976637,96006321,96013710,96016229,96017814,96021609,96036508,96044000,96054852,960563305,960599936,96064899,96065062,96067239,960701144,96070907,960733081,96074039,96074197,960809108,960811345,960816348,960950538,9609632,96098096,96109795,9611062,96120891,96130095,961302038,961307372,961329984,961377812,961379407,961387700,96139267,961421191,961490742,96150715,961509998,961554829,961556348,96157076,961578216,961582368,96162269,961634809,96167996,96168934,961696002,961724791,96175993,961831266,961841490,96184837,96187825,96191800,96192107,961927620,961964654,96196938,962039610,96208906,96212653,96213661,96214967,96216081,96222599,962242572,96229066,96235622,96238208,96240247,96243124
96246688,962499811,96254339,96268009,962766564,962797554,962802564,96284531,96285768,96287167,96291515,96292111,96294492,962967931,963070304,963080671,96315877,963264620,963304369,963316142,963362162,96347183,963472728,963500276,963512000,963582667,963627228,963637345,963699266,96373241,96373500,963809988,96383762,9639212,96398661,96399685,96402833,96404060,96407699,96409754,964140914,964185914,964192668,96420760,964212584,96423288,96430092,96435266,96436358,964377516,964406426,96442308,96443197,96444937,96453199,96456301,96456339,964571072,96468445,96476786,96477533,964787496,964797835,96483994,964869547,96488461,964911378,96497966,965132012,96513226,965146260,96521355,965235445,96523957,965252600,965354748,96539028,96546233,96546496,965531814,96554531,96561960,965702305,96575189,96577264,965780071,96583060,965904031,96594249,96601553,96612485,96615089,96627399,9662782,966281742,96634387,966351097,96638488,96638910,96640480
96644806,96651039,96651098,96653656,966544352,966545474,96655484,96661923,96664628,966718694,96673467,966743202,96675855,96676923,966798343,96683522,96685852,966890004,96689048,966904476,96690816,96692101,96695002,967035793,96705530,96707167,96707338,96711247,96716604,967214443,967215092,967238557,96726908,967270332,967308409,967361856,967373288,967430575,967490232,967603692,967627465,967631972,96763543,967642058,96764682,96771717,96786991,96800698,96813798,96826403,96826710,96831351,96831398,96837197,968392974,96842009,968432125,96843549,96850251,96852714,968530585,96856027,968571067,96864564,96866145,96866158,968682373,96868703,96873547,96875261,96877455,968821050,96882332,96882468,96885392,96888913,96890549,96894815,96895147,968992520,969022592,96904110,96905049,96908544,96909702,969135500,969183492,96918720,9692022,96921618,969219638,969226992,969251101,96925373,969270996,969286892,969287406,969288560,969291318,969299318
969304777,969318332,96935454,96936129,969368622,96937678,96945434,96945769,969463633,969479402,969480564,969484903,969487040,96952435,969590636,969658423,969883224,9699402,96994207,969951510,970078358,97025525,97027083,97030759,970324980,970389937,97041483,97044554,97046257,97052058,970528826,970586060,970648190,97066764,97070139,97070388,97073117,970749312,970750164,97075732,97077443,97078635,97078847,97081126,97083751,970842740,970973552,971005783,97101235,97102475,97104587,971055782,971065190,97110781,97111931,97114294,971154145,97116091,97116336,97116598,971172014,971176910,97119760,971197778,971235876,97123821,97126425,971283026,97131552,971315683,971391793,97139275,9713982,97146450,97161344,97167456,9717502,971766630,97187736,97188064,97199474,9720292,97210046,972162302,97216234,972236965,97224005,972312234,972350256,972379398,972473994,97255048,97257377,972712004,972715358,97272678,972803364,972804078,972809736,972885073
972923592,972936878,972957421,97301511,97301836,973022538,97303099,97304139,97305191,97305459,973079419,97308777,973088749,973103419,973107488,973111700,97311178,973112474,973112484,97313577,973152458,97315431,973158871,973161145,973193862,97319423,973202455,973204844,97321247,973218577,973220989,973221746,973225176,973276969,973326314,973350264,97336385,97339653,973401896,973427401,97358407,973608968,97360988,97362985,97365372,97368632,97369980,97376089,97377561,97379434,97387589,97387893,973973616,973978190,97405368,97429436,974349230,97435166,974474443,974544392,974559756,974614543,974624352,974643643,974645046,974659598,974679619,97469342,974702251,974743566,97478562,97479323,974864503,974876971,974885538,974902394,97492519,974926344,974957790,97496026,97499896,975063920,975077437,975082777,975099338,97509967,97513349,97517438,97518868,97520345,97520448,97522042,97524036,97525201,975279236,975286411,975312018,975329292,97533128,975344011
975407198,97541708,97547637,97548484,97548760,97551101,97554649,975550298,97566647,975685962,97568873,97571448,97576151,97585811,97607180,97612214,97613104,97613366,976174776,97630019,976321388,9763482,97638247,97639845,97652578,976545955,976546914,976706371,97676568,976796743,97680081,97684133,976893912,97690357,976939374,977047178,977076559,977122945,977211421,977221903,977281315,977286908,97729445,977321353,97732332,97732449,977330839,97735471,97739866,97740838,977458008,97746698,977508080,977521392,977551682,97758191,977625606,97766967,977669767,977692681,977755112,97777081,97788448,9779032,97794984,97798891,97810326,97810647,97815856,978222127,97823431,97825762,97832527,97842022,978433393,97845694,978459234,978513756,97855158,978641222,978648102,978737694,978763387,97877646,978841117,978843721,978944851,978954991,979060375,979081190,979130282,97915666,97928681,97932814,979332511,979380493,97940851,979433874,979438507,97949841
979499306,979515032,979554037,97956434,97957603,97957900,979601665,979608565,97968589,9797022,979722271,979723651,979740001,979772521,97979210,97980303,97987383,97989779,979898862,98000864,980014868,980029124,98013975,980384034,98041063,980430397,98054444,98056964,98060572,98061447,98077302,98077722,98101122,981086504,98108968,981257521,981317418,9813262,98143849,98147074,981489913,98150701,981545522,98164653,981662384,98169026,98171976,981729216,981747228,98174831,98177096,981781099,98178447,98179119,98179314,981829615,98183700,981886207,98189222,981892873,981931124,981946123,981953682,98196164,981962966,98197344,98207293,9821342,98213818,98218900,98219313,98220617,982258742,98233606,98235675,98236340,982419133,98242304,982442113,982461024,98247107,98248416,98248841,98256075,98266686,98269810,982725576,98280731,982839043,98285759,982859275,98289235,98292785,982936447,983016968,983097362,983143218,98317898,983227668,98324503
983254488,983283350,983311100,983317946,983347782,98335186,983379534,983395507,983452250,983605982,98360821,983626074,983661163,983681054,983683832,983684210,983709306,983811895,983861036,983875345,98389863,98391087,983983453,98404686,984209108,98424908,98426881,98430053,98431889,984425113,984432853,98445294,98450092,98450103,984509916,98451203,98461872,98465645,98465750,98470094,98475025,98479699,98485820,984898771,98497640,985001448,985037094,98505329,98509465,98512167,98515482,985172054,985176276,98518941,98532152,98533811,985365883,985372951,985413936,985426974,985467266,98551794,985530781,98553499,98557327,985603494,98561819,985618920,9856232,98566995,98566996,98568205,98570253,985710770,985731668,985769893,985783933,98581604,985835311,985836918,985921663,985930556,98593919,985940467,986162994,98622563,986524687,98660626,98662783,986714334,98677089,98680556,98680994,98686991,98687929,98691071,98693813,98694737,98696367,986998758
98706590,987067062,98710490,98712893,98722907,987315588,98732148,98734293,98735023,98736741,987389136,98742513,987510793,98755553,98756929,98762720,987658946,98766852,9876872,98768899,98772143,987724604,987733136,98774186,98776227,987808183,987821245,987844237,98785578,98788351,987904244,987921013,987960896,987970128,987977437,988002554,988009700,988009754,988054794,988115617,98813611,98820407,98826622,98827676,98831767,98841944,988584566,98873116,98881281,98881377,98882438,988849836,988863109,988891681,98895595,98898265,98899480,9890492,98907005,98913033,989141354,989157961,98917233,989197627,989268744,98931553,989327082,989341880,98936964,989384460,98940570,98942778,98942966,98946828,98949970,989520283,98953549,989567702,98959367,989601007,98962805,989657076,989689220,989716950,989762863,98977774,98981536,98987202,98989756,989907240,98993675,989972784,989997638,99002197,99005278,99006758,99010264,99015446,990157591,99021280
99023450,99024757,990255223,99028233,99029879,990342128,99039271,99044379,99044660,99048193,99070550,9907302,99076015,99088064,99090308,99100613,99104091,99105660,991165476,99120589,99131384,99131455,99133245,99135150,99135948,99137811,99141175,991435208,99145536,99145783,991562456,99157743,991584786,99162427,99163303,991648928,99166545,99179887,99182404,99186312,991875180,991909225,99197562,99207687,99208397,992110632,992152518,99217301,992180220,992184847,992194400,99226777,992309714,992326069,99234454,99241415,99250235,99251611,99256867,99257633,99260585,992672875,9930742,993094381,993132602,99315275,99320249,993223148,99324039,993266486,99327755,993305466,99336057,99337111,99341033,99344005,993459426,99346808,993550478,99358395,99364136,993644136,99365466,99366174,99368285,99370580,993780162,99380146,99383005,99387728,99388128,9938852,993942102,993944006,99398412,99398578,993998125,994036927,994043156,994101835
99410920,994138862,994145112,994158884,994172508,994182144,994205617,994214384,99422522,99425883,994268012,99429022,99429179,994348968,99441631,99446013,99450385,99452737,994560726,994574346,99476690,994826106,994898467,995006898,99504529,9951012,995137188,99517345,99520985,99533268,995339958,99535478,99537806,99537940,995466259,99550395,995526326,99554139,99566858,99570517,995776477,995781512,995807634,99582781,9958752,99587882,99590264,99590661,99590931,99594271,99594550,995951816,99599040,99599344,99599365,99604463,996047784,996053347,99609475,99613646,996195116,99619767,996239677,99628071,996353665,996375439,996382586,99638995,99639784,99640443,996410623,996414294,996419215,996437594,996466602,996466603,99650706,99651997,9965842,99658624,99666780,99668858,99669601,99673535,996887100,99709851,99709917,99713,99713343,9971552,997221656,99730408,99734614,99738489,997430665,99751593,99756551,997629601,99768880,99770321
99771948,997719601,997744074,99777748,99784432,997958575,99799430,99803495,99803938,998100558,99816757,998222342,99826247,99827593,99829457,998316140,998363779,998425124,998426888,998458872,998463499,998471053,99854878,99855240,99859136,998595613,99860916,99863849,99865710,998688007,99869315,99875615,99876567,998765916,99880463,99881056,99881975,99882814,998944741,99895729,9989862,99898675,99899643,999015600,99905830,99906642,99910800,999120540,999123445,99938158,99941227,999630170,99967384,999712369,999740024,99975930,999795002,99979864,99982926,999893718,9999022,999952676,100077645,1000913406,1003794630,100529242,1008151898,100859144,100917958,1009625708,100972728,1010282060,101061892,1012062788,101311381,1013540628,10168082,101744237,101798589,101879887,101896529,102178135,102266763,102269229,102435140,102452873,102482331,102526712,102595595,102850084,102872654,102880115,1029682879,103012173,103104020,103167687,103396897,10350,1035104983,103603563
10367,103769911,104132473,104158951,104337628,104581741,104610866,104677138,104707193,1049008140,104936881,104937383,1049711166,105029433,1050613062,105229760,105305259,105388306,1053912450,105398963,105627252,105636298,1058431974,1058847528,10678292,106901268,1069389308,106957547,107146095,107259782,1074544400,107476658,107556834,1075579693,107787277,1080529453,108076934,1081867214,10848842,108619945,109065990,109569992,109642152,109646364,109702885,110003059,110016434,110065495,1103924101,110485995,110550244,110558385,11063472,110721158,110839423,110858061,1110622016,1112465706,111294892,1113164556,111459200,111577960,111691836,11178902,111906894,1120412160,1122192223,112233307,112283937,112313423,112555960,112590772,1126209121,1128461923,112948063,113074602,113216062,113416449,113696592,1137161258,113728847,1137984020,1138569926,1141461181,114322071,1143332995,114339671,114344901,114354410,114526862,1146167814,114822964,114836738,11498532,1152290293,1152643512,115309816,1154072965,115420959,115512512
115553054,1157634588,115801376,115993079,116024420,116032167,116278535,116310869,116361194,116559622,116571806,116612154,11738562,1173994100,1177888878,117892806,117964068,118214699,118268527,1183541408,118504288,1187091350,1187647735,118796348,119068103,119116583,119159695,119212115,119454938,119534322,1195656132,119875281,1199264406,119951930,1202498522,120523202,120557765,120694102,120881659,1209309782,1209342523,1209644401,121199427,121202735,121223898,121241068,12133382,1214244974,1214346157,12144232,121501567,121546530,121799081,1219319311,1222777830,1227475753,122924182,1230419286,12320482,123273932,123363422,123417995,1236601488,1238016421,123935450,123987975,124001086,124025657,1242553802,124285386,1244325504,1244421032,1244594094,124605615,124741540,124808159,124865870,124914275,1250191058,125085094,125128420,1252036860,125481462,1254944101,125599206,125806240,125833920,1258377806,125873555,1259969648,126016806,1260366252,126059714,126077906,126370504,126403316,126406217,126467803,126521000,126632581
1269873392,127096169,12711832,127236149,127360861,127621803,127684441,1279364808,1279659726,128023009,1280971555,128117928,128276452,128665538,128932292,128987238,128996937,1290423920,129053864,1291827822,1292362992,1292449110,129344283,129350929,129515759,129701195,129893815,129909263,13058772,130762663,1308368965,1308678415,130922325,130925204,131131381,1311442610,131186460,1311951554,131298406,131574212,1316271104,1316440262,1316989550,131752870,131948686,132055228,132081012,132321477,132533271,1326005282,132783339,133022332,1332095168,133360123,133424504,133448051,133682123,1339372794,13396002,1340692447,1345067382,1345393938,134559963,1345702333,134849998,134954857,134963898,1350245088,1351000056,135108060,135180346,135281645,13556382,135660391,1356953600,135822478,1358235456,136123907,136284381,136402916,136505371,1365741781,136802896,136912928,1369807202,1372333219,137440868,137881643,13790282,138182319,13837292,138462213,138526099,1385664090,1387938121,138902550,139168154,139184917,139285504,1393084334
139474593,139549326,1396088514,1396698397,139723382,139757328,139848744,139867758,139951730,139978263,140064759,140118545,140195719,140292007,140515657,14062180,140622708,14074803,140750163,14079425,140797375,140929940,1410627696,141089076,14112296,14120151,14127151,141304425,1414153369,14149571,1416518906,141681864,14175375,14180365,141864252,141944292,1420854660,1424690455,142477143,14251476,1426237976,14287830,143007295,143074318,14327149,1432977446,14342018,1434251,1435994318,1436064884,14363353,143695262,14376953,14388488,14389031,143922679,1440133284,1440641,144076256,14413715,144164028,14419089,14426892,14433891,1443609176,144548198,14458280,144624301,144774310,14498484,1450087165,145019819,1450259936,14505838,14508983,145102395,1453128750,145349993,145475696,145520208,14575107,14579415,1458206616,14583400,14607172,14610064,146169793,146212505,146299154,1463479610,1465120380,1465166731,146540920,146543439,146597870,146616689,14667274,146692539,14691200,146930781
146938226,146978778,14700117,14709355,14717311,14722676,14729674,147352409,14772687,14784550,14790524,14790899,14791162,1480241148,1480251510,14803701,1481073828,1483990908,1486090808,14872237,148779151,14880616,1488525396,148912664,1489400190,14897840,14903310,14925956,149289239,14934063,14934818,14939310,149439059,14946967,14955353,149593704,149629683,149768423,149915877,14991920,149923457,150003743,1500704820,15010370,150126627,150141990,15030766,15036232,1504011,150435245,15063485,150664496,15066760,150752096,15079003,15081182,150901078,15108422,15112070,151448846,1515065664,1515451934,15164565,15172810,151739057,15181835,152010839,152064237,152338484,15234407,15248067,152500417,1525033183,152547916,15256225,15274836,15275022,152777823,152847785,15290441,153002327,153156412,15316815,153295172,153297135,15340816,153488709,153492310,15358329,153655848,15414807,1541743711,154219419,15437723,15458197,154589345,154591004,154591990,1546060806,154638119
154677827,154688070,15492359,154996482,15500308,15515656,15518000,15530529,15533771,155366234,155917783,156005075,156012476,156113195,156214500,15639138,156411211,1564371,15645639,156478617,15648827,156521166,156651229,15670515,156723878,15676578,156837885,156918895,157027648,157138475,157143500,15723576,15726358,15730340,15741820,1574548303,1575143502,15754281,157703721,15780315,15790423,15800121,158022623,15808765,158129432,1581875838,158234395,15831093,15838599,1584141114,15847644,158487331,158496249,1586437502,15867548,15885301,158943137,15901190,1590325548,159041623,15905925,159113258,15914779,15917338,1591914252,15930616,159365208,15947602,159485187,1595103564,15953473,15958265,15964377,15966494,1596837392,15987295,1599340015,160000117,16017475,16019597,1602670117,160272131,160285673,160320175,16053898,16065736,160808361,160884500,16112037,16125042,16126957,16129920,16136397,161421993,16145626,16157577,16182307,16186949,161875426,161881106
161920077,161935822,16201819,16212952,16213013,16222584,162228597,162233466,16223977,162264385,16228479,162301661,1624265474,16244789,16247679,16248319,16249596,162501326,16252002,16252431,162526028,16258457,16282245,1628732288,16305370,163140316,163206454,16323833,16334893,16350668,16351833,163530567,16359560,1635986557,1636578312,163685624,1637123371,163770849,16381558,16400388,16402111,16403943,16407145,164174801,164468001,16462068,16463853,164654081,16490974,16492431,1651716974,16519049,1652687708,16530463,1653466142,16547369,16550142,165649682,165658175,16568227,16573745,16578261,16579705,165805794,16582578,165875135,16588111,16589213,166097214,166255207,16639736,16642886,1665352020,166702215,166718532,16671869,166728313,16674726,166758279,1667654144,16685316,166995750,16712746,167168094,167283109,167336356,167351211,16736400,167441776,16745015,167484753,1676243917,167714664,167901035,168003231,16801904,168019325,168383228,1687047366,16870682
168742394,168760270,168767461,1687699668,168794236,1689032862,16910406,169136455,169206256,1692123278,16929349,169312057,169404427,16941646,16943339,169500151,169531642,169572927,16958346,16965975,169760316,16985914,1699170104,1700048413,17006157,170062839,170139275,17017636,17026571,17029287,170447934,170759111,17081123,17092592,17093604,17094761,171129181,1711315717,171275005,171530458,171572709,171686587,171779849,17194296,172147129,172205343,17220613,17221180,17230018,17243213,172452585,17248920,172492646,172540313,172542995,17288873,17293897,17299063,173133948,173338184,173593091,173634022,173724603,173763028,173804290,173872327,173885254,173903958,173998684,174054047,174135877,174137088,17414051,174369708,174382902,174416608,174465960,174490035,17454419,17472406,174762783,174861152,17486893,174958347,17516149,17523013,175234722,17524539,175262449,175378976,175406313,17542901,175529531,175674580,17568791,175702353,175851190,175877432,175896051,176084510
17627061,17628900,17636894,17643683,176714687,17677608,176895950,17693277,17727893,17732153,17744542,17771429,177788602,17788194,178204132,17825445,178414010,178442583,17844280,17853760,17855040,17863018,178703781,178724398,178812809,178815255,17890396,17909625,179387028,17941237,179484014,17951326,17968901,179738374,179738874,179745270,179749895,179932936,179973628,17998540,17998609,18001717,180055456,180058033,18007213,18022904,18033062,18040878,180465133,180560224,18058293,180669193,18073211,180983597,18101713,181091404,18111819,181214694,18124756,18125335,18131961,181390686,18139619,181416204,18142856,181524108,182028739,182144851,182203038,18220386,18223354,18236230,18253611,18253727,18278629,18286505,18307364,18322918,18327944,183356424,1833657181,183378752,183387449,1833978110,183455255,183502719,183523343,18353187,183709638,183793384,183826627,183879398,183917003,183955757,184152773,184454055,184491506,18462539,184648622,184651802
184878590,18498684,185190863,185271487,1852930314,18533317,185359318,18539631,185449401,1857070171,18572616,18586981,18610936,186154646,186205474,186324454,18655979,18657864,186598799,18665800,186686394,186838317,186930590,18708466,18720595,18725854,187298703,18734310,187350952,187409570,187428929,187439583,18750157,187587630,187613519,18764960,187664250,18768302,187742575,18775549,1877831,18783665,18791002,188039706,18806753,18807671,188103460,18827300,188443744,188548673,188548733,18858543,188641665,188661679,18867497,188675709,188871350,1889198071,18916728,189200128,189283341,18949572,18952476,18953266,18963070,189652312,189671070,189704292,1898815243,18993601,19001589,19004916,190084637,19011374,1901273544,19015339,19017237,19039286,19046392,190759316,190799836,191087379,191264611,191358949,19136331,19154824,191605894,19165963,1917731,1918453633,191872261,191949347,19200480,192266644,192304497,192354884,19249062,1925157330,192619835,192753972
19298711,193318094,19341413,193494089,193509209,19362299,19362341,193757722,19380829,19382500,193884791,19390810,193999224,194027873,1942503312,194260385,19426729,1942819082,19478160,19478383,19486963,19494203,195095809,19515424,195315237,195434057,19546942,19570592,1958034145,19582385,1959805585,196107911,1963100228,196360711,1963890170,19661294,196626887,19667589,19671932,19675870,196853360,19686204,19705747,19708968,197140330,19718687,1972819554,197331013,197481846,197690009,197821266,19788593,197911936,19793752,19794082,197998044,198011261,198013305,19802084,19816859,19838342,19871339,198966840,199040388,19923638,19966557,19976619,20008214,20014592,20021051,200548600,200607665,20066666,200862517,200916014,20108560,20109973,201269968,201394905,201407468,201419073,201429017,201671003,20177423,20188930,201975475,20201726,202270507,202416362,20265542,20279424,202905145,203312371,20344826,20355308,203558417,203633568,203731681,203771716,20379995
204139152,20454896,204580545,204688509,204929186,204992551,205175809,205185014,205336328,20534425,205415788,205437050,205462250,20546297,206218980,206221643,20632796,20638192,206388720,20646105,20651276,20659839,206697395,20710809,207187940,207196183,207404053,207725775,207773069,208128460,208175647,20823773,208637263,208757102,20876957,20893477,209003577,20942084,20949503,20957191,21001379,21008297,21042561,21052582,210952959,21108916,21133007,21178973,211795689,212066025,212080810,21208444,21211181,212299693,212405514,21246105,21246151,21255118,21255978,21257976,212634327,212670233,212684822,21277036,212856049,212943657,212944975,213009133,213026175,213096391,21313855,21317078,21324258,213350034,213397637,21346180,213498152,213548970,21356261,21368987,213698984,213795411,21381408,213821139,21388284,213883469,213948406,21401466,21410757,214140049,21415235,2142731,21454322,214613469,214732244,21479907,2149098929,215060612,21526685,215413065
2154260720,215429245,215521925,2157394194,215965842,2160179521,216030256,216099367,216106315,216243343,216288911,216299334,21632807,216430965,216431630,21644464,2165334438,216607018,216719083,216805887,216817625,216832307,216886369,21695660,216976566,21701757,21705616,21727499,21727835,21734663,21737073,217553490,217612094,217651919,217798695,217830557,21787625,21797431,217998512,218176268,2182411991,2182747880,21829242,2184354129,21846379,218675265,218685164,21886583,21891735,219041982,219082320,219177869,219333395,2193607094,219423632,2194571190,219505678,219585781,219682445,219772609,219807145,21982720,220147464,220196741,220224956,2202356355,220373486,220378920,220417972,2205211224,220546915,22061737,220742208,22080646,2208096436,220828573,22083910,220861569,220864095,220872148,220964318,2210416492,221128719,221197757,22123525,221401423,221412285,2214392502,22147626,221513301,221621039,2217701655,221939744,22217396,2223441565,222514555,222519373,222565407,2227426050,222953824
223018416,22309553,22312032,2232581,223286701,223301580,2233154425,223642021,223645258,223688206,22371962,223982456,22401523,224019056,224065700,22407150,22412167,224267898,22430597,22449434,224747300,2247975704,22509548,22517956,22518487,22536395,225419652,225510194,22563769,22565066,225665387,2256885457,225729157,225957255,22596730,226264612,2262960818,226336956,226356689,22641532,22657202,2266209018,22668242,226687725,226835223,22691760,22692199,22698134,227143593,227156065,227233892,227347152,227448338,2274661525,227508390,227519285,2275377889,22770373,227917238,228002268,22805792,228222553,22823970,228269105,22831662,2283224839,228420978,228515266,228538554,2286226920,228668143,2287021314,22872643,228798007,22880086,228837350,228924483,228944457,22904192,229110133,2291163666,229184447,229191355,229333456,229340412,229390349,22957635,229633871,229702385,2297079948,22970952,229711134,2297621223,23008116,2301877063,230225491,23027237,230445221,2305018950,230515733
230556180,23080011,230804895,230845588,230852923,230854349,230869560,230876900,23088176,23089953,230911313,230930518,230973618,2310663216,231109183,2311396549,231152986,231209225,23122597,231239902,231245429,231264566,231277670,2312908531,231314677,2313227480,23156823,231593349,2316464970,231986055,2321240208,2322603176,23235056,232418772,23261531,232637445,232666270,23272358,2327256353,232755411,232913804,2329211,232942393,232942852,2329588892,233053110,233270958,233357202,233415564,233472077,233543018,23355092,233733319,23392431,233999572,2340593001,234086945,2341308506,234187000,234281590,234443392,234460653,23447622,23450304,234521957,234552226,234569105,23458520,234636676,234788695,234963731,234981556,23508439,235221177,23535809,235374306,235375947,235386915,23563916,23578046,23585763,235887161,23597727,23603092,236054075,23612453,236290579,23645599,2364733009,236622896,23675921,23678071,23680913,2369312762,236965827,2369767421,237100056,237114367,237314384,237412832
237420851,237543945,237564775,23770401,237801012,237805026,237845487,237868194,237945749,238017733,23818293,238198734,238339008,238447259,238491689,23864637,238656796,2388260048,23883319,238838852,238840928,238847862,23888609,23891381,23898963,239073693,23911410,239129243,239161478,23919890,239323854,2395305985,239586320,239637779,239654429,23973831,240085918,24026381,240296324,24036264,24047612,240734425,240769006,240928479,24111487,241264057,24133713,241379479,241387001,241402694,241499975,241544156,24166202,241798044,24190133,24201088,242090120,242110436,24249686,24249998,242507519,242585889,242600460,242614413,24263801,24272129,242861229,242904912,242959453,242973581,243031352,243214305,24325547,243281502,24331833,24342206,243474622,24350015,243662948,243686885,243870150,243905905,2440480381,244074403,24429991,244730854,244872948,244998560,24502450,245092764,2451236499,245192355,245198707,245202188,24523660,24529777,245396123,245413273,245531125,245542547
245552946,2457334839,24580902,246045832,246103604,246117263,246160575,24616144,246484752,246571305,246625559,246681022,24677953,246870053,247059672,247067990,24715169,247154934,24719760,247601618,24795163,247964769,24802980,24836075,24856567,248813595,248895496,249203600,249431793,24959165,249699161,24975381,24977181,249812209,24987131,249933354,250080819,250081321,250341788,250359614,250397071,250674902,25082055,25093616,250968953,250980763,251247645,251294686,251304535,251361169,25138463,251413478,251425491,251427681,251439353,251456181,251472513,251496825,25173006,251922978,251954173,25206461,25209206,2521001,252192024,252265200,252342796,252364235,252776168,252869664,252879697,252883535,252962927,253130222,25319414,253296405,253456874,25373841,253765591,253766281,253809805,253826289,25395994,254043815,254098644,254108920,25465356,25477828,254914752,25515380,255156825,255209475,255237047,2553151,25533163,255335838,255567703,255657736,255754796,255787143
25581439,255920950,25594518,25621296,256286921,25629334,256295932,256409802,256414545,256504493,256635103,256705168,257164704,257174262,257307299,25734201,257564668,257647552,257833237,258009099,258118291,258166437,258167216,25837899,25844958,258581394,258611722,258615544,258618626,258634232,258869512,258886375,258931007,259023257,259034658,259043424,259096053,25910412,25932445,259399482,25940364,259435698,25965585,260037835,26007726,26030282,260548505,260800524,260998694,260999987,261044871,261078843,261081050,261375816,261411020,26157564,261583093,261748004,26177528,261777065,26180278,261927668,262005645,262215831,262310943,262333936,262423177,262551007,262749118,26281395,262832975,262872813,262911261,262915519,262915660,262941082,262941454,262951508,262962065,262966484,263169764,263239989,263451932,263481313,263504295,26385463,263965523,264001350,26415727,264163557,264503377,264554226,264810275,265005363,265177539,265195168,265614118,265652990,265707543,265714379
265715381,265759861,265826890,265841229,266141775,266187764,266286622,266367426,266395244,266497118,266636098,26683141,267037892,26706487,267305045,267447352,267477420,268116211,268497075,268506350,26857296,268629819,26871300,26874644,268770124,268992167,269055437,269057296,269486713,269558785,269612300,269638899,269789027,27014121,27022632,270528064,270569708,270663571,270665904,270689028,270901752,271059748,27123440,27127710,271348449,271458884,27153075,27189793,272024616,27211918,272158504,272240519,272337283,272499749,27272624,272780890,272785221,272919082,273191153,273271111,273288519,27335600,273483641,27372490,27393712,27394062,273995097,273995281,274172401,274252296,274307003,274308450,274492591,274556710,27462451,27466653,274741900,274750145,27476141,274851297,275126633,275217144,27530213,27531031,275686563,275725787,275756510,27593311,276033654,276082446,276208182,27631430,27650674,276688370,276729120,276771202,27698202,277034801,27710376,277161300
277286603,27739525,27758112,277590673,277615167,277635779,27782557,277832353,277832912,278434573,278509130,27886437,27909036,27911944,279261173,279369510,279390084,27941402,279437902,27951956,279699424,279705384,27970832,279747184,280042762,280109210,280123613,280157793,28018362,280239609,280292701,280300667,28058878,280767139,281401044,28164096,281673933,281679534,281746417,28180183,28206390,28208983,28212317,282193031,28221296,282717986,282730867,282763274,282789898,282912073,28301551,283107810,283196495,283384831,28354730,28366527,283687745,283715391,283824485,28406270,284197213,284203205,284218039,284239150,284272943,284466329,284510447,28457246,284703883,284767091,284820776,284886267,284941905,285165012,28521141,28530769,285332860,285713277,28583197,285849013,285911634,285968408,286009500,286233279,28635233,286381780,28639473,286493256,286653748,286898208,286908007,287168172,287402550,28744383,287848726,287916276,287981014,288006655,288141449,288304848
288400984,28841668,288442214,288452305,288477710,288505420,288651112,28870086,28891464,28894478,28897857,28908140,289480481,28962484,289675888,289680975,289730569,289759808,290306604,29052484,290594346,290666171,290715006,290754668,290896249,29091792,29104822,291189895,291355809,29138869,291627226,291700987,291921265,29202806,292101572,292307659,292426918,292447074,29246547,292781708,29283877,29300489,293115765,293252450,29330030,29344169,293503256,293804862,294027931,29403387,294191986,294262877,294619598,294636267,294839689,294914639,295002227,295408221,29546364,295946311,296001026,296045140,29612198,29634127,296427730,296554936,296576390,296577547,296593611,296623811,296637894,297041400,297047872,297074078,297080189,297230576,29724393,297491357,29758446,297692168,29793656,298027175,29809894,298317641,298503082,298566175,298762599,299112358,299403480,299416976,299687857,29976737,29979980,299928152,299973200,299974599,30008146,30009639,30016344,300545725
300606468,30104882,30105667,30105863,30109507,301097210,30113493,301201014,301214688,301250232,301524817,30179963,302123233,302224112,302235422,302248935,302265067,30238832,30282704,302974524,30302121,30317085,303306602,30333898,303433027,303485517,303564257,303577019,30383829,304003260,304062764,304236346,304342273,304546496,30464067,304668214,304679484,30472741,304766683,304784818,30503549,305080016,30508405,30525012,30526601,305295460,305298965,305374337,30554764,305908722,306026916,306127034,306142290,30614676,30629087,306555911,306560986,30689667,306903571,307259582,307337502,30734523,30827310,308297673,308717370,308733799,308791018,308874441,30888244,308888945,30892248,309014927,309161833,309232465,309278136,309300084,30948732,309642058,309724194,30972802,30974408,309746725,30981586,309904287,309955315,310034981,31005977,31014746,31021817,310347988,310429116,310463188,310597458,31062122,31063203,310985757,311046293,311205590,311250981,31127446
311300820,311534495,311657359,311733209,31196202,312002572,31206614,312074865,312087241,312135138,31217533,312353717,312376724,312381318,312382575,312480764,312635095,312722096,312860399,312900729,312945568,313027656,313087874,31308893,313535315,313575042,313595071,314067128,31428361,314357058,31446412,314786954,314885284,314976262,314994031,31502152,31503853,31504542,31521177,315267238,315412717,315558358,315625199,316223958,316497448,316737987,316865635,31730203,317329922,317338639,31744649,317621256,317943712,318059182,318234381,318282695,318630778,318660349,319349245,319404676,319477757,319505691,319683986,319771201,319861696,320033905,320524725,320602225,321044253,32135704,32153075,321568791,321632047,321803016,321818172,32182277,32193728,322164439,322319372,32241558,322762727,323120520,323541238,323847877,323984773,32402773,324632679,324817242,325206395,325252115,32559327,325694071,325722993,325841950,325943870,326194280,32624009,326255267,326343616,326359913
326530913,326534092,32688098,327019649,32712325,327290437,32774989,328069353,328175351,328228124,328569024,328755367,328824378,328827273,329382516,329414795,329514189,329555845,329746058,329818212,329877981,329938684,329944353,330086629,330139776,330298512,330465950,330586912,330644817,330705893,330771053,331082453,331162098,331168970,33121494,331283041,331380967,331414892,331813832,331824016,331936328,332055144,332085582,33247276,332539391,33256381,332974144,333538120,333822094,333829189,33392658,334115825,334173591,33419705,334307108,334316571,334321077,334435578,334464434,334468969,334502704,334778255,33514869,335297789,335501334,335533864,335584651,33586484,33592592,3359851,33648195,336686600,33677181,33693118,337281644,337486345,337501125,33750798,337946772,337951057,338230035,338331507,338430429,338431405,338770880,338854955,339143341,339424389,339494771,339780337,339822001,339831178,339951397,339968163,339994942,340007613,34005961,340121658,340356102,340451602
340635228,34068984,34104616,341102954,341200881,34130762,34175976,34178172,342150329,34229853,342389168,342819198,34296189,343142600,343174338,34330530,343653384,343761858,34379573,343893035,344117205,344156375,344634424,34464376,345200675,345224671,345539335,345585703,34572451,34630995,346326957,346344575,346357243,34642720,347038862,34747631,347626579,348009179,348177595,348234894,348630587,348894653,348998306,34906343,349763532,349813673,350050731,350063031,350105748,35026523,35035118,350374550,35067421,350921410,350962169,351136195,351146770,351209830,35140132,351852842,352689883,352899481,352901479,353029369,353511775,353831932,354362096,35446914,354550294,354847710,354964492,355068188,355114876,35514323,355242837,355319066,35535750,355381597,35547308,355937928,356025421,356286295,356388397,356481843,356866129,356998998,357286757,357294871,35748845,35818653,358322328,358538188,358585830,35859588,35865630,358884863,35899527,359185479,359529819,359600474
359981838,360025190,360362689,36042554,360956517,36098990,36105669,362002361,36221183,362247441,362265175,362645826,362786454,363196063,363908550,363961928,364242949,36446687,3646911,36495774,36498980,36520563,36534248,365446733,366322025,366592246,36663339,3666721,366760976,367291673,36735522,368749854,369286373,369505837,369658684,37000209,37008705,37079659,371053178,371397237,371406158,371616403,371866546,372006028,372280277,372505315,37290954,37307715,373084763,373112400,37328258,37344334,373460388,37347267,37350356,373560184,373633256,373644596,37370920,374129770,374212227,374712020,37500486,375055976,37514167,375199638,375211227,375245154,375266631,375478760,375751357,375791363,375837671,375866104,375895003,376458972,377163606,377441992,377770115,377796934,37792861,37800145,378014881,378188304,378238260,37856925,378617826,37866934,37868827,37875157,378969493,379142632,379175662,379334929,379513199,37952993,379796000,37986651,38019317,38035105
38049617,380595438,380646950,380687119,380712988,380956776,381078909,381243576,381426916,381688396,38188116,382267114,382271636,38229705,38232487,382426484,38243963,382462627,382572371,382815761,38281921,382831160,383493565,383556611,38369318,383933235,383936746,383967543,384056706,38425957,38441030,384412582,384441015,38466098,38469318,385059555,385086913,38532460,38542060,385460980,385614625,38580030,386056280,38611183,386125006,386782721,38709939,38723670,387365822,38766796,387896645,387979185,38839449,388521369,388538690,38857814,388622352,389081073,389178200,389227540,389244855,38974889,389845002,389880635,39024386,390322941,390404195,39074576,390851382,390874180,390959376,39114513,39126181,39133880,392447726,392553019,392574968,392771838,392789378,39288259,39288512,393149918,39338684,393456494,39348813,393537987,39364684,393721125,394328726,394437332,394439664,394458343,394481078,39543324,395637033,39581447,39596022,396250560,39634561,396365573
39663728,396763266,396804725,39684871,397009308,397013770,39714436,39730630,397380260,397400299,397452185,397704847,398297495,398321686,39839858,398458864,398646904,39866177,398963891,399094534,399159619,399659545,399685161,399844089,40048432,400770714,40084315,401021867,40102504,401043838,401081496,401104440,401146706,40148479,40186319,403007460,40314634,40361513,40380079,40387025,403910514,404429182,404843921,40495710,40527958,40546021,40551059,40601952,40611304,406360701,40644000,406618672,406678591,406745433,408067945,40838623,40842938,408850886,408877916,408938984,40899547,40937731,40938001,410182686,410249395,410490421,41055396,41110545,411168286,41144996,41151201,411804398,411900410,41237381,412552524,41272427,412948496,413540562,413547409,413581129,413713715,413745249,413808675,414153036,414417870,41442646,414460462,41446355,414602715,41476705,415177268,415240889,41530766,415360623,415478772,41553,415744721,41582548,41596136,416398264
416548392,41660934,41661407,416714582,416751137,417311399,41759497,418474340,418588155,419177567,41992038,42040091,420655004,420717237,420828521,421154401,422175340,422178777,422187502,422265522,422314223,422557777,422852195,4230121,423036912,42304556,42343110,42345999,423565240,42372208,423872140,424028603,424399010,424640281,424692605,42473217,42497987,425247903,425334531,42556758,426200292,426422223,426494716,42670114,426709774,426837269,426951343,427171504,427644685,427812313,427952831,427956508,428521629,428614081,428690088,429404039,429570086,429605197,430241627,43024351,430313116,43032508,430345697,430366922,430389083,430792424,430856022,430914831,431093079,43115008,43124180,43152482,432096650,432123573,43263440,43273860,43289545,433014404,433123710,433499039,43403778,434402478,434423224,435036494,435347062,435348044,435396664,43565249,436037147,436128472,436218845,43658360,436852886,43734813,438353640,43848857,438798551,43910166,44030337,440460774
440468325,440471783,441393390,44156044,44178105,441951136,44204341,442237496,443164352,443216748,443280505,44375901,44399968,444316808,44441179,44471592,445659911,445875911,44612148,44623093,44629525,44642115,446564776,44666348,44699976,44759834,447766482,448151199,44835583,448572667,449145027,449529849,44984488,45070836,45136444,451604693,451763770,45176631,45203497,452208405,452526946,45279311,4532891,45371222,454287398,454423088,45445160,454559029,454598339,45496714,455161392,455189903,455937109,456114208,456142812,456901717,456988174,45703515,45768474,457990836,45966513,45985990,45990277,46047745,460485003,460836519,46122264,46128539,461649105,46167275,461852390,462126327,46220856,462233947,462482124,46248772,462487731,462489802,46278988,46284762,46306646,464199584,465176112,465344427,465814339,46587518,46589936,466848693,466923214,46748249,467517438,467851604,468030865,468727404,468862608,468930349,46895346,469019879,469338679,47010165
470356539,470539795,47057163,471750004,471772542,47223142,47285504,47295250,472967330,473392902,47459700,474606050,47586577,476234589,476274255,47630741,476369130,47650483,477021349,477222802,477368027,477376481,47797211,47841566,47964412,479711009,479962189,480930665,481797823,48203178,48203492,482630627,483192121,484204743,484390754,484786821,48485771,48497136,48551313,48623391,48638990,48649566,486621061,488279079,48872070,488807941,48920316,48924506,489387676,48946932,48955706,489575910,490851211,490982935,491091877,491808465,491830200,492475546,492904626,493249666,493285104,49338398,493456031,494699660,49497858,495074577,495110565,49608424,496234733,49658852,49703956,49709710,497108788,49846115,498716358,499458678,50004938,500506516,500548894,50175948,50209116,505093986,50517206,50556915,50618718,50626650,506731702,507188084,507650932,507813128,50835878,509046435,509270796,509388072,510322989,51034844,510907377,511197145,51166758,51231372
512446262,51260326,51263711,512669769,512920531,51307976,51351134,514390681,514538551,51520765,515722353,515735024,51627680,5162861,517836630,518018008,518177944,51866008,51871928,51968680,52003110,520049297,520187920,520547784,52070270,521817821,52267310,522831482,52328456,523512145,523588327,523611113,524439026,52484614,525264466,52660746,52735765,527526077,527868959,52795973,528318464,528375575,52866770,52992670,53074888,53112612,53120768,531490439,531529420,531657801,531739833,531931331,532509447,532909996,533085085,533501223,533820639,53475984,535908059,536417987,537397368,540347126,54127481,54177550,542165662,54375742,54387680,54425741,544369057,54486186,545582072,54601127,546312025,54653693,54785942,54791458,548853089,5490392,549381484,54943732,54966809,549682519,55010030,55033682,55117855,551388736,551433993,551458376,551598015,551608380,55214226,552576926,553326535,553962719,554209134,55434962,554525564,55475057,554961779,555581336
555708399,55605357,55712033,55789534,558156472,55880275,558810910,55935024,559675462,55991693,560055951,560076193,560736948,561668026,562338854,562486658,562520047,564311836,56436152,56505125,565706985,565780036,56611226,566277059,567440698,567696766,56813097,568505655,568634009,56899181,56943717,569737275,570022515,570218986,57029583,571083342,571202103,571857211,572049730,572761828,57385263,57393165,574100677,574168493,5746402,574802120,57536742,57558113,576721751,57742625,577860219,57797477,578486844,578814869,579127066,579627035,57982473,580188650,580304074,580453561,58106546,58125662,58152842,581965588,582037555,582286994,583181275,58328795,5838072,58578066,58601997,586254277,586626161,588502738,58879958,589541833,589614651,589672047,590241572,590343168,59036925,59040285,591643251,592397412,592476546,59247894,59347826,59365623,593988180,594066386,595094536,59567274,595988166,596151093,596190000,596344490,59641100,59659495,596774164,596786778
59682648,597098419,597587452,59880274,599148927,59927418,599665735,600409576,60050843,601323669,6018802,602238236,60240526,603073195,603269472,60418759,60571908,60583926,605945175,605960330,606889053,607451275,60896917,609508490,610139222,61061751,611237764,611342832,611675148,611716204,612043406,612076511,612473,612679897,612704300,612792139,61369512,61391304,61452308,614823835,61507091,615214819,615665536,61644037,616713910,617580358,618336955,618593,61920802,619511617,61957740,620440323,620669608,620801453,621457610,621615042,62170502,62208151,622257982,622679077,62376597,624034491,624279297,624392542,624556771,624801154,6253282,62604873,626274966,627436907,627799297,627949093,628497024,62894963,62967906,62971680,63000550,63035492,632944331,63302020,633359805,633487199,635018991,6351572,635747873,63582539,63586621,636672358,636720523,6375322,63768057,63892682,63896875,63912537,63914695,63920771,63930197,64039390,64119708,64269230
6446742,64477046,64496398,6461032,6480652,6480732,64929124,64991506,6519522,65212470,65278438,65432405,65493023,65515673,65577676,65927684,66001746,6601862,66039134,66046590,66209470,66394978,66395780,66433285,66602640,66606854,66666549,66713917,66995579,6705042,67134387,67169342,67357888,67383778,67485776,6753242,67691067,67737989,67844322,67944478,6796502,67995848,68074774,68245172,68507424,68577152,68792381,69002146,69074494,69129108,69179965,69188130,69360393,69394398,69467557,69476014,69656547,69675579,69964783,69981632,70009161,70054190,70156854,701607056,701725963,70375880,703871060,7040932,70442867,705871699,70722719,70887794,71054076,71092824,7117212,712643060,713060539,713076734,713599931,71458291,7152572,7157132,71626835,717394501,71744940,71804710,718545170,718551681,719276754,72194524,72237044,722525874,72254160,72304308,72348113,72418967,72423061,72500530,72568426,72644483
72694909,727310731,72878707,728800766,72989855,73058561,730896097,730954831,7313362,73225365,73269264,734083070,734437316,735949554,73774016,739417207,73978891,740027058,74007756,740336334,74042781,74058491,740878207,741580410,74248035,743763,74773211,74773917,74838816,74930757,749893633,75064899,750671252,750848454,7517222,75343843,753805616,75406589,75612668,75698172,758318792,760113548,7614292,76389301,764134068,76493746,76540821,76545864,76667060,76691119,77056827,77074157,77080603,771083455,77120712,771955592,77305005,77357713,7744592,775034852,77596509,776662286,77740842,779120486,780104972,78021221,78071252,78120912,781480009,78185520,781988934,7841652,7846,78525538,785448961,7861312,78674541,786796010,78693749,78695100,78710146,7905122,79071490,79090231,79236477,79294815,793267872,79332579,79375491,79633819,79839950,79876393,79963310,799676364,800848848,801281178,80144576,80174785,803290470,805504884
80675343,80701402,80726640,807976644,808120628,80815716,80977873,811922833,81238093,81248854,81302561,813480156,81376907,81467475,8161232,81756964,81928742,81951477,819685194,820617067,82135276,82154425,82183941,824048588,82571185,82647069,826685972,827078898,82764491,827697540,828251612,82939583,82977544,830241996,831488977,83166727,83174214,831981271,83310559,834281252,83613107,836492550,836800974,83883736,840534313,84071601,84179729,842331998,843692382,84424885,84447226,84459048,845012778,8453452,845940733,846362856,84708371,847123669,84722671,84761157,8487622,84900434,851254111,851316548,852033229,85283592,853067606,853437176,85379038,855734120,85633543,85693380,85701883,85724849,85725920,85747810,85772748,860398868,860756034,862123572,862208539,862580828,86330674,863614800,86390214,8653412,86606713,86606717,866777935,867476162,86876958,8689912,87016821,870417709,87062256,871686942,87240340,874589102,877024646,87809320
878393636,879032779,87954714,87969610,8824902,88572095,88575494,889732015,88976515,89005882,89084561,891566299,89183429,89304457,89327272,894090932,894537902,895923668,89699362,89857039,90035808,90179696,90334660,90558751,90693080,907035428,907074528,90809127,9081922,90836187,908692830,90896009,909476018,91020409,91133460,91208190,91388229,91432615,915271363,91548212,918004020,918346674,91890462,919193816,91919696,92204251,922206079,92332206,923748330,924210732,9245812,92559042,92579513,92670884,9275742,92842445,92864566,928939447,9300262,930108906,930506383,9313022,93323148,93475478,935217192,93633567,93654953,93824539,939258630,93976645,942470940,94366662,944078305,945122066,945999066,947150246,94878747,95109041,952399237,95380385,9541782,95431448,95707952,95728822,958652516,95929821,959438426,96005465,96044689,96044767,96046331,96059519,961432291,962107058,962208114,9624042,96245226,9624742,9629222,96392556
96448406,967367256,96766453,96834397,96846955,96879107,96902626,96951800,971050080,971140237,97133190,97139395,973211510,973355760,97383592,974384082,97469040,97486299,974952607,975075488,97780194,97935386,97974174,97992593,98007820,98034957,98053976,98068106,981566994,98170221,98299484,98955572,989642563,99005675,990130322,99050904,99146958,99373028,993959034,99658726,997502738,998538158,101014684,101651259,101858534,1027392638,1040906786,104366475,104969057,105251590,105296218,105423947,105715305,1059157682,1064042478,108090221,1086485478,1093363586,1093408824,1096488703,110365072,110460524,110727546,110794236,110840720,1110475561,111075242,1112745398,111738036,111912589,112915037,112964469,113134752,113425681,114035804,114052770,1145652434,114801712,115085879,115485934,115489688,115516167,115682368,115860194,116502459,117182280,117231668,1173622044,117848769,117883923,118857505,119528441,1195370804,12044602,1205974434,1206065634,1206476953,121341102,121626258,1222875848
1223101,122530604,122555803,12266442,1228516999,1240388840,124427273,1248206258,125447508,126089211,12701412,1271411754,127910704,128626186,128749783,1290086184,13049362,1305684487,130997057,1323404239,132399627,133093395,1339908978,1341076436,134457542,134505955,1345881386,135249573,136251520,136724883,137099011,1375758860,1385526308,138600717,139162440,139399835,139855438,1406346067,140738007,14076329,141149605,14117843,14166096,141664648,14173315,141765996,1418745782,14192589,142043833,14219877,14220046,14319589,14348594,1435811695,14425825,144291884,144373924,1447535030,14515799,14518777,1468330632,14694680,147448010,1475207178,14771122,14790817,148208049,14922225,14939981,149986523,150106888,15014405,15020865,15033845,15131310,15203144,15234657,1526563316,152801977,153474021,153491693,153629442,154590712,15473958,15571729,15641532,15661871,156751240,1579422614,15809249,158128894,15820664,1587113515,158848407,15890094,15898172,159311024,16008484,160240908,161280528
16171898,161966800,16228398,16234029,1632568447,163636854,164242095,1645975554,164673578,1652541,16537989,16540829,1654449182,165466796,165944953,16658390,166630377,167158823,16810796,168409275,168735527,1689956186,16900536,16973333,16998020,170268249,17070787,17074822,17155393,17174309,17189745,172027403,172887151,172916572,17322737,173337743,17371873,1738105273,17446621,174533632,17469289,17549677,17602896,176224244,17623957,17638367,17681513,17733320,177378345,17769258,178462340,17874544,179105640,180357833,180418331,180506316,181298856,18171994,18182384,18208354,183094956,18313840,18396070,18454999,18463380,18494593,184964515,18548221,18713314,1873652694,18742444,18753185,18785654,1887854366,18915240,18927441,189534066,19011738,1906234147,19102343,1912655766,191985394,192343075,19238073,192468772,19348566,194272236,19489341,1959334158,195962503,1960746768,19608297,19621110,19671129,196925561,196955859,197161417,19741660,19748674,19758510
19777398,198288001,19832580,198565074,198599889,19956026,200163448,20042237,20065936,20106852,20221159,20,203144854,20341290,20342007,203770783,20477352,204887235,20518710,205399718,205540133,205808022,205927384,20630639,20632528,20641995,20699981,20733757,207426991,208019751,208040079,208711264,20884633,20913964,210334764,21035409,210487595,210987688,21174888,212564556,21266767,212746249,21282551,21342916,214080021,215038483,215411520,215697900,216201838,217172680,218149272,21838634,218626985,220089447,22066555,2207218507,22175551,22222761,22258315,223054530,22321602,22430384,22440364,2247850344,22479281,22540123,22633584,22650211,22657153,227390518,2274924564,22870443,22910295,2295515156,2298216212,23006794,2303657850,230365840,2306902656,23086378,230905088,231715070,23173615,23242687,232456643,23341766,23409163,23464695,23489663,23504870,23544268,235727524,23627469,236709206,237499357,23859156,238807707,23888081,23911509,239996540
240000044,24008967,240477065,240508003,240919306,24190981,24202701,242038666,2425151,2429591048,243949344,24423418,24472704,24599923,24716740,24740625,24742040,24833816,248595702,24876782,249564928,24959841,249695742,250081935,250084634,25027806,25137852,251687200,252959698,25389599,25395727,25460615,255351091,25577757,25596576,257699456,257834640,258183823,258658406,25891307,258923616,259070377,259466728,260811745,261990498,264257750,26582656,26585095,26589987,26604704,26642006,266791973,26687751,267844771,268640730,26895879,269852626,27001746,270077043,27019951,27029537,270369094,270533441,270577377,271161708,271219664,271572434,271958449,27271615,273615964,273654896,27368199,27398435,27431825,275400224,275415306,27558050,276716878,27673684,27677597,277272168,277288631,27743648,277450203,27750488,27776098,278098811,27824381,278832711,28035260,28076276,28109359,28198365,282121707,28245852,28295738,28302705,2836421,28384755,284219215
284441324,285219662,285962613,28681610,287073533,287248693,28807346,288764875,292131326,29641317,297269175,29879795,299373263,30040682,300484553,301182041,301251379,30271564,30279060,303595809,30395398,30431409,305085584,305304087,30704824,307330165,308214563,30844979,30954477,31126587,31269766,31332024,314076620,31447081,314734443,31516515,318028932,318789265,319267880,321445166,32156068,32174284,323634172,324748718,325179111,325451111,325871376,326605174,328849062,329783245,33041426,331057915,332605908,332611996,332788870,333574953,33445069,33452466,33549858,336126084,336338316,33699962,337502808,337836372,338596872,338869220,339239285,340821207,34093115,34212917,342560704,343544824,34395888,34559099,34641628,347315597,347820275,349300271,34935679,35112058,35172509,351951741,35235798,35261530,352947624,354002820,354471836,355294709,35541249,355708717,356825060,35727881,35757323,35773039,357839393,357889097,358855692,35909599,35982046,36072264
36117822,361283407,361329018,36141681,36240413,364217289,364488011,36600922,36704352,370419168,370536393,371403427,372274189,37338814,37350044,374138602,374209360,37599351,376072494,376408075,377004288,377631599,378376122,380342573,380399508,38232966,38293759,384507734,38476490,38519315,38624417,38721899,387476018,389702353,389828961,392785641,39332055,393605516,39445023,394581283,39538010,395639817,39615521,399190783,39930294,39956893,399664048,400135689,401526310,40255499,402966623,403861895,404241645,40487128,405357311,40572559,406521584,407249061,407371790,407427171,409503871,410284456,410409666,411111930,41206681,41259253,41468683,41543737,416400023,416963802,416983726,41741187,417502648,418812740,41889498,420850311,423191600,42434332,42562446,429373091,431429137,431765325,43192807,43283406,434276960,435525090,43713480,43736146,43761917,44084633,443449421,44415931,44473103,44527648,44686312,447685129,44969546,44970351,452638864,454333117
45564482,45713517,457745623,46116615,46527223,46973152,470393000,471311185,472621305,472623389,47290876,474372237,47487860,476634454,47711578,47779423,481668136,481792176,48410093,485318481,486973088,487393551,487763809,48785884,490444549,492760936,49636886,497511041,500328872,50055701,502531529,50323173,503884977,50393960,504752691,508086493,50826280,50896539,51446354,516898909,51810053,5225991,52471854,52529345,52544275,525821517,52613032,52847728,531470706,531525569,53269717,532857218,53338746,53643297,537293483,5392522,54046888,54089814,541678507,54211178,54605354,54795290,54930650,55036467,551224414,552326182,553883254,55460477,555393138,555532681,557995842,558797310,561335143,562342748,564159387,56518880,56557940,567421381,568247551,56994938,57084769,57107167,573028287,574602890,574726427,580248887,585937668,58598187,586189030,58809331,590041928,59127681,59199168,5920532,59325073,59632108,59889953,602317143,602993818,6054912
60829420,60865434,61355746,613617394,61592079,6211972,623581581,62591681,62675886,629876182,630821556,63172203,632009078,63253045,63485337,63620540,65773523,657863,67582940,67795085,67982898,688583,69367470,69382909,6954,69751644,70038386,701143754,70122463,703655227,709969940,7144422,714591458,71873943,7212562,723274946,72402972,72459514,733196418,733950307,73406718,73970649,740216334,740645960,74565224,74594552,74669397,74791999,74878414,749952350,750616585,750649710,75641903,76348185,770120310,771997250,772471,77504008,776968879,77725938,78194111,78687173,78784175,79045500,7915762,79327591,79536438,795701316,79601914,79704961,79997653,80094297,80195741,80273245,80480330,80655102,80706281,80765443,809760,8115852,81216996,8223872,84094372,84249568,851970680,853785288,85890834,86391789,86419266,86422542,87070315,880193708,88287364,88484351,89014429,898124258,908626872,910828603,91597917,917728100
926114798,927285830,948825632,95224794,95233955,95465386,956651996,9636292,96483973,96829836,97082147,971277218,972237978,99416519,99564302,1000262514,1012640989,1047199152,105654296,105867316,106837463,1069809932,107512859,108538006,1087492124,109285030,110415837,110827653,111164497,111186425,1120030208,112289040,112457675,1134954301,11522502,116710152,117796517,11912362,1195683247,1216071200,1216939800,122482029,123417458,123945193,124372457,12480582,125492611,12611642,126881128,128473630,128990079,129106891,129280923,130681675,131102007,1319755279,1319921,1339835893,1344951,136361303,137862496,13929092,139487362,1396161031,14216203,14222536,142977623,143014330,1432138212,1433628480,14372486,144380789,14681605,14722311,14790966,14800270,148760908,14885860,14925700,149655776,15147397,15220473,15227791,1526210150,15419652,15429316,15439395,15446126,155705264,157601911,158014897,15888142,15893379,16012783,160248930,16098642,1611802051,1624984470,162589166,16264006
163559269,16440762,1654295700,16548023,165511377,16727535,167989418,168552582,1686544976,168841922,169243528,16926413,169537164,169719009,1697205673,17088779,17093617,17316367,173727516,174562724,175605389,17878322,17975518,18009781,18253340,18393773,18470958,18704659,187875141,18888713,190447875,19122675,1915534530,19272244,19299909,1938585510,19548850,19575977,1960283150,19604744,19636948,1963823209,19697415,197034645,197224205,19877692,19879313,198830228,19942991,20012204,20124555,20255162,203021499,20447903,204832963,205302299,20536157,206052014,20711389,207923746,209169572,20957562,2097571,20998647,211722410,21349535,21502768,21661279,21879024,219703427,22216725,224223563,224489924,22502646,225394044,22592948,228822613,22900332,23027648,231983737,232376381,23255082,23280648,233205224,23360024,236579188,236738600,237147973,24264112,24278900,24282101,24286351,243905514,246801943,246941642,24712054,24742957,247463533,24775528,24830678
248407202,248900032,24967668,250083780,25073877,251706984,25207524,254189974,254218516,255747911,256380390,25701098,25726723,26191008,262359713,262869742,269661382,27022925,27406401,27457788,27592116,27711685,278328390,28054681,28061932,28135839,28153561,282168818,283096161,284257244,28442098,285170759,28644174,28785486,287858728,2890961,295004759,29547045,29655522,298250825,300550740,30205586,30313925,30503160,307478701,309701588,31044097,310687757,3108351,315622616,317370751,32482524,325867599,32981735,332242649,33329113,334232372,336116660,338727056,33884545,33990291,340230457,340600971,34128235,341658039,34192959,344591424,345808170,349540312,34993020,353060311,35406348,357410224,362189733,363972381,36483808,36987043,372922600,37367041,380294247,380369476,381496644,38259087,38323841,38536306,38907408,392938608,393145048,39601084,396086694,396221712,396762175,39689218,39932652,40105401,401681146,405056781,407261533,407397848,40768837
40927173,409486555,41073372,411859932,412609955,41441059,421195810,429385529,43155239,43158428,43698856,43732428,450431217,452678207,456760820,464139666,46832898,46957344,473469791,477583514,48100887,481533112,48761924,488242107,4970411,49712658,498961017,500704345,506154955,51171395,512613427,518261335,52939106,531524384,543088386,548850667,551532811,554633755,55594930,56443153,56813879,573459961,575492930,57578518,582893544,583083694,58309829,58545637,586200974,58748818,58834557,602326074,602884368,60818204,610825704,612320117,612792060,616607375,62432717,625353550,6273552,64571585,65289126,65477401,66714703,66981416,67197351,70305562,70824053,71023061,71091859,71174380,71297990,729812168,737944310,739707894,742143,7428362,74580436,74712538,750773413,750814080,75544059,75661935,76321771,790080344,79797834,816653,82505810,82721258,82726142,831484062,85194698,862551800,866618072,872374136,89423854,8943,90021519,90191817
91441874,91478624,925543514,94371922,956730660,96821645,96851347,96915603,97172382,97322725,978822876,98199951,983709194,101348208,103465418,1041346340,109970442,1120654448,112508240,1152279248,115772421,1183041,120943272,121174507,122429429,12319862,124335068,12513472,126198709,126990459,128956175,130119099,138909476,141341662,1414721006,14166346,142438794,1424700757,14353392,14399483,144463187,14498713,14506253,145499533,14629315,14663955,14994465,15012486,15057943,15112249,15134782,15140173,15166316,15279429,1546823898,154982943,1557315432,15687962,156976654,158414847,1598644159,16212685,164039959,16632858,17019152,1715051,173210133,17344075,17350250,173655563,17503591,17663756,17883546,17925031,18064372,18479513,18625669,19081309,191717056,19554706,19867571,20003448,20015311,20120877,202495093,20265254,202938709,20427275,20793816,20985527,209994211,211665762,21254264,21433995,21532770,21556071,21586418,21681809,21705931,21910850
21955058,22085184,2238552619,2238576858,22461427,225539878,227121370,23019705,234092838,237634998,237670274,237870401,239085326,23967578,24285686,24291858,245992215,24606439,24741517,24859104,24906723,25087685,25100180,25398075,255168531,25537064,256881576,26027481,263292498,265554862,26588937,26628211,267921808,268714081,269491046,270106571,274810287,27500565,27725199,27760317,27825390,279321785,280187951,280582344,28165335,28474662,285282053,28683184,291438698,29307032,29537319,29842036,29844055,309911897,312230865,31355401,315919021,31652181,318877787,321108172,321723901,32453930,325867787,326622252,32765534,33694840,340418936,342165503,342954844,34739186,358506847,36008570,36575862,373101137,37710752,379408088,381090926,38127255,383044849,389557472,39325978,399444662,401512836,401534703,414323219,422400099,424674479,426913973,43018238,43042353,433429172,44039298,44207541,462156189,467048692,468839897,469517478,470937613,472532307,475212144
487736815,49573859,51742969,521436282,534362261,535789798,5380672,542965434,54360288,544517731,545443555,54682125,552025874,552121630,554818467,555548903,557455977,5577902,563861783,572788183,580097412,58693822,587748025,596102203,5988062,6249572,62760327,62902439,62988756,63677189,64005334,67719573,69080331,69373980,700374013,701267743,71876190,750840786,75149543,760928006,788110982,790201489,830037668,84041774,87781747,88749392,89003506,90774609,94222559,94700129,97566975,99581734,100425564,102862303,103550181,10810102,11026952,1107613844,11348282,124003770,127431090,1274492916,130991061,133946961,1367531,137260976,139930250,1400837108,141052723,1416289596,142371311,142836170,14293310,143257853,14511951,14677919,14749606,14780915,149760844,15097566,15099384,151058150,1530122682,155659213,156132825,160694892,165552004,16560657,16579345,16638685,16966162,169740780,170157266,170424259,17169320,17581754,17587207,17692330,177345928,17936793
180463340,18395177,184647530,185314895,1869775525,18713254,19175963,198975780,20416406,205915163,20851642,210938747,21305757,214791922,215537170,217638175,22030851,221452291,222840724,22562425,226690054,22677790,22736017,23148645,23298808,23620920,23702397,241382835,249527815,250084070,25110374,25421094,25638291,262227579,264107729,26892157,27042513,274119641,279319647,28380724,28471026,286254876,29166305,29910549,29952857,30495613,313525912,31353077,320017475,335534204,335578188,337509625,34312352,343132137,372891057,37457377,37836873,379510310,384381323,386788466,391037985,402257289,403246803,405210383,40892016,41036429,41229669,41265813,43815496,439125710,45900567,46452468,46475424,467047990,492675987,509335531,50944503,521593942,53732896,537616079,53853197,5402612,54951973,552147406,553905461,556303732,562381032,56845731,586167941,586881665,601298466,66339576,68210284,724223456,739784130,74825607,7563792,75916180,7831092,80096621
80700514,814429939,83265346,84358766,89593711,9570452,9695312,1016021178,10671602,109660695,1098364164,116325068,1198988510,123903376,124818259,127245578,1308829592,131962317,1372975219,137478201,14094741,142157505,146960199,150846769,153694176,15515919,15651878,16331010,16589495,166270127,17216468,18159470,185739738,18588279,18760392,19330043,19571299,19602869,19882775,199999865,20196258,20545055,206735576,21148293,21247989,213455679,21414413,21622407,216444984,22027186,22548403,23737582,23795109,23976386,24560836,247089649,24886570,252088905,25589776,256409561,264498030,266336410,268479992,276023215,27711339,28331519,28897926,291277295,29611918,29840295,29860364,31312972,31641658,320297405,32122637,32128600,321970500,32309773,34430522,349719397,35206553,359332435,370425922,403245020,403255314,40918816,498177610,502135911,50811932,51404605,520140180,5520952,56481539,567666620,56773228,5695632,57034964,62290422,67418441,68838777
732069193,73402979,74178227,75821706,76997832,783214,798234950,81001513,813806850,834316544,843112550,891826837,89503894,92367751,972651,98288395,109303622,1105455990,13058232,130684475,132389474,1330457336,14791251,154280902,15666380,15830716,16143507,16312576,16573941,16824090,16827333,17087270,18157057,181572333,18825961,188647212,19426551,19679461,196795202,19679611,20609518,20620967,21278412,21425125,219807531,22412376,22544911,22747276,23228600,23482952,244321682,24852465,253322962,254433349,262454289,26516984,268941928,27678749,281766200,28669612,289076761,31080039,32985158,332638587,34738598,35364809,38802447,40076725,413487212,43214455,436292177,44215023,45453237,458590241,46186400,465858891,47786101,48177728,486955518,487965981,488751763,488908367,50184013,523723448,55728361,56854084,57097104,586671909,64019328,66618379,75206471,75974281,79688612,807095,84353161,87284779,978908012,104288093,109713729,111690277
1263465577,136627335,15224867,15265990,153470677,15693493,16302242,17861062,18055737,18228898,18653699,18734884,19248106,19691643,19725644,20291704,20346956,21323673,22084427,22256645,23613479,23648057,238923113,24621955,252863309,258951612,26053643,275442883,30104231,30686649,310072711,31927467,345811633,35528272,36686415,384953260,393488321,40511475,40519997,405728790,42384760,43003845,437030761,443215941,466645191,468869719,479809444,49717874,52551600,53297035,56405314,570553263,572225652,62513246,63056402,69491538,74231747,76873978,79650494,12925072,1305995330,144130505,14824849,16679529,17351972,17560096,18091925,18378446,18676369,19329393,19637934,19743731,20978103,219049532,23997019,257799442,25970331,262794965,27778893,28895421,30782495,338084918,35348026,366999215,375383001,436411543,44409004,462495192,48672487,492399548,51263592,53153263,561684253,58233603,73443014,77888423,85603854,90086871,91390383,149590738
15460081,155620016,16812787,18091904,18948541,19923144,21219827,23544596,23832022,26755061,28665877,2883841,407744392,409863961,415859364,42519612,44312605,500042487,50037051,50374439,51241574,528887431,534026234,555928038,58166411,59264441,6017542,65184105,6539592,133880286,14075928,1582853809,16193578,19555067,21475090,24275419,24929621,250831586,3004231,355307031,386244525,43139414,487843424,49110693,524657792,62581962,65992743,73992972,759251,101928415,117778179,125786481,17074714,18863815,200913899,209708391,23561980,23690344,24807616,256986185,259379883,30309979,30364057,35094637,428333,434545375,46769281,14622632,18220175,20565284,304185486,386189099,407977463,549510165,90246174,93167589,97225858,104249727,147305691,16303106,17461978,17696167,18222378,185487499,19018401,19058681,19279990,19562228,256573865,268439864,278778939,31239408,33597201,34097876,355743494,40981798,56783491,568825492,6480682,84279963
91408245,93935921,191737201,19397785,22179997,243287822,30973,33995409,61484151,158314798,255388236,289987799,29756339,105119490,115485051,132774626,16190898,176566242,27989078,40908929,453510918,61003804,149726145,21506437,243442402,28706024,45266183,50515656,57838735,85452649,1059194370,17790274,181561712,22940219,233430873,2557521,26090319,536649400,59949396,6427882,66561957,90420314,14920785,19877186,2367911,35936474,95515846,126400767,15485441,166739404,184910040,20567939,24966423,160817572,17929027,612009655,100220864,166747718,19028953,22733444,94360081,10228272,16409683,66699013,130734452,14230524,23083404,17915334,23065354,26257166,58528137,25521487,26565946,352145373,355741893,236699098,813286,119509520,23375688,28638191,169686021,23617610,34507480,23151437,21111883,35787166,157140968,21447363,32959253,116362700,95023423,20322929,27260086,180505807,79293791,17919972,25365536,15846407,27195114,268414482
